"district","hour","educmen1","educmen2","educmen3","educmen4"
"001","4am",0,22.26947,24.48114,53.2493951
"002","4am",0,17.28631,39.52656,43.1871302
"003","4am",5.479486,23.54135,34.69066,36.288499
"004","4am",6.774507,37.25562,30.9413,25.0285683
"005","4am",3.130518,25.97919,31.47529,39.4149918
"006","4am",10.189059,20.42645,28.64281,40.7416861
"007","4am",0,19.47533,32.99367,47.5310034
"008","4am",11.307551,28.0533,29.46172,31.1774212
"009","4am",4.16808,30.82761,29.70178,35.3025287
"010","4am",2.197646,38.67066,33.56793,25.5637686
"011","4am",2.860569,62.91873,25.46499,8.7557146
"012","4am",9.723015,46.57278,27.44795,16.2562555
"013","4am",10.544258,44.72695,26.43722,18.2915678
"014","4am",7.219389,41.67762,28.17313,22.9298568
"015","4am",3.366798,35.81048,35.12979,25.692929
"016","4am",6.442306,31.91456,33.61993,28.0232024
"017","4am",6.001217,39.44264,20.02323,34.5329091
"018","4am",22.257849,40.83083,21.33237,15.5789482
"019","4am",16.513684,42.1159,31.2654,10.1050204
"020","4am",45.945599,39.15675,13.94327,0.9543813
"021","4am",10.969453,30.49483,38.7643,19.7714207
"022","4am",8.355475,38.93324,18.34109,34.3701927
"023","4am",6.166344,26.2643,36.80307,30.7662816
"024","4am",16.927213,60.65415,12.29021,10.1284194
"025","4am",0,24.36393,21.96148,53.6745979
"026","4am",4.939561,20.44771,22.36425,52.2484784
"027","4am",1.305127,49.43376,24.2983,24.9628078
"028","4am",2.659704,29.66612,41.20515,26.4690251
"029","4am",5.255204,40.94732,35.39172,18.405753
"030","4am",3.28368,29.83779,36.08553,30.7930011
"031","4am",18.17969,42.15899,28.52615,11.1351763
"032","4am",3.133716,40.47903,36.55693,19.8303221
"033","4am",4.648385,50.6461,27.1013,17.6042178
"034","4am",6.861886,34.97105,38.10106,20.066009
"035","4am",1.711667,49.62878,25.01023,23.6493185
"036","4am",4.787616,35.6636,38.54898,20.9998006
"037","4am",5.338865,44.21878,32.14443,18.2979267
"038","4am",8.036967,34.38792,37.30061,20.274503
"039","4am",1.751496,29.6145,46.07674,22.5572628
"040","4am",6.411429,28.5385,32.15979,32.8902811
"041","4am",5.920668,40.76222,27.11329,26.2038314
"042","4am",6.110403,37.76447,35.91056,20.2145711
"043","4am",20.569914,31.40148,31.12649,16.902114
"044","4am",11.280064,51.19806,28.22713,9.2947486
"045","4am",1.850635,62.76751,21.38298,13.9988731
"046","4am",3.911265,53.89326,25.71266,16.4828082
"047","4am",6.69101,41.03535,39.34233,12.9313089
"048","4am",13.87456,39.7139,31.25074,15.160797
"049","4am",4.078918,47.2082,30.43948,18.2734056
"050","4am",7.633917,46.32174,34.3016,11.742746
"051","4am",9.406065,43.448,26.22682,20.9191165
"052","4am",6.88486,35.57517,28.4763,29.0636716
"053","4am",14.702038,38.79247,25.94372,20.5617766
"054","4am",8.604957,52.72463,27.77106,10.8993581
"055","4am",7.103548,45.71711,34.43071,12.7486335
"056","4am",9.454849,44.07063,36.83089,9.6436366
"057","4am",2.237983,30.85294,36.87827,30.0308015
"058","4am",9.378842,66.02225,15.00212,9.596783
"059","4am",12.116284,58.84913,21.61389,7.4207026
"060","4am",23.969731,43.61996,29.98334,2.4269728
"061","4am",10.751868,51.39156,26.78268,11.0738904
"062","4am",1.833567,50.71245,24.75478,22.6991976
"063","4am",4.135901,43.10632,34.54822,18.2095585
"064","4am",5.56443,48.53656,29.73929,16.1597219
"065","4am",14.878628,47.44709,25.97743,11.6968538
"066","4am",5.811477,50.0075,22.71698,21.4640487
"067","4am",11.10361,48.71341,29.162,11.0209786
"068","4am",8.796172,51.17964,34.7224,5.3017934
"069","4am",8.942285,46.68232,31.37743,12.9979635
"070","4am",10.599654,45.82442,35.13022,8.4457066
"071","4am",16.693922,66.33705,14.34806,2.6209636
"072","4am",15.883778,58.56026,18.45072,7.1052378
"073","4am",9.178019,54.87396,18.05337,17.8946606
"074","4am",13.761622,56.29574,19.38226,10.5603708
"075","4am",13.906646,59.14223,18.21337,8.7377504
"076","4am",22.040029,58.2366,15.21597,4.5074097
"077","4am",15.595997,27.74976,41.10942,15.5448172
"078","4am",16.247653,37.12989,30.52561,16.0968451
"079","4am",16.285536,44.48375,24.84048,14.390228
"080","4am",22.310085,31.87014,27.54005,18.2797326
"001","5am",0,23.79743,24.30453,51.8980389
"002","5am",0,17.05588,40.33268,42.6114384
"003","5am",5.386733,23.63844,34.46078,36.5140495
"004","5am",6.814946,37.47801,31.126,24.5810385
"005","5am",3.130518,25.97919,31.47529,39.4149918
"006","5am",10.189059,20.42645,28.64281,40.7416861
"007","5am",0,19.77989,32.86888,47.3512278
"008","5am",11.361119,27.71247,29.6013,31.3251205
"009","5am",3.978877,32.03375,28.35352,35.6338529
"010","5am",2.248326,37.95385,33.64453,26.1532937
"011","5am",2.830655,63.41048,25.09471,8.6641526
"012","5am",9.874316,46.60105,27.01541,16.5092216
"013","5am",10.226283,44.79437,27.23938,17.7399641
"014","5am",7.317462,41.39476,28.04643,23.2413521
"015","5am",3.39804,35.21484,35.45578,25.9313452
"016","5am",6.572065,30.54321,34.29709,28.5876354
"017","5am",6.790861,40.06401,19.85329,33.2918379
"018","5am",22.618434,39.87227,21.67796,15.8313323
"019","5am",16.513684,42.1159,31.2654,10.1050204
"020","5am",47.03589,40.08594,11.90114,0.9770288
"021","5am",10.337238,30.71138,39.03957,19.9118196
"022","5am",8.115683,39.02813,19.47238,33.383811
"023","5am",5.907625,30.18508,34.43187,29.4754305
"024","5am",16.995733,61.9236,12.33996,8.7407057
"025","5am",0,25.312,21.6862,53.0018066
"026","5am",4.939561,20.44771,22.36425,52.2484784
"027","5am",1.328151,51.10107,23.81991,23.7508627
"028","5am",2.669386,28.1855,42.57973,26.5653877
"029","5am",5.121069,40.70951,34.51355,19.655875
"030","5am",3.28368,29.83779,36.08553,30.7930011
"031","5am",17.503159,42.2927,28.91656,11.2875751
"032","5am",4.160644,40.72381,35.40891,19.7066359
"033","5am",4.631652,50.82375,27.00375,17.5408491
"034","5am",6.77699,36.56048,36.84478,19.8177507
"035","5am",1.663645,49.49689,25.85364,22.9858225
"036","5am",4.74309,36.26194,38.19047,20.8044981
"037","5am",5.371244,43.88047,32.33939,18.4089023
"038","5am",7.436384,34.56362,36.84955,21.1504505
"039","5am",1.763169,29.91226,45.61696,22.7076044
"040","5am",6.374135,28.43451,32.49239,32.6989632
"041","5am",5.920668,40.76222,27.11329,26.2038314
"042","5am",6.1818,37.54139,35.82603,20.4507705
"043","5am",20.481057,31.69781,30.99203,16.8291009
"044","5am",11.332993,50.96906,28.35958,9.3383621
"045","5am",1.875562,63.0315,20.90551,14.1874292
"046","5am",3.855943,54.54542,25.34897,16.2496686
"047","5am",6.986931,39.93543,39.57442,13.5032177
"048","5am",13.87456,39.7139,31.25074,15.160797
"049","5am",4.000558,47.6775,29.8547,18.4672332
"050","5am",7.677713,46.58749,33.92469,11.8101138
"051","5am",9.647645,41.99554,26.90042,21.4563929
"052","5am",6.92992,36.32875,27.48744,29.253887
"053","5am",14.702038,38.79247,25.94372,20.5617766
"054","5am",8.701775,52.92255,27.35368,11.0219922
"055","5am",6.62124,45.27994,35.10173,12.9970907
"056","5am",9.598999,43.99745,36.61289,9.7906647
"057","5am",2.210223,29.86901,38.26248,29.6582946
"058","5am",9.604944,65.20313,15.36379,9.8281388
"059","5am",12.380931,57.60364,22.59356,7.4218702
"060","5am",23.476255,45.6403,28.50644,2.3770076
"061","5am",10.910635,51.61953,26.23242,11.2374125
"062","5am",1.838388,50.84581,24.55692,22.7588869
"063","5am",4.247753,41.56768,35.48255,18.7020193
"064","5am",5.56443,48.53656,29.73929,16.1597219
"065","5am",14.297034,47.77127,26.15492,11.7767729
"066","5am",5.811477,50.0075,22.71698,21.4640487
"067","5am",11.43606,48.60535,28.60764,11.3509542
"068","5am",9.027758,51.76877,33.76209,5.4413791
"069","5am",9.237248,47.27089,32.41242,11.0794484
"070","5am",10.333669,47.83641,33.59615,8.2337721
"071","5am",16.992119,65.73575,14.60436,2.6677808
"072","5am",16.209006,56.69451,19.84576,7.250721
"073","5am",10.305965,55.14941,18.2363,16.3083327
"074","5am",12.789638,56.4749,19.89547,10.8399913
"075","5am",13.835005,58.70912,18.76314,8.692737
"076","5am",21.620563,58.54994,15.29784,4.5316619
"077","5am",15.682379,27.34959,41.33712,15.6309159
"078","5am",16.382739,36.60718,30.77941,16.2306771
"079","5am",16.285536,44.48375,24.84048,14.390228
"080","5am",22.654853,32.36264,26.42029,18.5622176
"001","6am",0,24.77983,23.74158,51.478585
"002","6am",0,17.28973,40.20013,42.510137
"003","6am",5.241942,25.86241,33.36307,35.532584
"004","6am",6.917666,37.14157,31.59515,24.34561
"005","6am",3.165471,26.18197,31.07778,39.574776
"006","6am",10.512888,19.19148,30.03934,40.256301
"007","6am",0,19.85194,33.40953,46.73853
"008","6am",11.495148,27.35206,29.95051,31.202285
"009","6am",4.277818,33.85119,27.75815,34.112844
"010","6am",2.291229,37.18524,34.45463,26.068905
"011","6am",2.796075,64.99192,23.65369,8.558309
"012","6am",10.000211,45.92023,27.35985,16.719709
"013","6am",11.441642,46.22382,25.67566,16.658882
"014","6am",7.413487,39.59179,29.44839,23.54634
"015","6am",3.502418,33.9443,35.82541,26.72788
"016","6am",6.341281,32.98224,33.09272,27.583757
"017","6am",6.367908,39.7739,19.67135,34.18684
"018","6am",22.656649,40.38496,21.10031,15.858081
"019","6am",17.685679,42.16601,31.16734,8.980971
"020","6am",47.148848,40.49291,11.33944,1.018802
"021","6am",10.699752,30.76339,38.70911,19.82775
"022","6am",8.425557,38.61271,19.81514,33.146593
"023","6am",5.944033,30.06052,34.3115,29.683945
"024","6am",17.100324,60.82245,12.92332,9.153908
"025","6am",0,25.74159,21.91546,52.342948
"026","6am",5.050623,20.24598,22.07362,52.629776
"027","6am",1.308104,52.11147,23.18805,23.392368
"028","6am",2.579948,30.62795,41.82432,24.967785
"029","6am",5.316147,40.80616,34.05399,19.82371
"030","6am",3.21542,28.64295,37.98875,30.152886
"031","6am",17.404225,42.17073,29.20127,11.223774
"032","6am",3.938279,44.68242,34.22464,17.154665
"033","6am",4.743455,52.56547,26.38137,16.309708
"034","6am",6.823786,36.91273,37.0992,19.164286
"035","6am",1.574169,48.85475,26.19021,23.380867
"036","6am",3.486397,37.90768,37.88964,20.716285
"037","6am",5.58441,45.17751,31.47048,17.767594
"038","6am",7.739229,34.31613,36.64696,21.297679
"039","6am",1.827436,28.61298,47.19567,22.363915
"040","6am",6.380669,29.05986,32.5257,32.03377
"041","6am",6.03515,41.7502,26.57085,25.643807
"042","6am",5.655066,37.45164,36.71951,20.173787
"043","6am",19.372269,33.03404,30.79386,16.799834
"044","6am",11.902379,46.42863,31.86145,9.807535
"045","6am",1.933407,61.89134,21.55026,14.624989
"046","6am",4.043552,52.33384,26.58232,17.04029
"047","6am",7.079789,41.50659,38.78131,12.632316
"048","6am",14.49838,38.27915,31.17266,16.049808
"049","6am",4.17391,47.69131,30.21531,17.919472
"050","6am",7.759593,46.01787,34.28648,11.936064
"051","6am",10.074887,41.22455,27.50813,21.192438
"052","6am",7.491404,35.9412,24.94327,31.624129
"053","6am",15.163026,35.91649,27.9761,20.94439
"054","6am",8.815574,53.61195,27.7114,9.861079
"055","6am",6.941096,45.18745,34.24651,13.624948
"056","6am",9.598999,43.99745,36.61289,9.790665
"057","6am",2.252594,30.19281,38.996,28.558595
"058","6am",9.51552,65.03366,15.71418,9.736637
"059","6am",13.728679,53.89037,24.15116,8.229791
"060","6am",22.965115,46.0656,28.52437,2.444912
"061","6am",11.644833,49.93993,26.42164,11.9936
"062","6am",1.950409,50.84823,24.03226,23.169105
"063","6am",2.414642,41.98268,36.1115,19.491182
"064","6am",6.715965,47.17461,30.02456,16.084863
"065","6am",15.200339,43.59988,28.67893,12.520845
"066","6am",6.20212,49.37249,22.44985,21.975537
"067","6am",11.349095,48.3263,29.05997,11.264636
"068","6am",8.630106,52.02666,34.49761,4.845622
"069","6am",9.598419,47.58839,31.30054,11.512649
"070","6am",10.032327,49.16677,32.61644,8.184463
"071","6am",16.897831,65.95146,14.39936,2.751341
"072","6am",16.28419,55.03323,21.39823,7.284353
"073","6am",9.285848,56.18053,19.51123,15.022392
"074","6am",14.332899,55.16337,19.91548,10.588252
"075","6am",14.460269,58.20411,18.59122,8.744395
"076","6am",23.698598,56.61582,14.71836,4.967217
"077","6am",16.236374,28.62381,38.95672,16.183093
"078","6am",16.941127,36.48254,32.23912,14.337207
"079","6am",16.351432,45.33693,24.941,13.370643
"080","6am",24.091153,29.77062,26.39918,19.739047
"001","7am",2.301942,26.32596,20.8984,50.473693
"002","7am",0,19.02076,46.73489,34.244359
"003","7am",3.693408,29.48666,33.15035,33.669583
"004","7am",6.616913,33.29201,32.00663,28.08445
"005","7am",2.947468,23.22741,31.40304,42.422082
"006","7am",11.231822,22.64827,27.94624,38.173666
"007","7am",0,19.79647,35.0755,45.128025
"008","7am",13.088322,24.57918,33.36281,28.969682
"009","7am",4.120443,30.75201,30.48255,34.644998
"010","7am",2.443689,39.66761,33.24112,24.64758
"011","7am",2.769048,62.71529,26.99978,7.515878
"012","7am",8.829199,47.48404,28.0209,15.66586
"013","7am",13.012722,45.78334,28.16455,13.039385
"014","7am",10.258938,42.37307,26.87601,20.49198
"015","7am",3.509175,31.8624,38.01634,26.612088
"016","7am",7.404539,34.11196,27.83464,30.648859
"017","7am",5.650322,35.25118,25.93727,33.161226
"018","7am",21.680995,41.52392,21.84031,14.95478
"019","7am",13.416968,36.90812,33.43828,16.236627
"020","7am",42.170863,40.6841,16.08612,1.058916
"021","7am",12.108536,34.44068,33.50895,19.941825
"022","7am",7.143959,36.42504,21.98503,34.445972
"023","7am",5.99487,33.54722,33.1576,27.300308
"024","7am",15.040852,62.49184,13.66729,8.800023
"025","7am",3.21594,29.73619,25.2544,41.793469
"026","7am",4.862457,25.69538,24.6625,44.779659
"027","7am",5.573245,48.52676,26.8924,19.007594
"028","7am",5.487826,32.65831,37.528,24.325863
"029","7am",5.675675,42.64284,34.29758,17.383903
"030","7am",3.887736,32.35905,34.08413,29.66909
"031","7am",16.948791,41.24128,31.41654,10.393388
"032","7am",4.590711,43.40549,38.50308,13.500714
"033","7am",4.966315,54.14194,26.29473,14.597017
"034","7am",7.085666,38.22515,35.73711,18.952068
"035","7am",3.209704,52.24436,24.41684,20.129091
"036","7am",3.814076,37.38702,36.56104,22.237858
"037","7am",5.29532,47.75496,29.32807,17.621643
"038","7am",9.124918,33.81908,38.04763,19.008374
"039","7am",2.111522,31.67269,46.13055,20.085236
"040","7am",6.86202,31.00911,32.4944,29.634472
"041","7am",8.668584,41.71436,25.65711,23.959944
"042","7am",6.823837,39.35406,32.17345,21.648651
"043","7am",14.472845,35.27426,33.02997,17.22293
"044","7am",14.670101,45.69323,27.54715,12.089525
"045","7am",3.165188,62.06446,21.12285,13.647505
"046","7am",5.012541,53.03762,28.69553,13.254315
"047","7am",6.679189,42.08144,41.48087,9.758505
"048","7am",14.350109,38.03867,30.52168,17.08954
"049","7am",5.689287,53.00562,22.15957,19.145524
"050","7am",9.085198,46.66898,33.0511,11.194725
"051","7am",8.011722,49.1208,24.23468,18.632801
"052","7am",9.374371,39.32766,22.74526,28.552712
"053","7am",17.722234,43.91575,21.74719,16.614831
"054","7am",10.927115,52.18135,28.68489,8.206644
"055","7am",6.995054,43.19997,40.30371,9.501269
"056","7am",10.368802,45.17822,34.29107,10.161914
"057","7am",2.824215,34.39289,35.39423,27.388659
"058","7am",9.710275,66.25845,16.2527,7.778569
"059","7am",14.665781,56.42956,21.5483,7.356359
"060","7am",19.27107,44.39059,30.8436,5.494743
"061","7am",13.695279,50.00711,25.66021,10.637403
"062","7am",2.432241,49.21495,25.099,23.253813
"063","7am",2.815782,40.84901,36.41669,19.918516
"064","7am",8.028492,45.38244,28.8304,17.758667
"065","7am",13.400877,47.65293,26.83136,12.114831
"066","7am",7.580879,52.06859,17.61798,22.732553
"067","7am",13.984084,53.06092,22.81536,10.139632
"068","7am",10.168892,53.61595,31.11292,5.102228
"069","7am",11.455461,47.23883,28.66519,12.640521
"070","7am",11.241572,50.42734,31.60324,6.727842
"071","7am",17.780168,64.23206,15.09277,2.895004
"072","7am",16.005741,53.84409,22.71737,7.432803
"073","7am",10.528344,52.78788,22.18255,14.501232
"074","7am",15.362246,50.09837,21.54212,12.99727
"075","7am",12.817256,62.34927,15.60896,9.224515
"076","7am",23.479012,55.31603,17.12284,4.082118
"077","7am",19.085999,28.70433,34.96539,17.244288
"078","7am",16.096645,40.43896,29.1109,14.3535
"079","7am",17.701137,44.58822,24.36235,13.348291
"080","7am",25.779386,26.483,27.22742,20.510192
"001","8am",5.607038,24.6884,24.00757,45.697
"002","8am",1.293152,23.74326,43.31626,31.647336
"003","8am",4.83896,32.52118,32.27929,30.360569
"004","8am",7.517752,37.54599,30.64275,24.293504
"005","8am",4.174433,25.83822,30.37313,39.614224
"006","8am",12.826788,25.92114,27.52273,33.729339
"007","8am",0,24.67702,36.90474,38.418244
"008","8am",14.303904,24.99549,36.16015,24.540455
"009","8am",4.30674,30.51823,35.16845,30.006575
"010","8am",2.401172,43.99413,28.10268,25.502015
"011","8am",2.536478,56.79264,28.12732,12.54356
"012","8am",10.093023,50.47784,24.1843,15.244829
"013","8am",8.956942,43.55191,31.70604,15.785112
"014","8am",9.287046,47.51279,25.51428,17.685889
"015","8am",3.981779,38.11166,37.18075,20.725815
"016","8am",10.670618,37.62506,26.78486,24.919462
"017","8am",5.1012,34.9747,26.46842,33.455685
"018","8am",20.510287,41.43442,26.30613,11.749165
"019","8am",11.651256,33.25673,32.98043,22.111589
"020","8am",39.454193,41.62408,15.63273,3.289004
"021","8am",14.592698,40.87342,31.38066,13.153224
"022","8am",3.820649,25.80457,30.53062,39.844167
"023","8am",6.996488,32.93595,33.79801,26.26956
"024","8am",12.032812,61.40999,15.44612,11.111078
"025","8am",6.739445,24.02255,26.75003,42.487976
"026","8am",5.797426,24.98133,26.42849,42.792749
"027","8am",4.079174,35.45413,35.02047,25.446227
"028","8am",5.150085,33.95635,38.54657,22.346986
"029","8am",5.245866,40.22396,30.98492,23.545252
"030","8am",3.781504,39.41333,30.68274,26.122428
"031","8am",17.932352,41.07246,28.3118,12.683392
"032","8am",4.787364,42.66659,40.83918,11.706871
"033","8am",5.736404,61.07945,23.71017,9.473982
"034","8am",4.389587,33.06344,43.05172,19.495249
"035","8am",3.633027,53.4609,26.26487,16.641199
"036","8am",4.548692,38.25871,35.36895,21.823653
"037","8am",5.935216,53.87678,24.92153,15.266473
"038","8am",10.261833,27.4476,35.16759,27.122973
"039","8am",1.804786,34.49087,38.76383,24.940513
"040","8am",7.476252,32.35997,30.14433,30.01945
"041","8am",7.531848,41.12189,28.35841,22.987851
"042","8am",7.729066,41.78297,30.41438,20.073582
"043","8am",13.513849,32.63785,35.35642,18.49188
"044","8am",13.118086,39.91226,26.17953,20.790119
"045","8am",3.993984,68.28534,17.37568,10.344995
"046","8am",6.677595,54.35194,27.53585,11.434605
"047","8am",5.754006,42.53824,42.52178,9.185972
"048","8am",13.38624,39.35178,31.26005,16.001925
"049","8am",6.736286,59.11379,19.60759,14.542337
"050","8am",10.145396,51.23563,29.01293,9.606047
"051","8am",7.296669,53.33617,19.8817,19.485455
"052","8am",10.534605,43.11824,27.42028,18.926876
"053","8am",19.617538,47.61117,20.27623,12.495065
"054","8am",12.360637,51.70585,26.21237,9.721144
"055","8am",7.84595,42.77054,38.18538,11.198135
"056","8am",11.337114,45.5613,31.1474,11.954191
"057","8am",2.968878,39.12137,30.41359,27.496164
"058","8am",11.181047,70.2641,11.08664,7.468209
"059","8am",15.161365,54.5495,25.28403,5.005105
"060","8am",19.324193,47.79818,26.08479,6.792836
"061","8am",16.039621,54.21041,22.30397,7.445996
"062","8am",3.029257,50.15758,29.55245,17.260712
"063","8am",3.59152,42.77306,36.79376,16.841665
"064","8am",10.028756,44.19025,26.99063,18.79036
"065","8am",12.080036,52.47366,25.30097,10.145332
"066","8am",7.977528,55.23858,17.27527,19.508617
"067","8am",16.160048,54.86496,23.83788,5.137117
"068","8am",10.237841,54.7779,29.73034,5.253917
"069","8am",13.3901,50.7708,25.2123,10.626803
"070","8am",12.551612,53.17577,26.77196,7.500653
"071","8am",16.626654,63.03979,16.31885,4.014702
"072","8am",14.678876,54.03817,24.46336,6.819587
"073","8am",10.736933,53.60691,23.49854,12.157623
"074","8am",14.689241,51.71405,19.80317,13.793537
"075","8am",12.43742,59.55727,16.75268,11.25263
"076","8am",24.610526,54.18659,16.81484,4.388047
"077","8am",21.222475,30.71252,30.20689,17.858116
"078","8am",14.441396,39.89778,31.17678,14.484045
"079","8am",18.033943,45.2272,25.2606,11.478258
"080","8am",29.963795,28.2705,26.02906,15.736639
"001","9am",5.396212,25.0674,24.23076,45.30563
"002","9am",1.838779,25.81675,41.24668,31.097799
"003","9am",5.855513,33.96967,33.54683,26.627992
"004","9am",7.238427,35.38771,33.05398,24.319881
"005","9am",3.511467,32.18179,31.83187,32.474877
"006","9am",10.27371,28.14525,23.23998,38.341056
"007","9am",2.251699,27.47068,30.86891,39.408707
"008","9am",13.362823,27.38341,36.78742,22.466354
"009","9am",3.652799,32.34213,36.14691,27.858159
"010","9am",3.946901,44.24703,29.75526,22.050808
"011","9am",2.421793,56.33382,27.21785,14.026535
"012","9am",10.048763,49.62669,26.66662,13.657929
"013","9am",9.973342,46.40548,28.38899,15.232185
"014","9am",7.114323,49.0506,24.70424,19.130843
"015","9am",6.183637,42.80692,32.23237,18.777075
"016","9am",10.0784,33.93522,31.48885,24.497522
"017","9am",9.334747,36.19831,24.3797,30.087242
"018","9am",21.410177,43.68667,23.70009,11.203068
"019","9am",11.442904,34.05032,31.91926,22.587518
"020","9am",39.372045,40.09133,17.08496,3.451666
"021","9am",14.290217,40.58449,32.14015,12.985142
"022","9am",3.347656,27.21261,29.36549,40.074245
"023","9am",8.700645,33.69568,32.84436,24.759316
"024","9am",14.316749,62.46934,11.83947,11.374437
"025","9am",6.335074,24.22241,32.00379,37.438723
"026","9am",5.580684,21.03257,30.4228,42.963954
"027","9am",3.434221,30.82157,37.76968,27.974536
"028","9am",3.406373,35.90206,37.6258,23.065764
"029","9am",5.121898,38.23934,32.97765,23.661116
"030","9am",4.064445,43.37218,28.18493,24.37844
"031","9am",19.075352,40.11444,27.31838,13.491826
"032","9am",4.26379,42.16966,39.52469,14.041862
"033","9am",4.904593,57.67516,25.06689,12.353356
"034","9am",5.131897,34.10929,40.93133,19.827483
"035","9am",3.475818,51.68865,26.85978,17.975751
"036","9am",3.361015,39.06149,34.82691,22.750586
"037","9am",6.300332,51.23785,22.81492,19.646903
"038","9am",10.539848,30.53739,33.40619,25.516565
"039","9am",2.244827,30.84569,36.54951,30.35998
"040","9am",7.64128,32.64941,30.46108,29.248235
"041","9am",5.474322,41.83454,26.68975,26.001389
"042","9am",9.734963,36.51212,35.44089,18.312022
"043","9am",15.119909,32.83054,34.06912,17.98043
"044","9am",13.824217,42.77134,21.63595,21.768494
"045","9am",3.890984,68.52116,18.5236,9.064252
"046","9am",6.568191,54.23185,27.99321,11.206745
"047","9am",4.670113,41.47714,41.79991,12.052839
"048","9am",16.17248,40.07304,33.04722,10.707258
"049","9am",7.359567,59.75243,20.42413,12.463871
"050","9am",12.002908,53.54363,27.1255,7.327955
"051","9am",6.488111,54.42745,19.98562,19.098811
"052","9am",10.508076,43.47691,26.35709,19.657927
"053","9am",18.508662,49.27028,22.15132,10.069739
"054","9am",12.103456,52.86567,26.56707,8.463801
"055","9am",9.754085,44.19364,33.09063,12.961653
"056","9am",9.022304,46.14756,33.61828,11.211854
"057","9am",3.071422,39.46778,28.77028,28.690513
"058","9am",12.708066,70.59612,11.53084,5.164979
"059","9am",14.059902,57.36866,23.01974,5.5517
"060","9am",20.43406,47.1569,26.21867,6.190376
"061","9am",16.568882,53.58646,21.10451,8.740151
"062","9am",3.330216,50.26549,30.81998,15.584312
"063","9am",4.242286,41.88382,36.04286,17.831036
"064","9am",11.374319,48.99033,28.1976,11.437753
"065","9am",10.463923,51.3154,25.36827,12.852402
"066","9am",8.665084,51.47174,20.46606,19.39711
"067","9am",16.822099,55.26333,23.10463,4.809935
"068","9am",11.108098,52.05072,31.49147,5.349709
"069","9am",15.566155,48.7303,22.77536,12.928181
"070","9am",10.778375,55.86201,26.48764,6.87198
"071","9am",17.267488,65.60035,12.88254,4.249627
"072","9am",16.389381,49.60614,26.66265,7.341835
"073","9am",10.869136,54.3499,21.96359,12.817378
"074","9am",16.031122,48.35549,21.13433,14.47905
"075","9am",9.356915,60.29845,19.26498,11.079656
"076","9am",25.391826,53.87765,16.20317,4.527352
"077","9am",22.471354,32.38373,28.88426,16.260658
"078","9am",13.153603,37.76409,32.03607,17.046229
"079","9am",17.902597,47.37163,23.91427,10.811505
"080","9am",28.388257,28.8575,29.73707,13.017178
"001","10am",5.410138,25.95527,26.18927,42.445322
"002","10am",3.566231,23.14709,41.8068,31.479879
"003","10am",6.137761,34.91021,31.72606,27.225969
"004","10am",6.319809,35.80428,33.48992,24.385983
"005","10am",3.475541,29.55366,30.57955,36.391249
"006","10am",8.711437,26.79254,26.25933,38.236696
"007","10am",2.834369,31.50372,34.26219,31.399722
"008","10am",15.59439,28.17854,33.16094,23.066135
"009","10am",3.122324,30.43403,38.05116,28.39248
"010","10am",4.407701,45.26894,25.92079,24.402571
"011","10am",2.984193,56.38557,26.8131,13.817138
"012","10am",9.712168,51.68719,26.79514,11.805504
"013","10am",9.362548,45.35162,29.55012,15.735707
"014","10am",7.321706,47.15875,24.44178,21.077758
"015","10am",5.873473,39.76781,34.10361,20.255106
"016","10am",9.756221,34.91324,32.17543,23.15511
"017","10am",9.894196,39.71741,22.72441,27.66398
"018","10am",21.850301,42.07486,21.9599,14.114939
"019","10am",11.36678,33.978,32.47133,22.183886
"020","10am",42.667745,35.85102,16.78199,4.699246
"021","10am",14.920778,39.26471,33.92065,11.893857
"022","10am",3.52732,29.86995,27.29879,39.303946
"023","10am",8.024349,32.08279,34.85157,25.041291
"024","10am",12.944409,66.14411,12.27576,8.635718
"025","10am",6.276734,25.78647,31.2339,36.702898
"026","10am",4.86212,22.71518,29.00387,43.418827
"027","10am",3.383005,31.41031,37.78679,27.419896
"028","10am",3.219198,38.22477,35.29689,23.25914
"029","10am",2.665687,39.81008,34.15882,23.365409
"030","10am",7.697611,39.57836,29.26434,23.459691
"031","10am",18.484043,40.67269,27.2292,13.61406
"032","10am",4.547539,42.87569,36.8941,15.682669
"033","10am",5.28846,56.66006,26.44259,11.608887
"034","10am",3.856801,32.79732,40.4498,22.896079
"035","10am",4.334302,49.40604,28.34009,17.919567
"036","10am",5.250551,37.50889,37.50266,19.73789
"037","10am",6.052687,54.05288,22.84782,17.046617
"038","10am",11.382864,29.91953,34.41717,24.280435
"039","10am",3.772326,32.82335,34.85593,28.548396
"040","10am",8.21565,31.3791,31.34459,29.060658
"041","10am",5.385556,42.1572,27.74076,24.716488
"042","10am",6.092177,41.53023,32.92665,19.450944
"043","10am",14.524628,34.29843,36.70605,14.470895
"044","10am",12.590597,43.21207,20.47751,23.71982
"045","10am",3.703718,65.40945,19.92345,10.963382
"046","10am",5.565961,58.06291,26.86052,9.510605
"047","10am",4.889843,40.6479,43.37458,11.087675
"048","10am",13.406927,40.15546,33.5674,12.870217
"049","10am",6.482486,60.6263,20.0661,12.825115
"050","10am",12.245564,55.42702,23.5225,8.804915
"051","10am",8.157379,57.18579,20.37327,14.283559
"052","10am",11.125501,41.49439,27.50754,19.872569
"053","10am",20.070024,48.27397,19.27549,12.380523
"054","10am",13.610367,50.25124,28.33558,7.802816
"055","10am",9.499138,52.62391,27.0312,10.845752
"056","10am",9.438486,44.64324,35.28942,10.628858
"057","10am",3.257382,39.57367,31.10868,26.060276
"058","10am",11.106384,67.7298,14.50276,6.66105
"059","10am",13.032348,58.41434,21.9308,6.622507
"060","10am",18.209981,50.52009,23.93556,7.334369
"061","10am",21.395062,51.38957,19.42679,7.788571
"062","10am",2.512377,52.33204,29.64096,15.514632
"063","10am",4.306919,43.50583,32.91452,19.272727
"064","10am",11.815155,49.31139,25.18501,13.688451
"065","10am",11.035366,51.16407,23.04891,14.751655
"066","10am",7.014379,52.5647,20.34761,20.073316
"067","10am",18.024446,57.09761,20.00076,4.877185
"068","10am",10.98103,52.36758,31.36288,5.288512
"069","10am",14.655233,49.83272,22.0959,13.41615
"070","10am",9.251454,54.76884,25.9295,10.050201
"071","10am",16.612626,64.85525,15.06877,3.463346
"072","10am",14.877795,49.41656,28.21393,7.491717
"073","10am",10.654172,55.73669,23.11603,10.493101
"074","10am",15.059251,52.17217,19.36387,13.404703
"075","10am",12.465955,56.84096,19.90695,10.786135
"076","10am",22.227491,55.63108,17.45751,4.683916
"077","10am",24.257375,32.67883,27.68683,15.376966
"078","10am",13.420417,38.51616,32.56145,15.501975
"079","10am",17.063391,47.38291,24.45396,11.099742
"080","10am",26.90308,28.9563,28.65725,15.483376
"001","11am",4.010974,22.68379,27.83743,45.467805
"002","11am",0,31.51665,44.952803,23.530551
"003","11am",3.389157,35.01919,33.883179,27.708475
"004","11am",9.120251,36.82179,29.12054,24.937421
"005","11am",3.148576,34.79332,28.822384,33.235724
"006","11am",9.626603,31.67598,25.540496,33.15692
"007","11am",2.560495,30.15374,35.153002,32.132766
"008","11am",10.740811,29.75787,34.556062,24.945257
"009","11am",3.777823,28.90795,36.943355,30.370869
"010","11am",3.866818,40.94926,30.306893,24.877028
"011","11am",4.287239,55.72364,28.537203,11.451919
"012","11am",8.933773,51.87995,27.309441,11.876835
"013","11am",9.398624,42.49592,29.944465,18.160994
"014","11am",10.04149,49.36616,23.984189,16.60816
"015","11am",3.740313,42.00849,37.451449,16.799746
"016","11am",10.672879,33.90353,28.51027,26.913325
"017","11am",8.386087,36.45993,21.376109,33.777872
"018","11am",24.703274,40.88171,21.735313,12.679702
"019","11am",7.636236,34.14088,33.686288,24.536596
"020","11am",42.560227,35.47488,16.886085,5.078808
"021","11am",12.48785,37.71105,40.089564,9.711537
"022","11am",3.780425,30.71834,28.204025,37.297215
"023","11am",9.592732,31.78982,33.476375,25.141075
"024","11am",12.50699,69.61061,9.180261,8.70214
"025","11am",6.085442,22.87594,29.287754,41.750859
"026","11am",5.05343,26.28982,24.760876,43.895876
"027","11am",4.316857,31.67212,35.867762,28.14326
"028","11am",3.094319,34.57956,38.431891,23.894231
"029","11am",3.848822,38.07364,31.73893,26.33861
"030","11am",5.219747,43.48803,27.715294,23.576931
"031","11am",18.253557,43.10235,25.999405,12.644684
"032","11am",4.479601,42.99542,37.147695,15.377284
"033","11am",5.539424,56.1093,28.292667,10.058613
"034","11am",3.698412,32.59195,38.457107,25.252528
"035","11am",3.868192,47.6533,30.757886,17.720622
"036","11am",3.562437,37.65529,37.253421,21.528851
"037","11am",5.843813,55.34856,21.704483,17.103147
"038","11am",9.657122,29.53217,37.396959,23.413746
"039","11am",2.28395,32.94883,33.115821,31.651399
"040","11am",7.327616,29.70459,32.265392,30.702404
"041","11am",6.007349,42.55491,26.72672,24.711021
"042","11am",7.257022,39.37194,31.802381,21.568658
"043","11am",13.900473,32.25612,36.34723,17.49618
"044","11am",11.408702,40.60323,25.582007,22.40606
"045","11am",3.76032,65.76946,20.783329,9.68689
"046","11am",6.255151,57.97089,25.759067,10.014894
"047","11am",5.41627,42.65263,41.102095,10.829002
"048","11am",13.254973,40.99843,34.272218,11.474378
"049","11am",6.024263,57.72446,22.929325,13.321955
"050","11am",11.081339,56.49976,23.588162,8.830741
"051","11am",7.952896,55.30123,20.889682,15.856192
"052","11am",11.410388,45.65566,26.1503,16.783648
"053","11am",18.404831,47.90838,20.801047,12.88574
"054","11am",12.767715,50.75315,28.282735,8.196402
"055","11am",11.542325,47.37481,28.648653,12.434211
"056","11am",11.147313,42.08083,36.495644,10.276212
"057","11am",3.005281,38.57202,36.564797,21.857898
"058","11am",11.539488,70.66203,11.684044,6.114441
"059","11am",14.205315,57.62571,23.066513,5.102467
"060","11am",18.816876,49.7478,23.877048,7.558275
"061","11am",20.178186,49.2451,23.491845,7.084869
"062","11am",2.331019,56.65839,27.501302,13.509291
"063","11am",3.917,43.37177,33.279195,19.432033
"064","11am",11.439006,48.56011,24.649328,15.351556
"065","11am",12.266505,50.58377,23.20889,13.940836
"066","11am",6.624536,48.09326,21.101419,24.180783
"067","11am",19.115275,55.4867,20.225678,5.172349
"068","11am",11.473676,52.45074,30.870159,5.205428
"069","11am",15.717672,53.23398,19.878133,11.170217
"070","11am",10.604572,57.54674,22.944066,8.904617
"071","11am",16.211598,64.60128,16.835997,2.351126
"072","11am",15.001823,50.87256,26.6913,7.434321
"073","11am",11.183605,52.32691,24.441138,12.048347
"074","11am",13.073733,55.73629,18.473389,12.716587
"075","11am",12.68833,56.10656,19.945101,11.260008
"076","11am",21.587869,55.83859,17.793309,4.780228
"077","11am",22.453698,32.29034,29.774456,15.481505
"078","11am",13.100749,38.29371,33.3362,15.26934
"079","11am",18.959337,43.62439,25.991355,11.424913
"080","11am",27.447415,28.24479,28.511137,15.796654
"001","12am",2.4094083,20.24812,29.88187,47.460603
"002","12am",1.1837172,33.35417,40.5061,24.956012
"003","12am",3.5393446,36.58639,33.12846,26.745811
"004","12am",7.2578434,35.29571,32.60225,24.84419
"005","12am",3.2457776,28.47056,35.46074,32.822921
"006","12am",9.3085608,28.07956,26.91829,35.693585
"007","12am",2.1726458,30.99863,34.89917,31.929554
"008","12am",11.8162273,26.27716,36.88935,25.017267
"009","12am",3.4237961,30.52108,34.33646,31.718658
"010","12am",4.3289532,44.72493,33.62629,17.319821
"011","12am",3.5366441,55.25362,30.66427,10.545462
"012","12am",9.0472062,51.47494,24.57221,14.905642
"013","12am",9.7458387,47.17279,26.02076,17.060611
"014","12am",10.4213044,43.4129,26.39361,19.772185
"015","12am",3.3778578,44.69433,34.58501,17.342799
"016","12am",10.0500398,33.53732,28.17409,28.238557
"017","12am",9.8492388,34.53607,22.31271,33.301985
"018","12am",22.8365779,44.5155,20.59923,12.048686
"019","12am",11.8082282,28.06366,36.88264,23.24548
"020","12am",38.4392918,39.77651,17.81256,3.971635
"021","12am",11.536635,38.34987,34.68641,15.42709
"022","12am",3.5185512,32.05837,24.68168,39.741404
"023","12am",10.0875944,31.40898,33.1738,25.329632
"024","12am",13.605842,63.86095,11.2285,11.304713
"025","12am",5.0890905,24.43062,26.16386,44.316433
"026","12am",6.7249367,20.88186,23.87637,48.51684
"027","12am",4.7428748,34.8468,35.92381,24.48651
"028","12am",1.3681276,34.01998,41.00386,23.608038
"029","12am",5.508948,38.41794,31.8451,24.228014
"030","12am",3.9856606,36.02548,31.23553,28.753328
"031","12am",21.1166535,42.73201,26.66821,9.483121
"032","12am",3.4798435,42.9288,38.12925,15.462115
"033","12am",4.1583071,54.46669,28.99656,12.378447
"034","12am",4.7650333,31.93154,37.96825,25.335173
"035","12am",5.9241276,47.36776,29.152,17.556108
"036","12am",3.1786207,41.69776,37.56733,17.556296
"037","12am",3.6327006,50.39766,26.10078,19.868856
"038","12am",8.9763395,32.75979,34.36968,23.894192
"039","12am",0.6089426,39.41609,40.3622,19.612773
"040","12am",8.2715735,27.66877,31.10308,32.956569
"041","12am",7.6869678,40.75455,26.07735,25.481136
"042","12am",6.8269458,38.56128,30.72244,23.889329
"043","12am",13.5295416,34.62317,35.68665,16.160635
"044","12am",11.228633,40.4243,29.60513,18.741934
"045","12am",3.7866306,67.13893,20.64015,8.434287
"046","12am",5.1478054,61.08627,23.79215,9.973771
"047","12am",7.7506163,38.9972,42.77224,10.479943
"048","12am",12.5863137,47.32816,29.71122,10.374309
"049","12am",4.3486329,57.22061,25.96658,12.464177
"050","12am",11.0542711,51.99246,25.4158,11.537475
"051","12am",14.6564504,52.10232,18.4972,14.744023
"052","12am",9.7586914,42.23152,27.25892,20.750873
"053","12am",19.7568726,50.97752,19.78302,9.482587
"054","12am",11.4781078,48.92836,29.50661,10.086924
"055","12am",10.2141441,48.68146,27.44146,13.662943
"056","12am",10.4796001,44.23448,33.56284,11.723084
"057","12am",2.7885318,34.6051,36.24283,26.363537
"058","12am",12.8355076,70.21492,11.90774,5.041826
"059","12am",13.3576578,55.34309,26.44086,4.85839
"060","12am",20.6679317,48.16189,24.47694,6.693244
"061","12am",19.0454268,50.58187,23.44748,6.925225
"062","12am",2.866216,57.0678,27.78222,12.283767
"063","12am",3.6162737,46.99162,30.55735,18.834759
"064","12am",10.1229064,51.55682,23.85103,14.469249
"065","12am",11.8868333,52.47358,24.38996,11.249624
"066","12am",6.3682919,46.17945,21.55147,25.900789
"067","12am",15.9212895,54.52244,22.69807,6.858201
"068","12am",11.0975813,52.19992,31.08734,5.615151
"069","12am",15.8700264,55.35289,17.93625,10.840829
"070","12am",10.4545294,55.4064,27.2972,6.841869
"071","12am",15.3152232,65.51281,15.41306,3.758904
"072","12am",14.5873259,53.36643,25.70018,6.346064
"073","12am",9.2730916,56.9926,19.07422,14.660086
"074","12am",14.8853486,53.0531,20.80413,11.257415
"075","12am",15.1375161,54.18192,19.57361,11.106957
"076","12am",24.7714169,57.84431,13.00553,4.378745
"077","12am",21.3425362,31.90383,29.43277,17.320869
"078","12am",13.4635669,37.65374,31.55366,17.329028
"079","12am",19.6089247,43.67352,25.63918,11.078375
"080","12am",25.7283809,29.33455,30.21069,14.726376
"001","1pm",3.897776,22.08663,27.79521,46.220381
"002","1pm",0,30.78475,40.67059,28.544655
"003","1pm",5.734473,34.47742,34.18728,25.600823
"004","1pm",6.067073,34.97192,34.17079,24.790215
"005","1pm",4.327855,26.31716,32.6944,36.660582
"006","1pm",9.972794,31.84269,22.66399,35.520531
"007","1pm",2.246527,30.08807,35.79,31.875401
"008","1pm",10.557318,28.90355,38.37601,22.163119
"009","1pm",4.334793,30.56632,35.91801,29.18088
"010","1pm",4.71146,48.30548,31.42072,15.562343
"011","1pm",3.193189,55.79968,28.19769,12.809449
"012","1pm",10.93156,52.71727,22.78962,13.561557
"013","1pm",9.350746,44.10884,26.67394,19.866473
"014","1pm",11.283486,47.1113,23.59008,18.015136
"015","1pm",3.554838,44.27445,37.41192,14.758794
"016","1pm",10.078186,35.77881,28.25299,25.890009
"017","1pm",4.579109,35.40831,24.98814,35.024438
"018","1pm",18.811088,40.83495,26.86811,13.485852
"019","1pm",11.963415,32.90385,33.51767,21.615065
"020","1pm",38.302637,36.35846,20.41867,4.920231
"021","1pm",13.346168,38.82608,30.36645,17.461302
"022","1pm",3.800329,33.47953,22.6357,40.084436
"023","1pm",10.00988,29.42214,31.53834,29.029643
"024","1pm",13.595517,61.46385,14.78804,10.152597
"025","1pm",6.370281,23.63177,28.98409,41.013854
"026","1pm",6.333392,20.82682,28.19468,44.645103
"027","1pm",2.578302,30.72352,38.58941,28.108772
"028","1pm",3.384637,39.36211,35.96936,21.28389
"029","1pm",5.430146,36.53633,33.72852,24.304997
"030","1pm",6.696424,37.33773,31.99971,23.966145
"031","1pm",19.490255,41.43612,25.74066,13.332962
"032","1pm",5.748446,41.18001,38.06775,15.003794
"033","1pm",4.768353,52.0609,29.88302,13.28773
"034","1pm",4.555841,29.05589,42.73269,23.655577
"035","1pm",4.272618,48.75803,29.6195,17.349847
"036","1pm",3.460793,42.43174,36.94559,17.161878
"037","1pm",3.687936,56.00531,22.52585,17.7809
"038","1pm",10.966786,38.40103,30.31991,20.312276
"039","1pm",2.243298,36.47406,32.93561,28.347031
"040","1pm",8.365704,27.39438,32.79505,31.444869
"041","1pm",8.147962,39.26923,23.8563,28.726515
"042","1pm",6.595123,38.53803,30.19533,24.671515
"043","1pm",10.758147,33.51038,38.00426,17.727214
"044","1pm",9.805568,45.6377,25.27502,19.281715
"045","1pm",3.635685,66.40997,21.20701,8.747329
"046","1pm",6.548376,59.72024,24.50888,9.222502
"047","1pm",7.12433,38.09258,43.80938,10.973707
"048","1pm",12.689614,46.86121,33.79837,6.650806
"049","1pm",5.166833,63.10661,18.5305,13.196053
"050","1pm",12.397802,53.52124,24.14996,9.931
"051","1pm",11.270771,56.38752,18.75118,13.590534
"052","1pm",10.201588,46.00526,26.96049,16.832667
"053","1pm",20.471986,51.84639,18.99434,8.687278
"054","1pm",10.695229,49.43784,28.6777,11.189229
"055","1pm",9.985693,49.98328,28.22219,11.808843
"056","1pm",11.287865,46.12618,31.70333,10.882632
"057","1pm",4.236089,34.67102,32.33718,28.75572
"058","1pm",12.203382,67.60688,14.92783,5.261906
"059","1pm",16.643154,48.85612,27.8646,6.636127
"060","1pm",21.396757,46.467,24.32933,7.806917
"061","1pm",15.680462,55.37942,25.02687,3.913249
"062","1pm",2.823641,57.6089,27.6763,11.891152
"063","1pm",3.968042,43.44239,31.21962,21.369948
"064","1pm",10.632483,51.55064,22.784,15.032876
"065","1pm",12.749445,50.79995,25.08193,11.36868
"066","1pm",5.758758,48.24658,21.90783,24.086828
"067","1pm",16.575677,53.17094,24.04557,6.207813
"068","1pm",10.781231,53.035,29.36298,6.820797
"069","1pm",15.936729,55.03262,20.55623,8.474415
"070","1pm",10.851821,52.64324,29.40306,7.101873
"071","1pm",17.308305,63.09685,17.52547,2.069374
"072","1pm",15.833877,60.38705,16.89071,6.888363
"073","1pm",9.454701,54.74304,20.20409,15.598172
"074","1pm",13.879138,53.5006,22.03035,10.589908
"075","1pm",14.270903,57.83271,17.1071,10.789286
"076","1pm",24.662295,54.07361,16.99431,4.269785
"077","1pm",21.414057,31.64586,27.58349,19.356594
"078","1pm",13.556774,37.10055,33.32511,16.017563
"079","1pm",19.033394,45.66909,24.57833,10.71919
"080","1pm",26.213801,31.26527,27.84653,14.674404
"001","2pm",7.288328,18.09294,28.56397,46.054761
"002","2pm",0.4114378,33.35255,38.56644,27.669577
"003","2pm",5.9009205,33.29047,34.39549,26.413116
"004","2pm",8.7110628,33.40178,33.37653,24.510627
"005","2pm",3.6122584,25.28124,33.88785,37.218645
"006","2pm",9.7675755,35.07057,23.38497,31.776893
"007","2pm",0,29.26568,36.47206,34.262263
"008","2pm",9.9010652,29.48822,40.55321,20.0575
"009","2pm",4.392274,34.93506,34.30183,26.370843
"010","2pm",4.9008481,52.93925,26.31654,15.843363
"011","2pm",3.7286548,54.89678,26.96472,14.409841
"012","2pm",10.2529281,54.96414,20.69482,14.088113
"013","2pm",9.4060788,41.68362,28.95496,19.955344
"014","2pm",12.7461135,48.47703,17.6496,21.127264
"015","2pm",2.7595967,40.45597,41.30741,15.477018
"016","2pm",8.0223905,37.29839,28.08981,26.589413
"017","2pm",5.0876096,32.58606,28.81697,33.509363
"018","2pm",19.2218269,37.35246,29.24158,14.18413
"019","2pm",11.7020684,30.41898,35.82658,22.052375
"020","2pm",38.066145,37.77344,19.16608,4.994332
"021","2pm",15.0001621,37.35351,35.49791,12.148421
"022","2pm",4.1966288,33.91851,22.54269,39.342175
"023","2pm",9.1219589,29.03719,32.88669,28.954162
"024","2pm",14.3568034,63.47902,13.54169,8.622487
"025","2pm",7.0330616,22.60599,28.6056,41.755347
"026","2pm",6.4361716,20.37497,26.21256,46.9763
"027","2pm",2.6179365,28.50165,38.86224,30.018182
"028","2pm",3.8440817,40.77467,35.46631,19.914942
"029","2pm",6.388617,36.05074,34.86161,22.699028
"030","2pm",6.2165665,40.5744,28.66298,24.54606
"031","2pm",13.0992388,46.19885,25.27138,15.430528
"032","2pm",6.5061833,40.20399,38.84891,14.440913
"033","2pm",5.6599708,51.93245,28.32459,14.082986
"034","2pm",5.619881,29.33539,41.8342,23.210532
"035","2pm",4.2809912,49.28449,29.03648,17.398036
"036","2pm",3.4915006,38.36636,40.01511,18.127033
"037","2pm",5.4211198,58.89173,21.06234,14.62481
"038","2pm",13.5859686,29.98027,34.885,21.548758
"039","2pm",3.578568,35.9166,32.16813,28.336706
"040","2pm",7.191215,32.21529,29.62654,30.966956
"041","2pm",9.6671302,38.13128,20.69685,31.504739
"042","2pm",6.4197908,43.94856,27.20032,22.431334
"043","2pm",11.1333398,33.59244,36.05136,19.222862
"044","2pm",10.9787039,47.28329,24.34748,17.390528
"045","2pm",4.1721392,69.06284,19.97075,6.794271
"046","2pm",6.4584523,52.77153,32.51284,8.257185
"047","2pm",5.1175686,43.05583,38.26949,13.557109
"048","2pm",10.7403102,45.39337,37.10532,6.761001
"049","2pm",6.1713871,60.78886,19.89297,13.146786
"050","2pm",9.0944747,50.62021,22.8581,17.427215
"051","2pm",10.5560128,55.14979,19.1573,15.136898
"052","2pm",6.0707956,46.8311,26.82672,20.271381
"053","2pm",17.2509063,50.42769,21.22001,11.101395
"054","2pm",10.8094364,50.04844,28.03961,11.102506
"055","2pm",10.0602799,47.91534,29.06793,12.956449
"056","2pm",11.7795655,42.99116,32.22536,13.003916
"057","2pm",4.3227556,31.89743,35.57391,28.205897
"058","2pm",11.8720247,63.73314,16.14354,8.251298
"059","2pm",17.3297944,53.24355,23.43362,5.993029
"060","2pm",16.1941143,54.20116,23.42591,6.17881
"061","2pm",15.5853155,53.96985,26.84875,3.596085
"062","2pm",2.7349152,56.34806,27.73624,13.180789
"063","2pm",6.7030307,42.48413,31.69765,19.115198
"064","2pm",12.7053532,49.72585,21.97824,15.590563
"065","2pm",12.0757684,52.77074,23.90236,11.25114
"066","2pm",6.3379139,48.82232,19.72607,25.11369
"067","2pm",16.2818882,52.94668,24.98434,5.787097
"068","2pm",9.8155142,53.58861,29.52934,7.06653
"069","2pm",13.7206008,49.88558,26.7369,9.656919
"070","2pm",10.0359616,55.82883,29.10801,5.027198
"071","2pm",18.9864491,63.15455,16.28337,1.575632
"072","2pm",17.9668822,55.22824,20.29408,6.510799
"073","2pm",6.0827599,55.2137,22.06835,16.635193
"074","2pm",13.6453099,53.09094,20.61558,12.648168
"075","2pm",15.5361516,57.9716,15.97833,10.513916
"076","2pm",26.2618228,53.46424,15.61169,4.662249
"077","2pm",21.8593432,33.37978,25.81625,18.944626
"078","2pm",13.4404893,36.10998,33.94446,16.505062
"079","2pm",18.7144316,46.72682,23.82449,10.734259
"080","2pm",25.4416411,32.74245,27.57612,14.239792
"001","3pm",4.030598,24.72604,23.649,47.594361
"002","3pm",3.364014,27.36721,39.32699,29.941789
"003","3pm",5.228775,32.08602,37.48555,25.199654
"004","3pm",9.924002,34.58328,31.50813,23.98459
"005","3pm",3.52414,27.41875,35.83007,33.227043
"006","3pm",12.741754,33.47403,20.60164,33.182576
"007","3pm",0,31.10371,32.84762,36.048668
"008","3pm",4.416891,30.05375,44.0299,21.499459
"009","3pm",4.165405,31.14989,34.44266,30.242044
"010","3pm",4.232541,53.47924,23.41403,18.87418
"011","3pm",3.740401,53.24647,29.04442,13.96871
"012","3pm",9.398188,55.41456,21.68685,13.5004
"013","3pm",11.819173,39.63933,29.37686,19.164642
"014","3pm",9.286881,50.62926,18.37389,21.709976
"015","3pm",3.396973,44.35627,34.75055,17.496214
"016","3pm",8.179142,36.49162,27.69422,27.635012
"017","3pm",7.288546,33.85569,29.30774,29.548022
"018","3pm",17.547015,40.39156,28.44366,13.617773
"019","3pm",9.289467,33.27667,35.0797,22.354162
"020","3pm",37.907697,38.04335,18.99051,5.058451
"021","3pm",14.443542,41.12378,31.94378,12.488897
"022","3pm",2.770706,31.89249,25.40476,39.932044
"023","3pm",9.413708,29.12027,34.01904,27.446976
"024","3pm",13.807537,61.57147,14.21281,10.408176
"025","3pm",7.534108,23.50119,28.018,40.946693
"026","3pm",5.988018,23.27363,26.48431,44.254046
"027","3pm",2.605301,29.64052,38.74418,29.01
"028","3pm",4.324816,39.17255,34.89385,21.608782
"029","3pm",4.517568,34.88552,34.60852,25.98839
"030","3pm",6.692557,43.04269,27.9308,22.333951
"031","3pm",14.407134,44.7949,24.99382,15.80415
"032","3pm",6.679533,40.27032,37.63898,15.411175
"033","3pm",4.709072,56.07958,26.8579,12.353451
"034","3pm",5.489079,27.60464,44.18365,22.722629
"035","3pm",5.186866,45.73317,32.11311,16.966846
"036","3pm",7.494675,38.23327,35.53715,18.734901
"037","3pm",5.704526,56.72509,22.18269,15.387691
"038","3pm",12.16332,32.79766,32.43176,22.607266
"039","3pm",5.116253,33.4808,33.16643,28.23652
"040","3pm",8.199154,30.81583,30.73625,30.248762
"041","3pm",7.298242,39.4313,24.33331,28.937151
"042","3pm",5.880149,45.24221,30.25975,18.617896
"043","3pm",13.514854,32.1212,35.47331,18.89064
"044","3pm",11.337072,49.9709,20.25086,18.441161
"045","3pm",5.216846,66.35566,20.83361,7.593883
"046","3pm",6.74123,50.90987,32.68994,9.658969
"047","3pm",2.503107,43.03224,39.31815,15.146497
"048","3pm",8.684041,42.78391,38.04386,10.488192
"049","3pm",5.573239,55.59457,24.58759,14.244602
"050","3pm",8.117993,56.18303,28.15865,7.540326
"051","3pm",13.672717,58.22873,16.64171,11.456843
"052","3pm",9.880309,47.19849,27.0038,15.917397
"053","3pm",16.6303,52.40883,19.92546,11.035416
"054","3pm",10.286177,52.79235,27.11841,9.803061
"055","3pm",13.644053,47.12497,24.08526,15.145713
"056","3pm",10.278104,44.13794,33.22225,12.361709
"057","3pm",4.229988,34.04013,33.31902,28.410871
"058","3pm",11.805469,66.04441,14.26484,7.885282
"059","3pm",15.699755,55.3279,24.03526,4.937086
"060","3pm",15.305079,53.4382,23.62729,7.629429
"061","3pm",15.108907,55.38686,25.53735,3.966885
"062","3pm",1.480025,53.89425,30.99991,13.625814
"063","3pm",6.284904,47.1862,30.18109,16.347808
"064","3pm",12.838475,48.97709,25.13885,13.045581
"065","3pm",11.8064,51.85797,22.70723,13.628401
"066","3pm",5.869143,49.64469,20.68626,23.799909
"067","3pm",17.704522,49.4041,26.9056,5.985772
"068","3pm",10.940406,51.36016,31.5821,6.117331
"069","3pm",13.340788,50.45675,23.63299,12.569464
"070","3pm",11.79441,55.2708,26.85355,6.081239
"071","3pm",18.359152,62.24307,17.83012,1.56765
"072","3pm",18.188051,52.56618,21.6138,7.63197
"073","3pm",5.440007,55.77066,24.09892,14.69041
"074","3pm",13.786008,50.57418,21.03251,14.607299
"075","3pm",14.640349,59.74373,15.15371,10.462215
"076","3pm",23.279661,54.63044,17.5567,4.533195
"077","3pm",21.149627,32.57018,30.66832,15.611871
"078","3pm",13.920088,33.93819,33.44678,18.694939
"079","3pm",18.051464,45.24843,24.82306,11.877038
"080","3pm",26.518767,32.12374,27.46274,13.894754
"001","4pm",2.091933,24.99074,28.54602,44.371308
"002","4pm",2.733698,26.44836,39.48959,31.328354
"003","4pm",7.246152,25.3314,35.49018,31.932262
"004","4pm",9.604811,37.98576,28.36763,24.041803
"005","4pm",3.769048,28.44314,36.41759,31.370223
"006","4pm",10.336999,31.85555,22.89895,34.908501
"007","4pm",0,28.04649,36.33761,35.615895
"008","4pm",11.170824,30.30119,37.2331,21.294886
"009","4pm",4.530921,34.56753,29.9322,30.969347
"010","4pm",3.915601,49.9641,26.01264,20.107655
"011","4pm",2.781532,54.20074,31.2737,11.744032
"012","4pm",11.558754,50.67669,24.21517,13.549393
"013","4pm",12.996169,40.04779,27.13966,19.816377
"014","4pm",8.277507,50.45951,19.55123,21.711756
"015","4pm",4.69812,47.03791,31.9388,16.32517
"016","4pm",7.115569,38.03227,28.74108,26.111076
"017","4pm",7.026109,32.82198,30.8178,29.334109
"018","4pm",22.53085,40.6271,24.88115,11.9609
"019","4pm",11.443435,33.45758,34.61471,20.484279
"020","4pm",39.622018,35.15571,20.36362,4.858657
"021","4pm",12.203488,42.32265,30.13462,15.339241
"022","4pm",2.198265,32.51214,23.20142,42.088171
"023","4pm",7.64107,27.99256,35.21129,29.155076
"024","4pm",15.319906,62.85963,11.93738,9.883076
"025","4pm",7.237282,22.38743,29.26568,41.109609
"026","4pm",5.890355,19.56489,26.76794,47.776816
"027","4pm",2.264726,29.53098,37.76575,30.438547
"028","4pm",4.240549,38.65838,37.0659,20.035176
"029","4pm",6.415131,35.35522,30.99675,27.232893
"030","4pm",6.156869,42.83188,25.20169,25.809559
"031","4pm",17.213235,42.16547,25.03109,15.590205
"032","4pm",4.900119,39.22444,38.53939,17.336047
"033","4pm",5.045467,52.61306,28.63508,13.706393
"034","4pm",5.851721,31.95127,41.02993,21.167083
"035","4pm",3.078367,51.66829,31.26622,13.987116
"036","4pm",3.766844,46.63113,32.50545,17.096579
"037","4pm",5.417651,53.6287,24.75865,16.195004
"038","4pm",8.348226,33.64872,34.99225,23.010805
"039","4pm",6.555339,32.54412,31.3451,29.555437
"040","4pm",8.707547,26.13932,32.16673,32.986399
"041","4pm",9.708,38.11991,24.52409,27.648
"042","4pm",5.177435,40.67138,34.86166,19.289524
"043","4pm",12.043842,33.85991,36.7545,17.34175
"044","4pm",10.169972,49.87494,24.84131,15.113776
"045","4pm",4.924843,69.40204,18.56413,7.108995
"046","4pm",6.912772,51.21151,32.31079,9.564925
"047","4pm",4.477871,38.43746,42.60034,14.484326
"048","4pm",10.264373,40.78845,40.63337,8.313813
"049","4pm",5.254166,59.19384,21.65196,13.900031
"050","4pm",7.015942,52.75307,33.29941,6.931578
"051","4pm",11.102138,56.93591,18.51852,13.443431
"052","4pm",10.538766,42.30052,24.76765,22.393056
"053","4pm",18.980917,52.43196,17.3198,11.267322
"054","4pm",10.147293,49.90546,28.42518,11.52206
"055","4pm",10.022216,48.83769,29.34642,11.793668
"056","4pm",10.194831,45.41281,31.52864,12.863723
"057","4pm",6.50908,33.21521,33.69864,26.577073
"058","4pm",11.433096,66.38175,14.66618,7.518971
"059","4pm",14.520531,61.27575,19.56494,4.638779
"060","4pm",17.328088,54.55333,26.07611,2.042468
"061","4pm",16.196888,53.9331,24.42938,5.44063
"062","4pm",2.854627,53.88627,28.21023,15.048868
"063","4pm",4.203749,43.85308,34.69647,17.246697
"064","4pm",12.69783,52.41542,25.59158,9.295167
"065","4pm",11.921755,48.71823,25.89325,13.466763
"066","4pm",6.251198,53.07702,17.50399,23.167799
"067","4pm",14.455246,51.88907,27.59294,6.06274
"068","4pm",13.011385,53.05062,28.20001,5.737991
"069","4pm",13.704084,48.05868,27.9083,10.328934
"070","4pm",15.736562,49.70697,27.69087,6.865597
"071","4pm",18.100246,62.84374,16.99547,2.060551
"072","4pm",14.320357,57.59761,19.15705,8.924982
"073","4pm",6.95349,56.40281,23.40635,13.237355
"074","4pm",14.816965,54.33999,20.81625,10.026792
"075","4pm",12.382611,57.31674,19.33592,10.964734
"076","4pm",24.528051,54.75137,16.33395,4.386622
"077","4pm",19.857428,33.54571,30.34517,16.251689
"078","4pm",14.145171,35.69205,33.88075,16.282029
"079","4pm",19.098004,44.16108,25.27458,11.466336
"080","4pm",25.476158,35.14845,23.97103,15.404364
"001","5pm",1.5325532,23.55384,30.13475,44.778855
"002","5pm",0.5060446,29.12498,38.596123,31.772848
"003","5pm",4.7511368,28.44722,31.825151,34.976497
"004","5pm",8.2143745,34.53378,30.567969,26.683872
"005","5pm",5.323528,24.70186,36.450484,33.52413
"006","5pm",9.965302,28.55524,24.017202,37.462255
"007","5pm",0,24.11167,34.543812,41.344515
"008","5pm",9.2443812,32.36554,39.959747,18.430337
"009","5pm",3.9280182,33.26824,30.664364,32.139375
"010","5pm",2.7225788,46.62823,27.181983,23.467204
"011","5pm",3.5669663,56.55299,29.154594,10.725449
"012","5pm",11.6470546,49.4797,23.926467,14.946776
"013","5pm",13.8849506,41.6958,28.161776,16.257474
"014","5pm",7.402259,41.51144,28.020229,23.066077
"015","5pm",4.4121193,39.99719,35.231151,20.359542
"016","5pm",6.7369303,40.77545,28.619656,23.867965
"017","5pm",7.1837561,36.28548,27.668488,28.862281
"018","5pm",20.8607056,40.52646,22.224553,16.388282
"019","5pm",14.8237883,32.90842,29.381756,22.886031
"020","5pm",42.8502219,35.3211,16.835354,4.99332
"021","5pm",12.4314397,33.77173,35.244628,18.552207
"022","5pm",5.1129072,32.45733,21.466729,40.963039
"023","5pm",7.33665,22.88858,35.608251,34.166519
"024","5pm",18.6380009,62.16765,8.922106,10.272246
"025","5pm",5.3576017,21.37718,27.197208,46.068011
"026","5pm",8.2199039,22.33793,22.864501,46.577669
"027","5pm",1.6425127,34.41162,34.333862,29.612008
"028","5pm",2.452789,36.46101,40.590246,20.495955
"029","5pm",4.5447518,42.07698,33.949325,19.428944
"030","5pm",7.394408,40.02334,30.55425,22.028006
"031","5pm",19.3126265,39.89709,26.787493,14.002788
"032","5pm",4.5366272,38.22497,37.849354,19.389048
"033","5pm",4.5105589,55.90784,26.257643,13.323962
"034","5pm",4.1529584,28.04644,41.186888,26.613714
"035","5pm",3.7894742,51.96638,26.460625,17.783521
"036","5pm",4.7369756,39.88207,37.699547,17.681404
"037","5pm",3.643098,53.56931,29.460217,13.327377
"038","5pm",9.2226074,37.67802,31.391112,21.708264
"039","5pm",5.7779966,32.50272,32.384351,29.334929
"040","5pm",7.3739679,26.14481,34.821654,31.659573
"041","5pm",6.953324,46.49159,26.501326,20.053756
"042","5pm",7.5136762,39.74422,32.555415,20.186684
"043","5pm",18.6538213,25.42373,38.265161,17.657283
"044","5pm",9.3348235,54.91601,25.238611,10.510551
"045","5pm",3.9317326,69.05656,17.213262,9.798446
"046","5pm",5.1737593,47.40109,31.395883,16.029268
"047","5pm",5.2607888,46.09618,42.518443,6.124585
"048","5pm",12.1866784,39.59483,36.66031,11.558178
"049","5pm",4.4395261,53.16568,26.161845,16.232949
"050","5pm",9.3827227,51.43332,31.815568,7.368391
"051","5pm",14.2597836,46.55837,21.215337,17.966509
"052","5pm",9.0310339,41.21576,25.691377,24.061833
"053","5pm",15.2241891,50.0267,18.763116,15.985999
"054","5pm",11.264629,51.30284,26.286161,11.146368
"055","5pm",9.822659,51.85056,28.024619,10.302166
"056","5pm",8.8876814,45.32254,35.328407,10.461373
"057","5pm",2.7984234,33.72492,34.060613,29.41604
"058","5pm",11.0658098,68.32846,12.455364,8.150366
"059","5pm",12.8112204,56.89007,22.240758,8.057951
"060","5pm",22.4510125,50.79816,23.138604,3.61222
"061","5pm",13.9945992,55.84516,24.791557,5.368682
"062","5pm",2.5206222,53.96299,22.742626,20.773758
"063","5pm",5.7893173,43.67586,34.489419,16.0454
"064","5pm",7.2298352,48.9983,28.413286,15.358582
"065","5pm",13.3714575,44.06749,27.735787,14.825262
"066","5pm",5.2811246,50.88821,22.673308,21.157353
"067","5pm",13.4493046,51.40498,28.526584,6.619132
"068","5pm",10.183004,49.55034,34.932126,5.334528
"069","5pm",12.5133882,49.74006,25.315525,12.431025
"070","5pm",11.447638,55.50434,26.316706,6.731315
"071","5pm",17.5758423,64.90578,15.841775,1.676601
"072","5pm",17.4363988,54.16892,21.181425,7.213256
"073","5pm",7.886253,53.2155,24.715475,14.182773
"074","5pm",14.7742484,56.42249,17.701287,11.101977
"075","5pm",13.192782,56.58779,18.631129,11.588302
"076","5pm",23.0978266,56.00774,16.943977,3.950456
"077","5pm",18.8289537,29.33582,34.183625,17.651604
"078","5pm",14.9445485,38.79752,32.762457,13.495477
"079","5pm",17.8588441,43.11434,25.706501,13.320314
"080","5pm",22.9569154,34.98406,25.904367,16.154657
"001","6pm",0.4387414,21.68568,34.26116,43.614416
"002","6pm",0,22.10614,33.10519,44.788672
"003","6pm",6.1309296,25.85384,37.81127,30.203961
"004","6pm",8.4961475,36.14436,31.88868,23.470817
"005","6pm",3.1364136,24.20812,36.12562,36.529846
"006","6pm",10.0971879,20.93911,22.11729,46.846409
"007","6pm",0,24.47965,37.24659,38.273765
"008","6pm",11.2676281,28.53592,38.91215,21.2843
"009","6pm",4.120266,33.21322,29.98875,32.677769
"010","6pm",2.7030833,42.41952,29.30062,25.576775
"011","6pm",3.5159586,56.67804,26.43412,13.371885
"012","6pm",11.7049994,50.27936,21.70457,16.31107
"013","6pm",12.6417028,44.37241,24.30319,18.682692
"014","6pm",7.0781616,43.92402,30.3524,18.645421
"015","6pm",4.0933153,36.94553,35.79023,23.17092
"016","6pm",8.0575236,37.68919,26.02184,28.231446
"017","6pm",6.6507342,43.93887,22.50159,26.9088
"018","6pm",20.479169,40.1147,22.36971,17.036426
"019","6pm",17.1154647,37.41797,29.03601,16.43056
"020","6pm",46.0739396,35.91935,14.81764,3.189068
"021","6pm",10.8016509,27.96183,39.23751,21.999012
"022","6pm",6.6276287,34.45008,23.19976,35.722525
"023","6pm",6.494809,22.10447,37.91433,33.486389
"024","6pm",20.3657181,58.1571,12.03609,9.441087
"025","6pm",1.2919613,22.39685,27.98937,48.321818
"026","6pm",7.7976995,21.7998,25.40286,44.999638
"027","6pm",1.2013812,42.09965,30.25339,26.445582
"028","6pm",2.8271675,33.12456,38.38015,25.668123
"029","6pm",4.4401671,40.88017,33.33418,21.345481
"030","6pm",3.669306,32.80666,34.46059,29.063448
"031","6pm",16.4515194,40.92917,30.29589,12.323419
"032","6pm",4.6908627,42.02809,35.75306,17.527992
"033","6pm",4.3065064,52.25941,25.03226,18.401816
"034","6pm",4.8851304,39.5111,33.72389,21.87988
"035","6pm",3.5533037,52.3101,24.89013,19.24647
"036","6pm",4.6882953,38.85046,36.07751,20.383736
"037","6pm",2.2849925,47.01902,33.03566,17.66033
"038","6pm",13.451508,33.72295,36.77019,16.055355
"039","6pm",3.2838388,31.10617,39.8311,25.778884
"040","6pm",6.968803,30.99973,30.61372,31.417748
"041","6pm",6.1348185,45.19954,26.63747,22.028176
"042","6pm",6.8812302,37.84252,39.03059,16.245658
"043","6pm",17.360921,24.99198,38.40309,19.244017
"044","6pm",9.839429,54.26762,24.69285,11.2001
"045","6pm",2.0741208,64.40102,21.39467,12.130192
"046","6pm",4.9100087,49.3299,29.64039,16.119707
"047","6pm",5.6813232,45.87609,40.07494,8.367648
"048","6pm",10.728873,41.67563,37.788,9.807495
"049","6pm",4.2712188,51.69209,27.01626,17.020434
"050","6pm",9.0333953,51.85703,28.54235,10.567227
"051","6pm",9.9852012,43.82408,25.33307,20.857647
"052","6pm",7.7413434,34.2541,30.06106,27.943499
"053","6pm",15.7044744,41.85593,21.90432,20.535279
"054","6pm",10.2952418,54.32063,27.51894,7.865188
"055","6pm",8.6234073,50.42604,28.24159,12.708966
"056","6pm",9.5157615,45.55641,35.9818,8.946023
"057","6pm",5.266679,34.2135,33.30137,27.218445
"058","6pm",10.2980287,63.1512,15.16493,11.385844
"059","6pm",13.1167631,54.34354,22.67621,9.863485
"060","6pm",20.712817,52.04048,24.85598,2.390716
"061","6pm",13.3390692,55.12347,25.53677,6.000686
"062","6pm",2.3036233,53.73632,21.39551,22.564554
"063","6pm",4.6573827,45.09869,30.8959,19.348026
"064","6pm",6.3130122,44.34012,30.81259,18.534273
"065","6pm",14.1289194,45.26192,25.99134,14.617815
"066","6pm",5.0734397,49.91016,24.99098,20.025421
"067","6pm",13.2188923,52.21448,26.40177,8.164859
"068","6pm",10.2956512,48.06745,38.00726,3.629644
"069","6pm",9.1816409,46.35803,31.45233,13.007996
"070","6pm",11.0079497,53.01258,30.19507,5.784403
"071","6pm",17.6183399,64.9522,15.42436,2.005092
"072","6pm",16.0058232,58.61447,17.79018,7.589535
"073","6pm",9.0702098,51.4423,23.67998,15.807517
"074","6pm",14.8092068,59.22367,16.17402,9.793106
"075","6pm",13.2815309,54.71203,20.72053,11.28591
"076","6pm",22.7758792,59.16835,13.70133,4.354435
"077","6pm",17.307411,31.64836,36.73988,14.304344
"078","6pm",15.9084094,37.13842,32.62402,14.329147
"079","6pm",17.1416853,45.90106,25.50396,11.453292
"080","6pm",21.2325806,34.76229,26.21231,17.792828
"001","7pm",0.5165907,15.73934,44.40421,39.339864
"002","7pm",0,20.61275,28.82147,50.565785
"003","7pm",4.6429709,27.07782,33.48039,34.79882
"004","7pm",7.840884,39.13454,31.2958,21.728779
"005","7pm",3.2447484,23.94553,32.19508,40.61464
"006","7pm",10.6147124,22.19169,26.43302,40.760579
"007","7pm",1.5034934,21.41839,31.90042,45.177705
"008","7pm",10.6975127,26.35914,37.89546,25.047883
"009","7pm",2.0409424,33.07551,29.97058,34.912976
"010","7pm",2.3782194,40.47389,33.9685,23.179393
"011","7pm",3.1846137,60.71775,23.79626,12.301371
"012","7pm",10.9296294,47.38154,23.64871,18.040118
"013","7pm",13.0303479,46.17242,22.61147,18.185756
"014","7pm",7.614403,43.46338,29.0536,19.868615
"015","7pm",3.8954218,38.70627,34.17721,23.2211
"016","7pm",5.8975314,34.06434,30.17654,29.861588
"017","7pm",6.9315817,37.17346,24.7306,31.164355
"018","7pm",22.5860781,39.57878,22.69103,15.144113
"019","7pm",14.7876014,38.20535,29.57618,17.430875
"020","7pm",46.4853452,36.06938,14.48634,2.958926
"021","7pm",11.2207145,32.05936,38.17848,18.54145
"022","7pm",7.4756838,37.64478,18.89616,35.983384
"023","7pm",6.2835309,24.2147,39.40659,30.095181
"024","7pm",18.3829296,59.58636,13.03489,8.99582
"025","7pm",1.358647,23.55857,28.45205,46.630738
"026","7pm",5.8969413,23.58159,25.71523,44.806237
"027","7pm",1.9441639,45.67337,29.01218,23.370284
"028","7pm",2.8917493,31.19687,40.40048,25.5109
"029","7pm",5.7208749,39.28534,32.15193,22.841863
"030","7pm",3.6530729,32.95328,33.05399,30.339657
"031","7pm",15.1464122,42.61136,31.19259,11.049639
"032","7pm",3.4142875,33.97479,41.60603,21.004894
"033","7pm",6.7473704,52.09937,23.85354,17.299719
"034","7pm",4.793974,35.19239,37.8334,22.180236
"035","7pm",2.8465322,51.07844,22.88217,23.192862
"036","7pm",4.6336574,38.67607,36.24155,20.44873
"037","7pm",2.184673,50.74746,31.70239,15.365476
"038","7pm",9.2284122,33.30339,36.31037,21.157832
"039","7pm",3.2198443,30.29858,41.40369,25.077883
"040","7pm",6.6109374,30.04159,30.31798,33.029492
"041","7pm",4.9418356,46.31696,27.4128,21.328407
"042","7pm",5.8899635,41.09049,33.12664,19.892906
"043","7pm",17.7391563,31.93606,33.68019,16.644596
"044","7pm",10.6518062,53.96233,26.74995,8.635915
"045","7pm",1.8356838,61.40841,22.87147,13.884442
"046","7pm",4.4310105,51.1638,26.37655,18.028638
"047","7pm",6.9951207,43.15192,37.21173,12.641236
"048","7pm",10.5270728,42.37917,33.75391,13.339839
"049","7pm",4.0257223,49.67161,30.26052,16.042152
"050","7pm",8.5207029,49.01499,31.34756,11.11675
"051","7pm",12.9649849,40.23758,27.20964,19.587794
"052","7pm",7.731825,36.23733,26.66459,29.36625
"053","7pm",13.8120509,41.13922,25.03934,20.009394
"054","7pm",9.718443,56.73054,26.00867,7.542352
"055","7pm",8.3276651,45.14225,32.63009,13.899998
"056","7pm",9.1699395,44.53687,35.33227,10.960926
"057","7pm",2.3868651,34.5058,33.62956,29.477773
"058","7pm",10.0230552,65.70409,13.19103,11.081824
"059","7pm",12.1675965,53.93397,24.8498,9.048631
"060","7pm",22.639326,49.44498,25.62343,2.292267
"061","7pm",11.6045314,55.34135,25.11384,7.940276
"062","7pm",2.183462,48.94539,24.84728,24.023861
"063","7pm",4.5604784,45.08031,33.30836,17.050845
"064","7pm",5.8366161,45.75956,30.32539,18.078434
"065","7pm",14.4917953,44.7285,26.54981,14.229897
"066","7pm",5.9935048,51.36349,21.60787,21.03513
"067","7pm",12.0159123,50.45857,26.12856,11.396958
"068","7pm",8.9783146,48.84753,38.10623,4.06793
"069","7pm",8.9294395,48.0757,31.38839,11.606473
"070","7pm",11.6780458,47.5704,33.25731,7.494245
"071","7pm",16.9521188,66.94364,14.17497,1.929272
"072","7pm",16.7053746,55.6049,18.7925,8.897228
"073","7pm",8.4010083,56.93183,20.27655,14.390609
"074","7pm",14.5822077,55.37425,20.40055,9.642995
"075","7pm",13.2747451,58.41593,19.09672,9.212602
"076","7pm",22.0036258,58.12467,15.66491,4.206791
"077","7pm",15.8550376,29.62752,41.50383,13.013617
"078","7pm",16.9004509,37.05669,31.40048,14.642378
"079","7pm",16.7401156,44.02846,25.22018,14.011251
"080","7pm",21.1061001,33.1823,27.58645,18.125147
"001","8pm",0.4756368,19.09854,32.74184,47.683981
"002","8pm",1.5487616,20.21714,30.18702,48.047078
"003","8pm",5.0049075,24.55249,35.56787,34.874738
"004","8pm",7.4822381,38.35049,30.37396,23.793309
"005","8pm",3.3358971,22.40751,32.36861,41.887986
"006","8pm",10.9629653,22.22826,28.42377,38.385007
"007","8pm",0,19.3824,31.96232,48.655278
"008","8pm",10.3345114,26.67019,30.74367,32.251633
"009","8pm",2.2729741,28.69783,32.10049,36.928708
"010","8pm",2.3282299,40.7268,34.50923,22.435734
"011","8pm",3.1291716,60.5322,24.34637,11.992262
"012","8pm",10.2610248,47.71557,24.52012,17.50328
"013","8pm",12.7663803,43.36292,25.48243,18.38827
"014","8pm",8.2687469,44.51141,29.09904,18.120812
"015","8pm",3.7551946,37.31292,34.58367,24.348214
"016","8pm",6.7555313,32.90988,30.1172,30.217397
"017","8pm",6.0363194,39.12826,23.11547,31.719948
"018","8pm",22.35319,40.65041,22.08964,14.906761
"019","8pm",16.3534279,42.66356,30.07803,10.904981
"020","8pm",46.2101018,38.00914,13.20215,2.578606
"021","8pm",11.7317518,31.36071,39.70177,17.205768
"022","8pm",7.6896394,36.85709,21.35954,34.093732
"023","8pm",6.3308116,23.17772,36.55728,33.934193
"024","8pm",16.58429,61.12218,12.955,9.338528
"025","8pm",1.4654923,22.76572,28.87171,46.897073
"026","8pm",5.7552162,22.41422,26.6481,45.18246
"027","8pm",1.9501981,48.46158,29.05998,20.528249
"028","8pm",3.2537168,30.55214,40.7785,25.415641
"029","8pm",5.4323052,40.06996,33.11694,21.380791
"030","8pm",3.2179956,30.53333,34.03323,32.215447
"031","8pm",15.5508695,43.98998,30.40026,10.058894
"032","8pm",3.4872091,36.68442,36.66711,23.161258
"033","8pm",6.7163955,51.10468,24.81694,17.361982
"034","8pm",7.1295238,34.41045,38.23947,20.220555
"035","8pm",1.0984301,54.14327,21.05055,23.707747
"036","8pm",4.8292732,34.55684,38.36194,22.251944
"037","8pm",2.0997945,49.43376,32.43602,16.030425
"038","8pm",9.3443223,29.7405,37.91476,23.00042
"039","8pm",1.828667,29.57808,42.43393,26.159323
"040","8pm",6.5475234,28.83566,30.58844,34.028375
"041","8pm",6.3373828,43.12699,27.55582,22.979802
"042","8pm",5.5368656,39.81223,37.55087,17.100033
"043","8pm",16.8384945,32.32298,34.74956,16.08896
"044","8pm",10.7348971,55.37508,26.18365,7.706373
"045","8pm",1.7895925,60.22853,22.92201,15.05987
"046","8pm",4.0303953,52.65671,26.15624,17.156656
"047","8pm",7.0014907,43.02034,39.06778,10.910392
"048","8pm",10.2327865,41.76229,34.21918,13.785747
"049","8pm",4.0597881,48.70134,30.51658,16.72229
"050","8pm",8.595539,49.16671,31.0041,11.23365
"051","8pm",10.6801401,41.93097,25.58829,21.8006
"052","8pm",7.1381919,34.71408,31.34077,26.806954
"053","8pm",13.1759781,41.36084,27.8793,17.583879
"054","8pm",9.0000627,54.63256,25.72592,10.641452
"055","8pm",8.0525137,44.64733,33.07285,14.227301
"056","8pm",9.005593,44.14699,35.36393,11.483491
"057","8pm",2.3768276,32.91995,34.53072,30.1725
"058","8pm",10.0746881,64.43272,14.22751,11.265079
"059","8pm",11.5620548,56.90502,23.09348,8.439449
"060","8pm",23.7850422,45.42833,27.65967,3.126958
"061","8pm",10.6930366,54.21659,24.4276,10.662781
"062","8pm",2.0450057,49.92259,23.92222,24.110176
"063","8pm",4.3784137,45.84712,31.67876,18.09571
"064","8pm",5.6363706,46.16388,31.4739,16.725848
"065","8pm",14.4115747,43.44126,27.99604,14.151126
"066","8pm",5.7532253,50.55284,23.78254,19.911399
"067","8pm",11.4314079,50.9198,26.02288,11.625915
"068","8pm",9.0956848,51.32264,35.46057,4.121108
"069","8pm",8.5829382,48.40276,31.14853,11.865772
"070","8pm",11.3861054,46.95833,34.34867,7.306896
"071","8pm",17.1382554,66.38569,14.59981,1.87624
"072","8pm",16.5886701,53.74574,20.83051,8.835071
"073","8pm",8.0603992,55.62684,18.57428,17.738485
"074","8pm",13.9535259,55.646,21.12879,9.271686
"075","8pm",14.3603798,57.9966,18.94584,8.697181
"076","8pm",21.6867662,57.97148,15.43933,4.902417
"077","8pm",16.2260633,29.2498,41.20599,13.31815
"078","8pm",15.4159861,36.11942,31.43214,17.03246
"079","8pm",17.0259849,45.08859,23.6349,14.25052
"080","8pm",21.4294618,33.69068,26.47702,18.402838
"001","9pm",2.102745,20.72123,28.09698,49.079047
"002","9pm",1.63741,17.58012,28.64005,52.142421
"003","9pm",4.679135,24.14371,36.52761,34.649548
"004","9pm",7.109903,39.29301,29.45239,24.144695
"005","9pm",3.315882,22.27307,33.37689,41.034158
"006","9pm",10.205512,22.42111,30.23106,37.142315
"007","9pm",0,19.15251,28.24564,52.601853
"008","9pm",10.442913,26.94994,29.42651,33.180634
"009","9pm",4.229786,31.21388,30.32177,34.23456
"010","9pm",2.263596,41.01655,34.7696,21.950262
"011","9pm",3.02174,61.15289,24.85803,10.967338
"012","9pm",9.892151,45.67387,26.65559,17.77838
"013","9pm",12.949801,43.75731,24.78205,18.510841
"014","9pm",7.47112,44.25946,29.23465,19.034775
"015","9pm",3.788201,36.76193,34.88764,24.562224
"016","9pm",6.458028,33.20387,31.45143,28.886668
"017","9pm",6.004776,38.37922,22.56771,33.048293
"018","9pm",23.021714,41.2272,21.58506,14.166024
"019","9pm",15.170093,43.62224,31.21564,9.992028
"020","9pm",45.790539,38.47479,13.1636,2.571077
"021","9pm",10.84676,31.55302,40.44967,17.150547
"022","9pm",8.360188,35.94136,23.935,31.763452
"023","9pm",6.211352,20.6196,37.63355,35.535496
"024","9pm",17.75114,61.80364,13.4795,6.965724
"025","9pm",1.526723,23.71692,22.96653,51.789832
"026","9pm",5.2856,21.14596,23.67728,49.891161
"027","9pm",3.738029,45.8026,29.58792,20.871456
"028","9pm",3.350812,32.51422,39.89626,24.238713
"029","9pm",5.407705,40.98938,33.21363,20.389281
"030","9pm",3.3312,28.44658,32.31564,35.906578
"031","9pm",15.507856,42.46643,31.99941,10.026309
"032","9pm",2.941736,38.3692,35.83518,22.853879
"033","9pm",6.058877,51.0821,24.94871,17.910313
"034","9pm",6.302596,31.96768,45.19187,16.537856
"035","9pm",1.177216,54.26398,23.21654,21.342271
"036","9pm",4.843389,34.3648,37.03067,23.761145
"037","9pm",2.178157,48.53332,32.98779,16.300726
"038","9pm",9.216623,30.63035,36.66453,23.488491
"039","9pm",1.790788,29.12866,43.8411,25.239445
"040","9pm",6.523252,29.85891,30.22277,33.39507
"041","9pm",6.058116,41.18662,26.74329,26.011965
"042","9pm",6.324923,39.81261,32.95527,20.907199
"043","9pm",16.86754,32.37874,34.37939,16.374333
"044","9pm",12.32732,54.97737,24.93339,7.761914
"045","9pm",1.751611,59.49331,22.43553,16.319557
"046","9pm",4.010179,53.70177,25.21745,17.070601
"047","9pm",6.702624,43.23588,39.61683,10.444669
"048","9pm",13.007384,41.04997,32.36628,13.576362
"049","9pm",4.085856,47.74117,30.71253,17.460448
"050","9pm",8.220613,46.43068,34.60505,10.743654
"051","9pm",9.664515,43.35983,24.91899,22.05667
"052","9pm",6.869851,34.84558,30.1626,28.121967
"053","9pm",13.094513,41.10511,27.70693,18.093444
"054","9pm",8.773456,52.61861,27.11666,11.491276
"055","9pm",7.683529,43.35201,34.36583,14.598633
"056","9pm",9.132227,42.9415,37.46463,10.461638
"057","9pm",2.273251,31.48537,36.30862,29.932758
"058","9pm",9.950489,64.42361,14.4997,11.126204
"059","9pm",11.580106,57.21665,23.18465,8.0186
"060","9pm",24.39322,44.77,28.36692,2.469852
"061","9pm",11.422418,54.56222,23.3208,10.694564
"062","9pm",2.01809,49.03513,24.79533,24.15145
"063","9pm",4.318243,45.87148,31.96325,17.847028
"064","9pm",5.519209,45.20428,32.50286,16.773642
"065","9pm",14.767777,44.51497,27.10774,13.60951
"066","9pm",5.785264,51.39586,23.91498,18.903901
"067","9pm",11.146251,50.47926,27.31119,11.063302
"068","9pm",8.830528,50.22436,36.26034,4.684767
"069","9pm",8.807496,49.66913,28.72133,12.802042
"070","9pm",11.752632,45.8361,34.35684,8.05443
"071","9pm",17.108806,67.22841,13.78976,1.873016
"072","9pm",16.730011,54.92593,19.43371,8.910349
"073","9pm",8.225185,55.80213,18.83351,17.139183
"074","9pm",13.722533,57.72192,18.58699,9.968554
"075","9pm",13.927631,58.73206,18.3749,8.965404
"076","9pm",21.721759,57.90367,15.46425,4.910328
"077","9pm",16.030237,28.89679,40.70869,14.364282
"078","9pm",15.525311,36.37556,30.94588,17.153248
"079","9pm",17.025985,45.08859,23.6349,14.25052
"080","9pm",21.677105,32.26244,27.44495,18.615505
"001","10pm",1.780162,22.12391,30.09793,45.9979997
"002","10pm",0,16.46346,35.31589,48.220652
"003","10pm",5.64838,23.72637,36.54257,34.0826785
"004","10pm",7.116032,39.32689,28.62321,24.9338712
"005","10pm",3.173472,21.31648,33.54661,41.9634356
"006","10pm",10.404907,21.65632,29.67063,38.2681496
"007","10pm",0,19.70207,27.87855,52.4193787
"008","10pm",10.637077,28.36228,27.96623,33.0344192
"009","10pm",4.141584,30.36794,31.07564,34.4148343
"010","10pm",2.217993,40.90367,33.51403,23.3643067
"011","10pm",2.990113,61.45742,25.73248,9.8199893
"012","10pm",9.845745,46.55092,26.50491,17.0984212
"013","10pm",11.771898,43.8783,25.42995,18.9198509
"014","10pm",7.378873,42.68701,29.9602,19.973922
"015","10pm",3.803411,36.29918,34.56705,25.3303599
"016","10pm",6.458028,33.20387,31.45143,28.8866685
"017","10pm",5.662687,38.25958,20.40973,35.667999
"018","10pm",22.523176,42.5741,20.47221,14.4305051
"019","10pm",16.46841,43.30416,30.02192,10.2055073
"020","10pm",46.503111,39.16116,13.36844,0.9672859
"021","10pm",10.563479,32.45115,39.39326,17.5921102
"022","10pm",8.845917,38.02956,21.02257,32.1019547
"023","10pm",6.222024,22.61758,36.37248,34.7879088
"024","10pm",17.713157,62.55123,13.45066,6.2849537
"025","10pm",1.476548,23.21004,22.91346,52.3999553
"026","10pm",6.197138,21.15635,23.22545,49.4210682
"027","10pm",1.9385,47.16109,27.56281,23.337601
"028","10pm",2.271322,31.45958,41.7612,24.507893
"029","10pm",5.512682,42.20784,32.49707,19.7824077
"030","10pm",3.255489,27.80005,33.63923,35.3052219
"031","10pm",15.450864,42.31036,31.88181,10.3569646
"032","10pm",2.994294,39.05472,34.6888,23.2621917
"033","10pm",6.200296,51.46251,25.36164,16.9755618
"034","10pm",5.663595,28.72657,43.0416,22.5682322
"035","10pm",1.160414,51.26218,26.02021,21.5571913
"036","10pm",4.93653,35.02565,39.0091,21.0287199
"037","10pm",2.212005,49.28751,32.53346,15.9670214
"038","10pm",9.379972,30.81796,37.31435,22.4877227
"039","10pm",1.80247,28.78055,46.43292,22.9840649
"040","10pm",6.471135,29.62036,29.98131,33.9272005
"041","10pm",5.927307,41.30296,27.31943,25.4503068
"042","10pm",6.156399,39.5815,33.91196,20.3501373
"043","10pm",18.20117,32.73084,32.46738,16.6006078
"044","10pm",11.781575,54.12287,26.24911,7.8464433
"045","10pm",1.770538,61.74507,20.4575,16.026891
"046","10pm",3.954679,53.80423,25.40675,16.8343439
"047","10pm",6.990056,42.85845,39.1701,10.9813953
"048","10pm",13.023323,40.11206,32.40594,14.4586745
"049","10pm",3.966784,47.461,30.30058,18.2716297
"050","10pm",8.106902,45.78843,35.50962,10.5950434
"051","10pm",9.661802,43.34765,24.91199,22.0785505
"052","10pm",6.894336,34.96977,29.91369,28.2221977
"053","10pm",12.934645,40.60327,27.36866,19.0934226
"054","10pm",8.694294,52.94004,26.87199,11.4936826
"055","10pm",7.624016,45.12042,32.77,14.4855589
"056","10pm",9.169571,43.1171,37.20891,10.5044184
"057","10pm",2.185746,31.35953,37.12487,29.3298482
"058","10pm",9.772596,65.50131,14.68005,10.046043
"059","10pm",11.844091,57.31293,22.64158,8.2013955
"060","10pm",23.848387,45.38174,28.35518,2.4146866
"061","10pm",11.574409,51.8868,24.89523,11.6435632
"062","10pm",1.980525,48.99802,24.33379,24.687662
"063","10pm",4.2685,45.34308,32.74697,17.6414448
"064","10pm",5.304264,43.44381,33.10403,18.1478929
"065","10pm",15.066318,46.50175,24.5473,13.8846362
"066","10pm",5.785264,51.39586,23.91498,18.9039006
"067","10pm",10.675348,49.04992,29.67882,10.5959039
"068","10pm",8.774569,49.90609,36.03056,5.2887727
"069","10pm",8.807496,49.66913,28.72133,12.8020424
"070","10pm",11.752632,45.8361,34.35684,8.0544296
"071","10pm",16.97005,66.042,14.32364,2.6643158
"072","10pm",16.190398,56.37975,18.80689,8.622953
"073","10pm",8.56399,56.97759,17.83846,16.6199622
"074","10pm",13.423472,58.64331,18.18192,9.751304
"075","10pm",13.663626,56.60843,19.74414,9.9837992
"076","10pm",21.887541,58.34559,15.58227,4.184597
"077","10pm",15.752346,28.91851,41.21387,14.1152713
"078","10pm",15.739059,35.96763,30.9039,17.3894092
"079","10pm",17.025985,45.08859,23.6349,14.2505199
"080","10pm",21.677105,32.26244,27.44495,18.615505
"001","11pm",0,24.88846,26.92892,48.182622
"002","11pm",0,17.70789,36.6945,45.5976107
"003","11pm",4.029061,23.69885,36.31335,35.9587337
"004","11pm",6.887495,39.37258,29.60682,24.1330999
"005","11pm",3.089074,22.23173,33.21456,41.4646331
"006","11pm",10.682814,19.90883,29.34954,40.0588167
"007","11pm",0,18.66537,29.94201,51.3926221
"008","11pm",10.499933,26.04966,30.48669,32.9637171
"009","11pm",4.105889,29.76078,32.20086,33.9324686
"010","11pm",2.181352,40.90468,34.36876,22.5452048
"011","11pm",2.92947,60.211,26.1923,10.6672251
"012","11pm",9.736409,47.11317,25.69651,17.4539095
"013","11pm",11.653224,44.0027,26.24963,18.0944483
"014","11pm",7.217961,41.44483,29.64317,21.6940409
"015","11pm",3.803411,36.29918,34.56705,25.3303599
"016","11pm",6.23521,32.05825,32.86766,28.8388749
"017","11pm",5.672818,38.32804,21.36005,34.6390938
"018","11pm",22.523176,42.5741,20.47221,14.4305051
"019","11pm",16.349427,42.99129,29.80502,10.8542632
"020","11pm",46.401253,38.78792,13.86201,0.9488193
"021","11pm",10.563479,32.45115,39.39326,17.5921102
"022","11pm",8.577434,36.03685,22.57881,32.8069131
"023","11pm",6.133021,23.23684,38.46572,32.1644168
"024","11pm",17.311449,62.29787,12.2274,8.1632793
"025","11pm",1.565188,24.60339,21.29298,52.5384377
"026","11pm",5.679003,20.23542,24.42844,49.6571374
"027","11pm",1.366598,49.61482,26.89548,22.1231019
"028","11pm",2.418845,30.04965,39.53478,27.9967255
"029","11pm",5.523904,42.29376,33.30656,18.875781
"030","11pm",3.196138,28.45769,35.17367,33.1725027
"031","11pm",16.915601,42.81762,30.39335,9.8734318
"032","11pm",3.133584,39.38623,35.39219,22.0879925
"033","11pm",4.530846,51.84466,27.09331,16.5311795
"034","11pm",5.802744,29.9676,42.98287,21.2467931
"035","11pm",1.589734,47.78355,24.62295,26.0037655
"036","11pm",4.871948,35.87567,38.49877,20.7536134
"037","11pm",2.296597,48.08747,33.77761,15.8383189
"038","11pm",8.993013,31.17592,37.14479,22.6862771
"039","11pm",1.796791,29.49551,46.95882,21.7488777
"040","11pm",6.572068,29.74108,29.23048,34.4563743
"041","11pm",7.547018,40.8496,25.76898,25.8344027
"042","11pm",6.070684,39.03041,34.8321,20.0668042
"043","11pm",18.809486,32.52291,31.51217,17.1554307
"044","11pm",12.116436,52.20234,26.99518,8.6860509
"045","11pm",1.728426,60.27648,19.97092,18.0241753
"046","11pm",3.930295,53.47249,25.25009,17.3471275
"047","11pm",6.767182,44.69241,38.70618,9.8342289
"048","11pm",13.457977,39.51823,31.80167,15.2221232
"049","11pm",3.931496,47.92839,30.03103,18.1090852
"050","11pm",7.705859,46.57367,33.86706,11.8534095
"051","11pm",9.470406,42.89877,27.25265,20.3781695
"052","11pm",6.770596,34.30932,30.33876,28.5813186
"053","11pm",12.948751,40.64755,26.18553,20.2181686
"054","11pm",8.82481,53.51113,25.99784,11.6662222
"055","11pm",7.437984,46.45953,31.97039,14.1320997
"056","11pm",9.120687,42.51304,37.01055,11.3557268
"057","11pm",2.169608,31.12799,36.85076,29.8516427
"058","11pm",9.772596,65.50131,14.68005,10.046043
"059","11pm",11.460217,58.69644,21.90776,7.9355835
"060","11pm",24.046193,44.22829,29.2908,2.4347147
"061","11pm",11.383107,50.40533,26.76045,11.4511189
"062","11pm",1.868221,48.2096,26.16948,23.7526928
"063","11pm",4.24145,44.23093,32.85335,18.6742666
"064","11pm",5.370092,43.98297,33.11731,17.5296263
"065","11pm",15.066318,46.50175,24.5473,13.8846362
"066","11pm",5.785264,51.39586,23.91498,18.9039006
"067","11pm",10.682659,48.3079,30.40629,10.6031596
"068","11pm",8.824513,50.19015,35.66646,5.3188755
"069","11pm",8.807496,49.66913,28.72133,12.8020424
"070","11pm",10.83097,46.83999,33.69902,8.6300168
"071","11pm",16.690247,65.3401,15.34926,2.6203865
"072","11pm",16.223038,57.67515,18.84481,7.2569982
"073","11pm",9.265611,56.26642,17.19632,17.2716434
"074","11pm",13.186545,57.47907,19.7552,9.5791917
"075","11pm",13.633522,56.9695,19.70064,9.6963354
"076","11pm",21.887541,58.34559,15.58227,4.184597
"077","11pm",15.617295,28.67058,40.86053,14.8515953
"078","11pm",15.739059,35.96763,30.9039,17.3894092
"079","11pm",16.856274,46.42393,22.61132,14.1084738
"080","11pm",21.679055,33.30626,26.82183,18.1928548
"001","12pm",0,22.13252,26.37721,51.4902694
"002","12pm",0,17.96184,39.75057,42.287588
"003","12pm",4.065318,23.18178,36.91686,35.8360429
"004","12pm",6.846193,39.73615,29.42928,23.9883808
"005","12pm",2.96943,21.37067,31.92812,43.7317815
"006","12pm",10.35561,21.17886,28.62723,39.8382927
"007","12pm",0,20.47245,29.34642,50.181132
"008","12pm",10.499933,26.04966,30.48669,32.9637171
"009","12pm",4.047002,29.33395,31.43103,35.1880201
"010","12pm",2.147764,39.57744,33.83956,24.4352417
"011","12pm",2.850711,61.28074,25.48812,10.3804351
"012","12pm",9.658793,46.7376,25.49166,18.1119468
"013","12pm",11.59642,43.78821,26.83866,17.7767181
"014","12pm",8.026582,41.66332,28.87932,21.4307816
"015","12pm",3.787339,36.56836,34.42098,25.2233194
"016","12pm",6.23521,32.05825,32.86766,28.8388749
"017","12pm",5.672818,38.32804,21.36005,34.6390938
"018","12pm",22.278549,42.1117,21.20704,14.4027085
"019","12pm",16.373155,41.75749,30.99933,10.870016
"020","12pm",46.401253,38.78792,13.86201,0.9488193
"021","12pm",10.741011,30.92485,38.97446,19.3596746
"022","12pm",8.620589,36.21816,20.48707,34.6741854
"023","12pm",6.10492,23.96642,38.28947,31.6391875
"024","12pm",17.175301,61.80792,12.13123,8.8855403
"025","12pm",1.51337,24.83429,21.32604,52.3262945
"026","12pm",5.714025,21.04619,21.6983,51.541484
"027","12pm",1.339269,48.62262,25.33338,24.7047382
"028","12pm",2.569206,31.82322,42.54274,23.0648337
"029","12pm",5.564041,42.30701,33.54856,18.580384
"030","12pm",3.196138,28.45769,35.17367,33.1725027
"031","12pm",17.373351,40.25669,31.21582,11.1541432
"032","12pm",3.17291,39.88053,35.83636,21.1102017
"033","12pm",4.614106,51.64948,26.90145,16.8349635
"034","12pm",6.442215,33.27007,38.62017,21.6675444
"035","12pm",1.583559,48.15351,25.35858,24.904352
"036","12pm",4.845782,35.68299,38.292,21.1792227
"037","12pm",2.29654,47.55984,33.77677,16.3668424
"038","12pm",8.752726,31.08857,38.07859,22.0801158
"039","12pm",1.779323,29.20877,47.47447,21.537443
"040","12pm",6.251629,28.29098,32.68103,32.7763642
"041","12pm",7.619068,40.28491,26.01499,26.0810373
"042","12pm",6.002132,38.58967,34.43877,20.9694321
"043","12pm",20.394887,31.91158,30.47941,17.2141226
"044","12pm",10.535791,52.1748,26.98094,10.3084719
"045","12pm",1.728426,60.27648,19.97092,18.0241753
"046","12pm",3.903633,53.78811,25.07881,17.2294529
"047","12pm",6.767182,44.69241,38.70618,9.8342289
"048","12pm",13.457977,39.51823,31.80167,15.2221232
"049","12pm",3.931496,47.92839,30.03103,18.1090852
"050","12pm",7.647706,46.97686,33.61147,11.763956
"051","12pm",9.470406,42.89877,27.25265,20.3781695
"052","12pm",6.770596,34.30932,30.33876,28.5813186
"053","12pm",13.725347,40.84358,25.63668,19.7943945
"054","12pm",8.775615,53.77029,25.85291,11.6011874
"055","12pm",7.31536,45.69359,33.09194,13.8991154
"056","12pm",9.226386,43.00572,37.43946,10.3284353
"057","12pm",2.153249,30.89329,37.3269,29.6265629
"058","12pm",9.772596,65.50131,14.68005,10.046043
"059","12pm",11.460217,58.69644,21.90776,7.9355835
"060","12pm",24.20232,43.86618,29.48098,2.4505227
"061","12pm",11.383107,50.40533,26.76045,11.4511189
"062","12pm",1.803176,49.55583,25.25835,23.3826423
"063","12pm",4.24145,44.23093,32.85335,18.6742666
"064","12pm",5.370092,43.98297,33.11731,17.5296263
"065","12pm",15.33557,47.33279,24.98599,12.3456573
"066","12pm",5.785264,51.39586,23.91498,18.9039006
"067","12pm",10.682659,48.3079,30.40629,10.6031596
"068","12pm",8.733636,50.7031,35.29916,5.2641005
"069","12pm",8.807496,49.66913,28.72133,12.8020424
"070","12pm",10.598042,45.83266,35.12488,8.4444219
"071","12pm",16.690247,65.3401,15.34926,2.6203865
"072","12pm",16.223038,57.67515,18.84481,7.2569982
"073","12pm",9.265611,56.26642,17.19632,17.2716434
"074","12pm",13.10738,57.134,19.6366,10.1220272
"075","12pm",13.691559,57.21202,19.78451,9.3119183
"076","12pm",21.840814,56.91136,16.31058,4.9372407
"077","12pm",15.617295,28.67058,40.86053,14.8515953
"078","12pm",15.783747,36.06975,30.34574,17.800759
"079","12pm",16.620755,45.77529,22.2954,15.3085634
"080","12pm",21.90599,33.68359,26.46178,17.948638
"001","1am",0,22.50102,25.15142,52.3475622
"002","1am",0,21.01566,38.79755,40.1867924
"003","1am",4.047618,23.08085,36.75612,36.1154066
"004","1am",6.651299,38.60496,28.5915,26.1522452
"005","1am",3.063517,21.87988,32.93977,42.1168412
"006","1am",9.995666,20.44272,28.40565,41.155964
"007","1am",0,20.78613,31.08872,48.1251514
"008","1am",11.000888,27.29249,28.92273,32.7838868
"009","1am",4.120082,29.59157,30.4649,35.8234385
"010","1am",2.152455,38.6257,33.91346,25.3083893
"011","1am",2.882781,61.97013,25.29367,9.8534185
"012","1am",9.548342,46.26544,26.28139,17.9048313
"013","1am",11.59642,43.78821,26.83866,17.7767181
"014","1am",7.976073,41.40114,28.69759,21.9251955
"015","1am",3.7681,36.89057,34.24613,25.0951926
"016","1am",6.23521,32.05825,32.86766,28.8388749
"017","1am",5.846042,39.49841,20.08482,34.5707329
"018","1am",22.112965,41.79871,21.04942,15.0389059
"019","1am",16.373155,41.75749,30.99933,10.870016
"020","1am",46.401253,38.78792,13.86201,0.9488193
"021","1am",10.741011,30.92485,38.97446,19.3596746
"022","1am",8.7198,35.95011,20.25686,35.0732347
"023","1am",6.10492,23.96642,38.28947,31.6391875
"024","1am",17.041278,61.32562,12.03657,9.5965293
"025","1am",1.497229,24.56941,21.09858,52.8347825
"026","1am",5.665455,20.8673,21.51386,51.9533895
"027","1am",1.339269,48.62262,25.33338,24.7047382
"028","1am",2.569206,31.82322,42.54274,23.0648337
"029","1am",5.461144,41.52461,34.77747,18.2367717
"030","1am",3.190696,28.5795,35.11378,33.1160189
"031","1am",17.373351,40.25669,31.21582,11.1541432
"032","1am",3.139416,40.51516,35.45806,20.8873573
"033","1am",4.616651,50.98303,26.91628,17.4840363
"034","1am",6.442215,33.27007,38.62017,21.6675444
"035","1am",1.606842,47.87845,25.24419,25.2705161
"036","1am",4.845782,35.68299,38.292,21.1792227
"037","1am",2.294079,48.01468,33.34194,16.3493035
"038","1am",8.58239,33.14867,36.61852,21.6504163
"039","1am",1.779323,29.20877,47.47447,21.537443
"040","1am",6.251629,28.29098,32.68103,32.7763642
"041","1am",7.535291,40.94151,25.72894,25.7942595
"042","1am",5.900491,37.93619,34.67692,21.4864066
"043","1am",20.27555,31.72486,30.8862,17.1133969
"044","1am",10.679599,51.52201,27.34921,10.449177
"045","1am",1.746283,60.89921,20.17725,17.1772578
"046","1am",3.880981,53.47597,25.51357,17.1294708
"047","1am",6.767182,44.69241,38.70618,9.8342289
"048","1am",13.457977,39.51823,31.80167,15.2221232
"049","1am",3.931496,47.92839,30.03103,18.1090852
"050","1am",7.647706,46.97686,33.61147,11.763956
"051","1am",9.340056,42.30831,26.87755,21.4740788
"052","1am",6.903836,34.9845,28.96789,29.1437733
"053","1am",13.622562,40.53771,26.19357,19.6461589
"054","1am",8.818443,54.03271,25.97908,11.1697679
"055","1am",7.210648,46.47093,32.61826,13.7001635
"056","1am",9.226386,43.00572,37.43946,10.3284353
"057","1am",2.179589,30.04792,37.78351,29.9889781
"058","1am",9.772596,65.50131,14.68005,10.046043
"059","1am",11.460217,58.69644,21.90776,7.9355835
"060","1am",24.20232,43.86618,29.48098,2.4505227
"061","1am",11.383107,50.40533,26.76045,11.4511189
"062","1am",1.803176,49.55583,25.25835,23.3826423
"063","1am",4.197885,43.77663,33.54303,18.4824603
"064","1am",5.378044,44.0481,33.01828,17.5555836
"065","1am",15.194435,46.89718,25.67635,12.2320387
"066","1am",5.748151,51.06616,24.40306,18.7826319
"067","1am",10.682659,48.3079,30.40629,10.6031596
"068","1am",8.733636,50.7031,35.29916,5.2641005
"069","1am",8.807496,49.66913,28.72133,12.8020424
"070","1am",10.598042,45.83266,35.12488,8.4444219
"071","1am",16.690247,65.3401,15.34926,2.6203865
"072","1am",16.223038,57.67515,18.84481,7.2569982
"073","1am",9.265611,56.26642,17.19632,17.2716434
"074","1am",13.214715,57.60186,19.7974,9.3860287
"075","1am",13.691559,57.21202,19.78451,9.3119183
"076","1am",21.525465,57.5335,16.07508,4.8659544
"077","1am",15.506508,28.4672,40.57067,15.4556226
"078","1am",15.891672,36.31639,30.55324,17.2387003
"079","1am",16.620755,45.77529,22.2954,15.3085634
"080","1am",21.583476,33.18768,27.54446,17.6843866
"001","2am",0,22.50102,25.15142,52.3475622
"002","2am",0,19.79067,39.39927,40.8100565
"003","2am",4.09563,23.61323,35.74734,36.5437961
"004","2am",6.757999,39.22426,29.05016,24.9675794
"005","2am",3.373048,21.81001,32.83458,41.9823566
"006","2am",9.995666,20.44272,28.40565,41.155964
"007","2am",0,20.78613,31.08872,48.1251514
"008","2am",10.814102,26.82909,30.12956,32.2272448
"009","2am",4.049072,29.69786,30.1755,36.0775705
"010","2am",2.160731,38.38972,34.04385,25.4056982
"011","2am",2.867713,61.64621,25.68416,9.8019147
"012","2am",9.484467,45.95594,26.77453,17.7850559
"013","2am",11.668219,43.44017,27.00483,17.8867825
"014","2am",7.961532,41.32566,28.08657,22.6262372
"015","2am",3.478773,37.00149,34.3491,25.1706429
"016","2am",6.23521,32.05825,32.86766,28.8388749
"017","2am",5.846042,39.49841,20.08482,34.5707329
"018","2am",22.112965,41.79871,21.04942,15.0389059
"019","2am",16.373155,41.75749,30.99933,10.870016
"020","2am",46.401253,38.78792,13.86201,0.9488193
"021","2am",10.741011,30.92485,38.97446,19.3596746
"022","2am",8.7198,35.95011,20.25686,35.0732347
"023","2am",6.10492,23.96642,38.28947,31.6391875
"024","2am",17.041278,61.32562,12.03657,9.5965293
"025","2am",1.497229,24.56941,21.09858,52.8347825
"026","2am",5.665455,20.8673,21.51386,51.9533895
"027","2am",1.329232,49.00764,25.14353,24.5196003
"028","2am",2.567864,31.80659,41.61394,24.011605
"029","2am",5.429235,41.28199,35.15856,18.1302165
"030","2am",3.190696,28.5795,35.11378,33.1160189
"031","2am",17.373351,40.25669,31.21582,11.1541432
"032","2am",3.139416,40.51516,35.45806,20.8873573
"033","2am",4.616651,50.98303,26.91628,17.4840363
"034","2am",6.442215,33.27007,38.62017,21.6675444
"035","2am",1.606842,47.87845,25.24419,25.2705161
"036","2am",4.845782,35.68299,38.292,21.1792227
"037","2am",2.227402,46.61914,33.34654,17.8069174
"038","2am",8.58239,33.14867,36.61852,21.6504163
"039","2am",1.763867,29.82368,47.06209,21.3503635
"040","2am",6.251629,28.29098,32.68103,32.7763642
"041","2am",7.535291,40.94151,25.72894,25.7942595
"042","2am",5.900491,37.93619,34.67692,21.4864066
"043","2am",20.27555,31.72486,30.8862,17.1133969
"044","2am",10.679599,51.52201,27.34921,10.449177
"045","2am",1.78928,62.39869,20.67406,15.1379779
"046","2am",3.880981,53.47597,25.51357,17.1294708
"047","2am",6.767182,44.69241,38.70618,9.8342289
"048","2am",13.457977,39.51823,31.80167,15.2221232
"049","2am",3.931496,47.92839,30.03103,18.1090852
"050","2am",7.647706,46.97686,33.61147,11.763956
"051","2am",9.340056,42.30831,26.87755,21.4740788
"052","2am",6.878065,35.22719,28.85976,29.0349854
"053","2am",13.622562,40.53771,26.19357,19.6461589
"054","2am",8.818443,54.03271,25.97908,11.1697679
"055","2am",7.210648,46.47093,32.61826,13.7001635
"056","2am",9.311852,43.40409,37.78627,9.4977846
"057","2am",2.179589,30.04792,37.78351,29.9889781
"058","2am",9.703526,65.03836,14.57629,10.6818178
"059","2am",11.460217,58.69644,21.90776,7.9355835
"060","2am",24.20232,43.86618,29.48098,2.4505227
"061","2am",11.383107,50.40533,26.76045,11.4511189
"062","2am",1.803176,49.55583,25.25835,23.3826423
"063","2am",4.228842,43.36201,33.79039,18.6187572
"064","2am",5.428265,44.45942,33.3266,16.7857158
"065","2am",15.194435,46.89718,25.67635,12.2320387
"066","2am",5.683174,50.4889,24.12721,19.7007134
"067","2am",10.682659,48.3079,30.40629,10.6031596
"068","2am",8.733636,50.7031,35.29916,5.2641005
"069","2am",8.807496,49.66913,28.72133,12.8020424
"070","2am",10.598042,45.83266,35.12488,8.4444219
"071","2am",16.690247,65.3401,15.34926,2.6203865
"072","2am",16.223038,57.67515,18.84481,7.2569982
"073","2am",9.265611,56.26642,17.19632,17.2716434
"074","2am",13.214715,57.60186,19.7974,9.3860287
"075","2am",13.691559,57.21202,19.78451,9.3119183
"076","2am",21.525465,57.5335,16.07508,4.8659544
"077","2am",15.30545,28.09809,41.34123,15.2552237
"078","2am",15.777146,36.05467,31.05372,17.1144668
"079","2am",16.620755,45.77529,22.2954,15.3085634
"080","2am",21.583476,33.18768,27.54446,17.6843866
"001","3am",0,22.50102,25.15142,52.3475622
"002","3am",0,19.79067,39.39927,40.8100565
"003","3am",4.10756,23.68202,35.56018,36.6502463
"004","3am",6.757999,39.22426,29.05016,24.9675794
"005","3am",3.373048,21.81001,32.83458,41.9823566
"006","3am",9.995666,20.44272,28.40565,41.155964
"007","3am",0,20.78613,31.08872,48.1251514
"008","3am",10.814102,26.82909,30.12956,32.2272448
"009","3am",4.049072,29.69786,30.1755,36.0775705
"010","3am",2.158404,38.45606,34.0072,25.3783419
"011","3am",2.867713,61.64621,25.68416,9.8019147
"012","3am",9.484467,45.95594,26.77453,17.7850559
"013","3am",11.668219,43.44017,27.00483,17.8867825
"014","3am",7.979588,41.19259,28.15027,22.6775528
"015","3am",3.478773,37.00149,34.3491,25.1706429
"016","3am",6.23521,32.05825,32.86766,28.8388749
"017","3am",5.846042,39.49841,20.08482,34.5707329
"018","3am",22.112965,41.79871,21.04942,15.0389059
"019","3am",16.373155,41.75749,30.99933,10.870016
"020","3am",46.401253,38.78792,13.86201,0.9488193
"021","3am",10.741011,30.92485,38.97446,19.3596746
"022","3am",8.7198,35.95011,20.25686,35.0732347
"023","3am",6.10492,23.96642,38.28947,31.6391875
"024","3am",17.041278,61.32562,12.03657,9.5965293
"025","3am",1.497229,24.56941,21.09858,52.8347825
"026","3am",5.665455,20.8673,21.51386,51.9533895
"027","3am",1.339539,49.38763,24.56311,24.7097188
"028","3am",2.567864,31.80659,41.61394,24.011605
"029","3am",5.429235,41.28199,35.15856,18.1302165
"030","3am",3.204047,28.28064,35.26072,33.2545963
"031","3am",17.373351,40.25669,31.21582,11.1541432
"032","3am",3.139416,40.51516,35.45806,20.8873573
"033","3am",4.616651,50.98303,26.91628,17.4840363
"034","3am",6.442215,33.27007,38.62017,21.6675444
"035","3am",1.606842,47.87845,25.24419,25.2705161
"036","3am",4.810888,35.42604,38.73636,21.026711
"037","3am",2.227402,46.61914,33.34654,17.8069174
"038","3am",8.524279,33.60132,36.37058,21.5038229
"039","3am",1.763867,29.82368,47.06209,21.3503635
"040","3am",6.251629,28.29098,32.68103,32.7763642
"041","3am",7.535291,40.94151,25.72894,25.7942595
"042","3am",5.900491,37.93619,34.67692,21.4864066
"043","3am",20.27555,31.72486,30.8862,17.1133969
"044","3am",10.752831,51.18959,27.53675,10.520829
"045","3am",1.78928,62.39869,20.67406,15.1379779
"046","3am",3.880981,53.47597,25.51357,17.1294708
"047","3am",6.767182,44.69241,38.70618,9.8342289
"048","3am",13.457977,39.51823,31.80167,15.2221232
"049","3am",3.95888,47.5657,30.2402,18.2352205
"050","3am",7.647706,46.97686,33.61147,11.763956
"051","3am",9.340056,42.30831,26.87755,21.4740788
"052","3am",6.878065,35.22719,28.85976,29.0349854
"053","3am",13.753777,39.96495,26.44587,19.8353948
"054","3am",8.818443,54.03271,25.97908,11.1697679
"055","3am",7.160842,46.84067,32.39296,13.6055324
"056","3am",9.311852,43.40409,37.78627,9.4977846
"057","3am",2.179589,30.04792,37.78351,29.9889781
"058","3am",9.703526,65.03836,14.57629,10.6818178
"059","3am",11.460217,58.69644,21.90776,7.9355835
"060","3am",24.20232,43.86618,29.48098,2.4505227
"061","3am",11.383107,50.40533,26.76045,11.4511189
"062","3am",1.803176,49.55583,25.25835,23.3826423
"063","3am",4.228842,43.36201,33.79039,18.6187572
"064","3am",5.428265,44.45942,33.3266,16.7857158
"065","3am",15.194435,46.89718,25.67635,12.2320387
"066","3am",5.683174,50.4889,24.12721,19.7007134
"067","3am",10.609091,48.66388,30.19689,10.5301396
"068","3am",8.733636,50.7031,35.29916,5.2641005
"069","3am",8.807496,49.66913,28.72133,12.8020424
"070","3am",10.598042,45.83266,35.12488,8.4444219
"071","3am",16.690247,65.3401,15.34926,2.6203865
"072","3am",16.223038,57.67515,18.84481,7.2569982
"073","3am",9.192446,55.82212,17.85018,17.1352585
"074","3am",13.214715,57.60186,19.7974,9.3860287
"075","3am",13.802315,57.67483,19.13561,9.387246
"076","3am",21.525465,57.5335,16.07508,4.8659544
"077","3am",15.30545,28.09809,41.34123,15.2552237
"078","3am",15.777146,36.05467,31.05372,17.1144668
"079","3am",16.620755,45.77529,22.2954,15.3085634
"080","3am",21.583476,33.18768,27.54446,17.6843866
