"district","hour","mode1","mode2","mode3"
"001","4am",19.925154,8.247562,71.827284
"002","4am",16.7981775,9.590172,73.611651
"003","4am",15.8831807,16.996461,67.120358
"004","4am",12.9269141,41.294614,45.778472
"005","4am",13.4806083,33.736085,52.783306
"006","4am",21.8344986,28.366744,49.798758
"007","4am",12.9212592,41.793575,45.285166
"008","4am",15.2448798,56.333185,28.421935
"009","4am",18.3392817,32.208675,49.452043
"010","4am",18.4265408,47.46669,34.106769
"011","4am",20.1121371,61.334544,18.553319
"012","4am",25.2248745,43.731168,31.043958
"013","4am",16.0937054,56.337872,27.568422
"014","4am",19.4545677,55.648105,24.897327
"015","4am",17.1059977,60.136251,22.757752
"016","4am",13.1963071,72.419855,14.383837
"017","4am",26.9946736,49.32824,23.677087
"018","4am",28.1437466,38.022195,33.834058
"019","4am",20.08105,48.330793,31.588157
"020","4am",28.5623977,30.224669,41.212934
"021","4am",21.2404132,56.67061,22.088977
"022","4am",30.0584962,38.931351,31.010153
"023","4am",9.3964191,64.103132,26.500449
"024","4am",16.9080778,62.937199,20.154723
"025","4am",27.4987307,44.179152,28.322117
"026","4am",18.1505719,59.341336,22.508092
"027","4am",5.9354519,74.184396,19.880152
"028","4am",27.9808524,43.704116,28.315031
"029","4am",15.5392728,68.140899,16.319828
"030","4am",11.5842676,73.039102,15.37663
"031","4am",3.8724484,70.375044,25.752508
"032","4am",7.3824498,69.618374,22.999176
"033","4am",6.2415136,77.901253,15.857233
"034","4am",2.7252247,81.762428,15.512347
"035","4am",5.3395863,70.941026,23.719388
"036","4am",10.7918802,74.117457,15.090663
"037","4am",3.6780437,77.24271,19.079246
"038","4am",7.0648198,85.898438,7.036742
"039","4am",13.2708224,77.918921,8.810257
"040","4am",5.7058818,79.001313,15.292806
"041","4am",3.6931788,79.54718,16.759641
"042","4am",7.8726938,76.462537,15.664769
"043","4am",7.713324,76.519642,15.767034
"044","4am",3.3041672,70.094311,26.601522
"045","4am",10.8010898,66.331626,22.867284
"046","4am",6.8437566,73.145956,20.010287
"047","4am",0.9324703,80.223203,18.844327
"048","4am",9.9582772,77.049286,12.992436
"049","4am",8.0092997,79.226303,12.764397
"050","4am",2.206394,86.003587,11.790019
"051","4am",5.9637704,84.572222,9.464007
"052","4am",3.8984909,83.391623,12.709886
"053","4am",2.7403566,80.142291,17.117352
"054","4am",3.8139071,86.037459,10.148634
"055","4am",4.4509229,78.15642,17.392657
"056","4am",4.2038598,61.147434,34.648706
"057","4am",4.9747943,83.522093,11.503113
"058","4am",4.738732,81.469814,13.791454
"059","4am",3.5496183,68.095329,28.355053
"060","4am",3.3844586,75.797522,20.818019
"061","4am",2.9979772,80.136137,16.865886
"062","4am",6.1649265,78.991905,14.843169
"063","4am",5.2521283,84.327467,10.420405
"064","4am",3.9597637,72.211318,23.828919
"065","4am",7.0836995,59.947972,32.968328
"066","4am",0.751647,76.104069,23.144284
"067","4am",3.6939927,77.054246,19.251761
"068","4am",1.5685665,70.370856,28.060578
"069","4am",2.8898477,77.345281,19.764871
"070","4am",1.5509785,70.918832,27.530189
"071","4am",5.9373808,74.907053,19.155566
"072","4am",0.9747709,79.171221,19.854008
"073","4am",9.1542026,39.390201,51.455596
"074","4am",3.9673671,61.313744,34.718889
"075","4am",10.6040337,74.153515,15.242452
"076","4am",5.2956408,66.658012,28.046348
"077","4am",0.9640435,69.161037,29.874919
"078","4am",0,73.777956,26.222044
"079","4am",0,71.070062,28.929938
"080","4am",3.4450402,62.845467,33.709493
"001","5am",19.5814659,10.525829,69.892705
"002","5am",17.731105,9.482639,72.786256
"003","5am",15.6220397,17.545445,66.832515
"004","5am",13.0109367,40.91304,46.076023
"005","5am",13.4806083,33.736085,52.783306
"006","5am",21.8344986,28.366744,49.798758
"007","5am",12.8753277,42.000483,45.12419
"008","5am",14.83172,56.607795,28.560485
"009","5am",20.546303,31.727845,47.725852
"010","5am",18.8964455,47.905834,33.19772
"011","5am",19.8483011,60.94637,19.205329
"012","5am",25.6727424,43.712975,30.614283
"013","5am",15.5639624,57.775062,26.660976
"014","5am",19.7441606,54.987901,25.267939
"015","5am",17.3054684,59.671405,23.023127
"016","5am",12.4743753,72.840498,14.685127
"017","5am",26.7737098,50.657301,22.568989
"018","5am",28.6151947,38.018121,33.366684
"019","5am",20.08105,48.330793,31.588157
"020","5am",28.4851764,29.177101,42.337723
"021","5am",21.3771461,56.391681,22.231173
"022","5am",29.6580515,39.744918,30.59703
"023","5am",9.0334119,65.489918,25.476671
"024","5am",15.2587141,64.487638,20.253647
"025","5am",27.3092315,44.563824,28.126944
"026","5am",18.1505719,59.341336,22.508092
"027","5am",5.9913309,74.760505,19.248164
"028","5am",28.0713705,43.593015,28.335614
"029","5am",15.9031092,68.347824,15.749067
"030","5am",11.5842676,73.039102,15.37663
"031","5am",3.9322288,69.917712,26.150059
"032","5am",7.3326763,69.823212,22.844112
"033","5am",6.2165788,77.989538,15.793884
"034","5am",2.6839539,82.038618,15.277428
"035","5am",5.1756248,71.833333,22.991042
"036","5am",10.6798546,74.386132,14.934014
"037","5am",3.7063156,78.20674,18.086944
"038","5am",7.1060727,85.816096,7.077831
"039","5am",13.3692885,78.608819,8.021892
"040","5am",5.6684361,79.13912,15.192444
"041","5am",3.6931788,79.54718,16.759641
"042","5am",7.9715362,76.167022,15.861442
"043","5am",7.6759887,76.633295,15.690716
"044","5am",2.7776535,70.475978,26.746368
"045","5am",10.9740917,66.483789,22.542119
"046","5am",6.7397949,73.553889,19.706316
"047","5am",0.9800575,79.213922,19.80602
"048","5am",9.9582772,77.049286,12.992436
"049","5am",7.8371735,79.672746,12.490081
"050","5am",2.2203822,85.914853,11.864765
"051","5am",6.0752129,84.28393,9.640857
"052","5am",3.9263591,83.272898,12.800743
"053","5am",2.7403566,80.142291,17.117352
"054","5am",3.8657491,85.847668,10.286583
"055","5am",4.5503808,79.09178,16.357839
"056","5am",4.275894,60.481685,35.242421
"057","5am",4.9037287,83.757482,11.338789
"058","5am",4.8727734,80.945663,14.181564
"059","5am",3.5502265,67.543305,28.906469
"060","5am",3.300917,75.962357,20.736726
"061","5am",3.0500619,79.791037,17.158901
"062","5am",6.1829997,78.930317,14.886683
"063","5am",5.4229406,83.817757,10.759302
"064","5am",3.9597637,72.211318,23.828919
"065","5am",7.1390856,59.634813,33.226101
"066","5am",0.751647,76.104069,23.144284
"067","5am",3.791409,76.449131,19.75946
"068","5am",1.6145316,69.502606,28.882862
"069","5am",2.9999557,76.482098,20.517946
"070","5am",1.5041407,71.797049,26.69881
"071","5am",6.0661081,74.363018,19.570874
"072","5am",0.9991273,78.650777,20.350096
"073","5am",6.780563,39.608582,53.610855
"074","5am",4.0905872,62.869808,33.039605
"075","5am",10.5361346,74.319013,15.144852
"076","5am",5.328438,66.451517,28.220045
"077","5am",0.9702422,68.962743,30.067014
"078","5am",0,73.529607,26.470393
"079","5am",0,71.070062,28.929938
"080","5am",3.5050238,63.939706,32.55527
"001","6am",19.2708913,11.409038,69.320071
"002","6am",17.9351504,9.591763,72.473087
"003","6am",16.671167,18.005096,65.323737
"004","6am",13.2247608,40.602658,46.172582
"005","6am",13.5456066,33.416586,53.037807
"006","6am",21.5673385,29.172334,49.260328
"007","6am",13.3149091,41.40646,45.278631
"008","6am",14.5049938,56.5877,28.907306
"009","6am",21.5747597,32.821794,45.603447
"010","6am",18.6494962,47.450843,33.899661
"011","6am",18.4455661,62.642508,18.911926
"012","6am",25.4131944,43.526369,31.060436
"013","6am",14.8175614,59.800043,25.382395
"014","6am",20.0284248,55.164919,24.806657
"015","6am",16.9183364,59.162781,23.918883
"016","6am",12.0194631,72.629384,15.351153
"017","6am",25.5664844,51.279918,23.153598
"018","6am",28.1105605,38.464459,33.424981
"019","6am",19.7823468,46.755269,33.462385
"020","6am",28.8474634,28.939849,42.212687
"021","6am",22.0545259,55.00986,22.935614
"022","6am",29.80114,41.463299,28.735561
"023","6am",9.0846483,65.23711,25.678242
"024","6am",15.4939255,63.079703,21.426372
"025","6am",26.1365447,46.075543,27.787912
"026","6am",18.3689043,59.957345,21.673751
"027","6am",5.8925411,75.176674,18.930785
"028","6am",27.2324807,44.757798,28.009721
"029","6am",14.819814,68.753712,16.426474
"030","6am",11.311781,73.67328,15.014939
"031","6am",3.9071767,69.091226,27.001598
"032","6am",6.2301285,72.239806,21.530065
"033","6am",5.4981001,78.283771,16.218129
"034","6am",2.7066744,81.886569,15.406757
"035","6am",4.8725003,74.01312,21.11438
"036","6am",10.6293356,74.507293,14.863371
"037","6am",2.1001483,79.22429,18.675562
"038","6am",6.3408336,87.076189,6.582978
"039","6am",13.0529546,78.598291,8.348755
"040","6am",5.6749931,79.114989,15.210018
"041","6am",5.0924596,77.781154,17.126387
"042","6am",8.1855483,74.519105,17.295346
"043","6am",7.6115506,76.829453,15.558996
"044","6am",2.9202001,69.544624,27.535176
"045","6am",11.3789281,66.681247,21.939825
"046","6am",4.5256735,74.734561,20.739766
"047","6am",0.9951181,79.076392,19.92849
"048","6am",5.8814726,80.416446,13.702081
"049","6am",6.6475354,81.769553,11.582912
"050","6am",2.2465791,87.259852,10.493569
"051","6am",6.3711374,83.518398,10.110465
"052","6am",2.1414306,83.916473,13.942096
"053","6am",2.9444907,79.230079,17.825431
"054","6am",3.9269908,86.357939,9.71507
"055","6am",3.4663316,78.393198,18.140471
"056","6am",4.275894,59.938767,35.785339
"057","6am",3.9965003,84.413645,11.589854
"058","6am",4.819629,81.153477,14.026894
"059","6am",2.7282327,65.590168,31.681599
"060","6am",3.4146236,75.08127,21.504106
"061","6am",3.2944426,77.750441,18.955116
"062","6am",4.4920965,78.497833,17.01007
"063","6am",4.7688341,84.613666,10.6175
"064","6am",3.4379757,72.564086,23.997938
"065","6am",4.6291333,60.559291,34.811576
"066","6am",0,74.959901,25.040099
"067","6am",3.7586568,76.652576,19.588767
"068","6am",0.8567777,69.558288,29.584934
"069","6am",3.0518889,76.074973,20.873139
"070","6am",1.4516661,72.78096,25.767374
"071","6am",3.4003996,75.702313,20.897287
"072","6am",0.4303659,78.529808,21.039826
"073","6am",3.4673957,40.835133,55.697472
"074","6am",3.9796042,63.877199,32.143197
"075","6am",10.6140712,74.083519,15.302409
"076","6am",3.5324323,68.281071,28.186496
"077","6am",1.0102596,67.682621,31.307119
"078","6am",0,72.738418,27.261582
"079","6am",0,69.201717,30.798283
"080","6am",2.7350914,65.049223,32.215686
"001","7am",21.9038935,15.98845,62.107659
"002","7am",19.6174667,11.30984,69.072691
"003","7am",22.8843743,20.55177,56.563853
"004","7am",11.5735997,39.45448,48.971917
"005","7am",15.9448277,33.19692,50.858251
"006","7am",25.5853688,26.76784,47.646794
"007","7am",13.6500442,39.64111,46.708842
"008","7am",16.0033352,53.32968,30.666989
"009","7am",29.5419626,35.82519,34.632848
"010","7am",17.1378179,47.7362,35.12598
"011","7am",16.1866997,65.61827,18.195026
"012","7am",24.7833097,43.59745,31.61924
"013","7am",11.6124957,63.13531,25.252197
"014","7am",15.9878033,56.71251,27.299688
"015","7am",15.8243586,59.2247,24.950941
"016","7am",13.1091349,71.48441,15.406455
"017","7am",28.6345648,48.88278,22.482653
"018","7am",20.525096,45.30718,34.167726
"019","7am",23.5881009,47.71641,28.695487
"020","7am",21.837496,35.45019,42.71231
"021","7am",19.954458,56.21073,23.834814
"022","7am",24.9094348,47.85214,27.238425
"023","7am",14.5481497,64.46417,20.98768
"024","7am",14.6466152,64.19684,21.15654
"025","7am",32.9579986,39.68492,27.357077
"026","7am",15.0950042,59.9748,24.930191
"027","7am",4.3343828,78.40872,17.256894
"028","7am",23.619694,51.16461,25.215692
"029","7am",13.4591356,68.54767,17.993196
"030","7am",12.285863,73.56244,14.151699
"031","7am",0.9797866,69.1884,29.831818
"032","7am",5.4336267,75.67586,18.89051
"033","7am",7.5465232,76.31915,16.134331
"034","7am",0,85.5371,14.4629
"035","7am",5.2985818,78.21742,16.484002
"036","7am",10.9736835,73.45486,15.571452
"037","7am",1.2425718,80.87419,17.883235
"038","7am",3.7663093,88.75839,7.475298
"039","7am",15.5030992,74.58102,9.915883
"040","7am",5.2886214,78.75045,15.960926
"041","7am",3.2868304,82.0338,14.67937
"042","7am",4.5305411,76.98618,18.48328
"043","7am",5.8158543,79.97548,14.208666
"044","7am",2.061657,58.95435,38.983994
"045","7am",8.355599,69.10576,22.538646
"046","7am",4.5184339,70.04341,25.43816
"047","7am",0,80.08685,19.913145
"048","7am",4.062122,84.68599,11.25189
"049","7am",2.8520329,85.17514,11.972826
"050","7am",1.883312,85.80441,12.312278
"051","7am",2.4175643,84.56897,13.013462
"052","7am",0,83.60322,16.396779
"053","7am",0,77.01787,22.982134
"054","7am",0.9952085,88.89931,10.10548
"055","7am",1.0800878,82.42679,16.493123
"056","7am",3.0912213,58.07024,38.838541
"057","7am",4.3356124,80.84734,14.817046
"058","7am",3.8611447,79.96311,16.175744
"059","7am",1.513016,68.931,29.55598
"060","7am",14.1451691,65.81925,20.035579
"061","7am",0,79.4785,20.521495
"062","7am",3.7810008,76.24478,19.974224
"063","7am",4.2818051,82.00687,13.711323
"064","7am",1.3499541,71.60933,27.04072
"065","7am",0,63.13313,36.866874
"066","7am",0,72.27574,27.724265
"067","7am",0,79.56426,20.435739
"068","7am",0,70.37809,29.621909
"069","7am",1.8525064,77.08494,21.062549
"070","7am",1.2271063,70.30424,28.468653
"071","7am",2.7748661,73.57971,23.645423
"072","7am",0.5105437,77.92523,21.564228
"073","7am",2.7038367,46.70555,50.590611
"074","7am",6.7269254,63.18944,30.083632
"075","7am",15.6592669,70.02466,14.316075
"076","7am",3.4942622,67.86532,28.640415
"077","7am",0,65.29324,34.706762
"078","7am",3.7189597,69.61038,26.670662
"079","7am",5.4433953,63.0459,31.510701
"080","7am",1.3030142,64.35562,34.341369
"001","8am",24.0207147,18.60295,57.37634
"002","8am",29.8569888,12.69301,57.449998
"003","8am",31.4719267,21.46359,47.06448
"004","8am",9.8352669,46.80282,43.361916
"005","8am",17.2543882,34.14874,48.596868
"006","8am",27.2968896,29.91603,42.787084
"007","8am",19.6378994,31.88571,48.47639
"008","8am",13.0817596,55.27045,31.647788
"009","8am",30.5016927,40.38417,29.114139
"010","8am",21.1243102,44.22085,34.654837
"011","8am",14.4179841,70.96159,14.620427
"012","8am",20.3152676,44.27936,35.405368
"013","8am",9.3914412,64.24183,26.366724
"014","8am",12.2856716,61.00813,26.706201
"015","8am",15.6167819,59.93195,24.451272
"016","8am",18.7856198,62.42248,18.791896
"017","8am",31.8278134,45.95994,22.212245
"018","8am",19.3550091,49.70318,30.941812
"019","8am",19.4272044,55.48566,25.087136
"020","8am",20.9286852,35.50625,43.565066
"021","8am",19.8683301,55.71728,24.414393
"022","8am",21.7748659,52.32953,25.895602
"023","8am",14.9466718,68.45057,16.602757
"024","8am",12.9315702,61.92006,25.148365
"025","8am",30.6904886,40.04654,29.262974
"026","8am",20.0997259,54.20593,25.694339
"027","8am",7.1478125,81.54928,11.302908
"028","8am",24.7524274,51.18492,24.06265
"029","8am",11.9167894,71.02344,17.05977
"030","8am",18.2788652,71.27459,10.446544
"031","8am",1.0780357,64.87165,34.05031
"032","8am",4.7269839,79.68636,15.586659
"033","8am",12.7689545,72.14772,15.083321
"034","8am",0,88.8214,11.178605
"035","8am",5.5246329,77.28709,17.188276
"036","8am",4.7081256,77.17216,18.11971
"037","8am",0,80.01818,19.981821
"038","8am",2.7255804,84.62774,12.646677
"039","8am",11.2645807,78.85537,9.880051
"040","8am",10.9877761,73.71426,15.297967
"041","8am",5.2330351,79.81729,14.949677
"042","8am",6.0812802,75.89226,18.026457
"043","8am",8.2584409,79.40904,12.332519
"044","8am",8.9572095,56.53726,34.505526
"045","8am",8.5759184,69.40159,22.02249
"046","8am",5.4200737,66.45051,28.129416
"047","8am",1.786976,73.08953,25.123492
"048","8am",1.8514534,86.26179,11.886752
"049","8am",0.7632626,76.59346,22.643276
"050","8am",2.4987486,78.30231,19.198941
"051","8am",3.005879,80.00395,16.990174
"052","8am",0,84.31894,15.681058
"053","8am",0,72.80939,27.190611
"054","8am",2.400974,83.975,13.624024
"055","8am",1.2378408,76.43673,22.325424
"056","8am",3.3251527,58.77008,37.904771
"057","8am",3.3960109,81.89581,14.708179
"058","8am",1.6410247,81.38336,16.975612
"059","8am",0.9578159,66.24588,32.796302
"060","8am",13.3350608,60.82201,25.842929
"061","8am",0,76.40982,23.590175
"062","8am",1.5561829,81.19048,17.253341
"063","8am",1.7255626,80.85124,17.423199
"064","8am",0,64.4092,35.590803
"065","8am",4.7182238,59.44036,35.841416
"066","8am",0,69.23703,30.762968
"067","8am",0,74.87773,25.122265
"068","8am",0,66.34785,33.652151
"069","8am",0.5482575,70.55019,28.901552
"070","8am",1.3459405,69.61658,29.03748
"071","8am",1.7513311,72.26956,25.979104
"072","8am",0.4978131,75.97261,23.529577
"073","8am",3.1902155,44.1595,52.650283
"074","8am",6.5617588,63.50876,29.92948
"075","8am",13.4981968,72.62238,13.879421
"076","8am",3.8035073,63.73475,32.46174
"077","8am",0,55.564,44.435998
"078","8am",3.3137387,72.8126,23.873666
"079","8am",6.5436524,63.41836,30.037988
"080","8am",1.5165537,60.9879,37.495549
"001","9am",28.6942593,19.50714,51.798603
"002","9am",28.9464015,21.33001,49.723592
"003","9am",32.4115535,22.7969,44.791542
"004","9am",13.7771884,44.1182,42.10461
"005","9am",13.2489129,34.2654,52.485686
"006","9am",28.1216753,30.02081,41.857513
"007","9am",23.5314539,30.79546,45.673091
"008","9am",12.9211119,55.55038,31.528509
"009","9am",31.968207,41.4749,26.556888
"010","9am",26.4704883,42.57674,30.952772
"011","9am",13.7545431,69.69222,16.553235
"012","9am",18.3059664,41.82485,39.869186
"013","9am",8.9335045,68.49775,22.568746
"014","9am",11.8311679,59.95072,28.218113
"015","9am",21.0546909,56.28675,22.658557
"016","9am",18.2344083,59.01949,22.746102
"017","9am",26.3710451,49.00556,24.623393
"018","9am",14.3303508,52.43518,33.234472
"019","9am",19.7077719,57.86356,22.428665
"020","9am",17.6026667,37.74569,44.651642
"021","9am",19.7553945,58.96632,21.27829
"022","9am",22.1525564,58.94528,18.902165
"023","9am",15.7289796,71.83351,12.437514
"024","9am",14.2798455,59.01861,26.701545
"025","9am",32.5461039,36.97795,30.475948
"026","9am",17.9816913,54.9356,27.082712
"027","9am",6.6310546,82.86949,10.499451
"028","9am",21.9043374,56.62848,21.467184
"029","9am",10.833795,73.06338,16.102829
"030","9am",18.4019945,67.63497,13.96304
"031","9am",1.1557784,65.17677,33.667451
"032","9am",3.7396142,83.90357,12.35682
"033","9am",12.0266543,72.45964,15.513701
"034","9am",0,89.92638,10.073619
"035","9am",4.2590926,81.18587,14.555034
"036","9am",3.2616901,84.69073,12.047582
"037","9am",0,81.00011,18.999886
"038","9am",3.6261756,83.77542,12.598407
"039","9am",11.3073009,75.17137,13.521333
"040","9am",11.2152964,74.39772,14.386984
"041","9am",4.8091916,80.12122,15.069588
"042","9am",4.4607811,75.6829,19.856319
"043","9am",8.3217895,81.00672,10.671496
"044","9am",7.3167452,57.37141,35.31185
"045","9am",5.5092616,72.12243,22.368309
"046","9am",5.1750227,66.66468,28.160302
"047","9am",1.6591529,76.47141,21.86944
"048","9am",3.5509824,78.30414,18.144881
"049","9am",2.0872012,75.22477,22.688029
"050","9am",1.1500427,78.51782,20.332136
"051","9am",3.2690071,78.77158,17.959417
"052","9am",0,82.57908,17.420922
"053","9am",0,66.13458,33.865423
"054","9am",2.3407812,84.35731,13.301913
"055","9am",0,71.69372,28.306278
"056","9am",3.321375,59.45107,37.227557
"057","9am",2.0996602,80.89917,17.001172
"058","9am",2.2475878,78.94582,18.806587
"059","9am",1.8735228,64.52103,33.60545
"060","9am",13.4947312,65.26784,21.237427
"061","9am",0,72.31626,27.683744
"062","9am",1.7387665,74.69676,23.564473
"063","9am",2.1250628,79.34601,18.52893
"064","9am",0,65.22549,34.774511
"065","9am",5.5840931,61.01317,33.402734
"066","9am",0,67.70079,32.299209
"067","9am",0.7200307,72.81178,26.468194
"068","9am",0,67.17832,32.821677
"069","9am",0,76.36788,23.632122
"070","9am",1.2907893,70.36563,28.343582
"071","9am",2.695048,71.57198,25.732968
"072","9am",0.4708581,73.7,25.829144
"073","9am",2.4661521,44.73052,52.803325
"074","9am",8.1576833,66.57611,25.266209
"075","9am",14.1107311,76.13131,9.757954
"076","9am",3.9469222,63.07096,32.982116
"077","9am",0,55.15108,44.84892
"078","9am",3.6345909,71.5861,24.779314
"079","9am",7.3118672,62.6704,30.017731
"080","9am",1.4373609,64.65047,33.912168
"001","10am",28.1618782,19.13437,52.70375
"002","10am",32.4365404,22.01819,45.545266
"003","10am",29.9761435,24.30222,45.72164
"004","10am",11.1267717,44.16028,44.712953
"005","10am",13.2916974,33.06789,53.640417
"006","10am",25.6990143,30.82745,43.473533
"007","10am",26.5134335,29.76728,43.719291
"008","10am",12.6877096,60.12213,27.190161
"009","10am",31.1086268,39.77254,29.118828
"010","10am",22.5347586,48.4686,28.99664
"011","10am",11.7612535,71.33044,16.908309
"012","10am",18.2268471,43.44958,38.323572
"013","10am",8.7131775,68.74953,22.537291
"014","10am",12.240776,61.03703,26.72219
"015","10am",17.9424129,57.97201,24.085578
"016","10am",16.3249885,57.95351,25.7215
"017","10am",25.4595951,49.45616,25.084242
"018","10am",13.1752738,51.90259,34.922138
"019","10am",19.6976343,55.12473,25.177635
"020","10am",24.5401674,33.94935,41.510485
"021","10am",20.2468827,53.52854,26.224574
"022","10am",21.6074887,60.17415,18.218365
"023","10am",18.3362882,69.75377,11.909944
"024","10am",19.7137055,58.48576,21.800536
"025","10am",35.1380706,34.61528,30.246645
"026","10am",15.8069878,57.29634,26.896667
"027","10am",6.9868854,83.12418,9.888936
"028","10am",25.6144277,55.8683,18.517274
"029","10am",11.3909123,70.35754,18.251549
"030","10am",15.1992434,68.13916,16.661601
"031","10am",1.1781731,63.85236,34.96947
"032","10am",2.9014228,84.73573,12.362851
"033","10am",11.7946407,74.60361,13.60175
"034","10am",0,89.05821,10.941788
"035","10am",5.662269,80.44961,13.888126
"036","10am",3.0418784,83.317,13.641123
"037","10am",0,83.78638,16.213622
"038","10am",3.8681695,85.29588,10.835954
"039","10am",10.980059,77.07707,11.94287
"040","10am",10.5979694,71.78774,17.614294
"041","10am",5.3600335,78.35865,16.281313
"042","10am",4.6614043,77.87019,17.468403
"043","10am",9.2809895,81.29586,9.423146
"044","10am",5.4255429,58.04666,36.527799
"045","10am",5.0523405,69.38687,25.560789
"046","10am",5.0426674,64.08388,30.873455
"047","10am",1.5811976,72.45503,25.963773
"048","10am",1.5349287,83.61309,14.85198
"049","10am",2.1583287,75.92938,21.912291
"050","10am",1.1355211,78.78908,20.075402
"051","10am",1.4960674,77.81919,20.684745
"052","10am",0,80.8512,19.148803
"053","10am",0,70.34535,29.65465
"054","10am",2.7011291,81.23657,16.062305
"055","10am",0,70.85201,29.147995
"056","10am",2.9727717,55.7261,41.301127
"057","10am",0,82.77065,17.229345
"058","10am",2.0138378,78.37638,19.609779
"059","10am",1.9930986,64.76838,33.238521
"060","10am",13.0003015,66.84884,20.150856
"061","10am",0,74.34013,25.659865
"062","10am",1.7603297,74.68323,23.556441
"063","10am",2.170502,79.95581,17.87369
"064","10am",2.4423505,59.77502,37.782633
"065","10am",7.1528659,60.12695,32.720183
"066","10am",0,64.85418,35.145824
"067","10am",0.7184887,65.67905,33.602458
"068","10am",0,69.98244,30.017565
"069","10am",0,77.34057,22.659426
"070","10am",1.2164872,72.07148,26.712032
"071","10am",2.711281,66.96136,30.32736
"072","10am",0.488561,78.34698,21.164458
"073","10am",2.443464,45.64961,51.906927
"074","10am",7.8507859,68.97175,23.177469
"075","10am",13.6284554,75.74742,10.624121
"076","10am",5.214547,63.08518,31.700269
"077","10am",0,55.5609,44.439097
"078","10am",3.3899129,75.09066,21.519425
"079","10am",7.3289961,60.07863,32.592377
"080","10am",1.3772203,65.11281,33.509968
"001","11am",26.2383588,16.31984,57.441803
"002","11am",32.1643647,20.31675,47.518886
"003","11am",27.3012645,23.98453,48.714202
"004","11am",12.3171149,39.17101,48.511879
"005","11am",13.3807736,35.05489,51.564335
"006","11am",26.2706738,35.04759,38.681733
"007","11am",24.3014072,29.01599,46.6826
"008","11am",10.4241828,60.08538,29.490433
"009","11am",30.7166794,39.41868,29.864643
"010","11am",19.1768847,50.73596,30.087155
"011","11am",11.3466426,69.258,19.395358
"012","11am",19.1861654,46.03916,34.77467
"013","11am",8.7303001,67.88455,23.38515
"014","11am",6.9991185,62.83892,30.161964
"015","11am",20.0703167,54.96804,24.961647
"016","11am",18.3837603,63.77796,17.838283
"017","11am",25.3645358,48.23651,26.398954
"018","11am",13.7788908,48.48163,37.739476
"019","11am",18.9477643,58.89343,22.158805
"020","11am",19.5126356,32.30847,48.178898
"021","11am",15.5752747,57.34237,27.082359
"022","11am",21.7099595,55.01094,23.279097
"023","11am",17.9358642,69.3288,12.735341
"024","11am",18.3632594,52.73173,28.905014
"025","11am",33.4171778,35.77732,30.805504
"026","11am",18.0081179,49.27413,32.717752
"027","11am",6.8443753,83.87313,9.282495
"028","11am",27.8117454,53.43769,18.750562
"029","11am",10.9305346,72.30644,16.763023
"030","11am",16.525827,67.58592,15.888256
"031","11am",1.0743438,63.23197,35.693682
"032","11am",3.205354,84.28338,12.511268
"033","11am",12.8733033,73.30702,13.819673
"034","11am",0,88.93945,11.060551
"035","11am",7.7943532,78.42803,13.777612
"036","11am",3.0563825,84.53028,12.41334
"037","11am",0,83.15857,16.841427
"038","11am",3.9514075,83.1828,12.865788
"039","11am",11.734391,76.04276,12.222854
"040","11am",10.982424,68.92737,20.090208
"041","11am",5.2244577,79.54395,15.231596
"042","11am",4.5625528,76.73656,18.700884
"043","11am",11.9183848,76.07141,12.010204
"044","11am",4.8570562,62.98057,32.162376
"045","11am",2.7233162,72.77404,24.502642
"046","11am",4.8981808,66.27272,28.829102
"047","11am",0,78.28763,21.712371
"048","11am",2.7725403,82.58835,14.639106
"049","11am",2.1330517,80.07173,17.79522
"050","11am",1.0323687,71.49696,27.470672
"051","11am",1.4049132,80.50779,18.087298
"052","11am",0,80.80714,19.192863
"053","11am",1.310937,75.0591,23.629967
"054","11am",2.6528693,83.24353,14.103596
"055","11am",0,71.4717,28.528296
"056","11am",3.4887119,56.82314,39.688149
"057","11am",0.9639573,79.46905,19.566988
"058","11am",1.8054923,79.76596,18.428544
"059","11am",1.1514447,58.94688,39.901675
"060","11am",12.5034954,64.89563,22.600874
"061","11am",0,75.79014,24.20986
"062","11am",1.6119431,78.83923,19.548822
"063","11am",1.9044368,81.69596,16.399599
"064","11am",2.3384421,65.09627,32.565292
"065","11am",7.5001997,58.62821,33.871591
"066","11am",0,68.50712,31.492883
"067","11am",0.7712985,63.98996,35.238745
"068","11am",0,66.97293,33.02707
"069","11am",1.3066898,75.58329,23.110023
"070","11am",1.2135514,68.41398,30.372471
"071","11am",1.8195794,66.03871,32.14171
"072","11am",1.4640053,78.63831,19.897684
"073","11am",4.2028326,41.37361,54.423555
"074","11am",7.677944,67.70791,24.614146
"075","11am",13.8373831,71.48523,14.677382
"076","11am",5.3420814,62.17705,32.480867
"077","11am",0,62.25272,37.747281
"078","11am",3.5464666,73.69541,22.758127
"079","11am",7.6569754,59.8175,32.525529
"080","11am",1.4094277,61.23484,37.35573
"001","12am",18.8387896,14.42648,66.73473
"002","12am",31.2780291,16.71395,52.00803
"003","12am",20.9603273,21.89118,57.14849
"004","12am",9.4940505,44.01435,46.4916
"005","12am",16.158145,25.63911,58.20275
"006","12am",23.0210932,30.71869,46.26022
"007","12am",17.710514,26.84492,55.44456
"008","12am",10.8223331,61.65243,27.52524
"009","12am",27.6126423,33.90557,38.48178
"010","12am",8.9427421,52.64983,38.40742
"011","12am",10.9840292,61.40089,27.61508
"012","12am",18.8599601,49.04684,32.0932
"013","12am",9.0515559,67.10848,23.83997
"014","12am",4.6176691,67.13014,28.2522
"015","12am",16.8402048,58.33757,24.82223
"016","12am",19.0279219,65.57725,15.39483
"017","12am",27.477037,47.9375,24.58546
"018","12am",14.2662789,48.28135,37.45237
"019","12am",19.266628,56.33034,24.40303
"020","12am",25.9135463,31.81552,42.27093
"021","12am",18.8438898,53.69105,27.46506
"022","12am",20.9050315,52.46877,26.6262
"023","12am",14.9273665,69.91328,15.15935
"024","12am",19.6639975,53.42451,26.91149
"025","12am",31.4869361,32.25463,36.25843
"026","12am",14.1733419,54.28758,31.53908
"027","12am",6.2057191,75.53922,18.25506
"028","12am",27.6619609,42.01351,30.32453
"029","12am",6.217954,76.46998,17.31206
"030","12am",15.552994,69.09537,15.35163
"031","12am",1.6029283,64.14391,34.25317
"032","12am",3.1410713,76.96585,19.89308
"033","12am",8.6837055,73.23932,18.07697
"034","12am",0,86.30725,13.69275
"035","12am",9.3525393,70.20449,20.44297
"036","12am",3.6745415,84.22107,12.10439
"037","12am",1.0371915,81.78864,17.17417
"038","12am",5.4580877,83.13497,11.40694
"039","12am",7.8439705,76.43847,15.71756
"040","12am",8.3857148,73.77951,17.83477
"041","12am",9.0340197,73.47057,17.49541
"042","12am",4.9575186,74.63136,20.41112
"043","12am",6.6659338,76.45759,16.87648
"044","12am",5.0599216,65.19786,29.74222
"045","12am",6.8635895,67.294,25.84241
"046","12am",4.5871807,73.17222,22.2406
"047","12am",0,77.51756,22.48244
"048","12am",2.3973632,84.94448,12.65816
"049","12am",1.8078993,80.90003,17.29207
"050","12am",0.9414895,70.24503,28.81348
"051","12am",3.5758576,79.4746,16.94954
"052","12am",1.2436372,77.79677,20.95959
"053","12am",1.1974403,75.52496,23.2776
"054","12am",2.3302526,85.2813,12.38845
"055","12am",1.5781443,70.7849,27.63695
"056","12am",3.5636525,54.28537,42.15098
"057","12am",3.6355652,74.76831,21.59613
"058","12am",2.4710166,78.78538,18.7436
"059","12am",1.1863221,59.96773,38.84595
"060","12am",10.1468046,65.36246,24.49074
"061","12am",0,77.36457,22.63543
"062","12am",1.4597025,80.07663,18.46366
"063","12am",0,86.93462,13.06538
"064","12am",2.1316192,69.4035,28.46488
"065","12am",7.2219403,61.93483,30.84323
"066","12am",0,74.93928,25.06072
"067","12am",1.179711,71.82832,26.99196
"068","12am",0,65.54642,34.45358
"069","12am",1.982853,74.8952,23.12195
"070","12am",2.164977,69.98975,27.84527
"071","12am",0.8737035,69.53658,29.58972
"072","12am",1.3400842,80.75498,17.90493
"073","12am",4.1374235,35.06897,60.79361
"074","12am",5.5399477,69.73996,24.72009
"075","12am",12.5148687,71.75515,15.72999
"076","12am",4.8167756,65.89632,29.28691
"077","12am",0,61.29229,38.70771
"078","12am",1.9286248,74.49906,23.57232
"079","12am",5.8749295,61.82807,32.29701
"080","12am",0.7305218,63.71908,35.5504
"001","1pm",14.6457211,14.52651,70.82777
"002","1pm",28.3003424,16.39378,55.30588
"003","1pm",24.5175676,20.55908,54.92335
"004","1pm",8.261806,45.33639,46.4018
"005","1pm",17.8507101,27.07177,55.07752
"006","1pm",21.7080781,29.40105,48.89087
"007","1pm",18.4268817,33.21133,48.36179
"008","1pm",12.7807318,58.80669,28.41258
"009","1pm",27.8987092,32.56641,39.53488
"010","1pm",8.7704301,53.69228,37.53729
"011","1pm",13.4583668,61.9175,24.62413
"012","1pm",20.467467,46.9752,32.55733
"013","1pm",10.2508388,67.62423,22.12493
"014","1pm",10.035729,63.98471,25.97956
"015","1pm",17.0027785,59.68482,23.31241
"016","1pm",16.6624014,68.76263,14.57497
"017","1pm",30.6886809,46.9231,22.38822
"018","1pm",15.7796591,48.71389,35.50645
"019","1pm",17.9069576,57.95619,24.13685
"020","1pm",26.0159926,31.44522,42.53879
"021","1pm",12.472704,52.6209,34.9064
"022","1pm",21.4808454,55.64436,22.87479
"023","1pm",14.1392679,71.067,14.79373
"024","1pm",18.2779644,55.07323,26.6488
"025","1pm",30.3651539,32.17088,37.46397
"026","1pm",17.1189301,50.68008,32.20099
"027","1pm",6.2184431,76.26316,17.51839
"028","1pm",26.1196599,43.63026,30.25008
"029","1pm",6.6323444,75.06021,18.30745
"030","1pm",17.4164649,68.78486,13.79868
"031","1pm",1.2311642,60.37208,38.39676
"032","1pm",2.954845,78.82929,18.21586
"033","1pm",11.9326136,70.9757,17.09169
"034","1pm",0,89.66369,10.33631
"035","1pm",7.2230184,74.70191,18.07507
"036","1pm",4.7436481,82.68858,12.56777
"037","1pm",1.0413519,80.8389,18.11975
"038","1pm",7.9033271,81.25806,10.83861
"039","1pm",10.9400299,77.48379,11.57618
"040","1pm",8.972577,70.34102,20.6864
"041","1pm",9.6241266,70.73758,19.63829
"042","1pm",1.0552042,78.98887,19.95593
"043","1pm",6.4769313,74.47481,19.04826
"044","1pm",4.3239606,68.50929,27.16675
"045","1pm",6.5061885,71.84353,21.65028
"046","1pm",0,76.52692,23.47308
"047","1pm",0,78.26287,21.73713
"048","1pm",2.8157765,81.17519,16.00903
"049","1pm",1.7853136,79.10956,19.10512
"050","1pm",0,68.65577,31.34423
"051","1pm",3.7630105,77.84399,18.393
"052","1pm",1.3079793,76.64804,22.04398
"053","1pm",1.4406179,73.60895,24.95043
"054","1pm",2.3173843,86.08711,11.59551
"055","1pm",1.5375603,67.82722,30.63522
"056","1pm",2.3409393,57.51182,40.14724
"057","1pm",5.6143815,71.31089,23.07473
"058","1pm",2.607396,78.64865,18.74396
"059","1pm",4.3675542,64.97615,30.65629
"060","1pm",10.9022886,60.14902,28.94869
"061","1pm",0,77.17601,22.82399
"062","1pm",0,83.23681,16.76319
"063","1pm",0,85.20582,14.79418
"064","1pm",2.2740206,65.57353,32.15245
"065","1pm",7.1936116,64.41971,28.38667
"066","1pm",0,72.28472,27.71528
"067","1pm",1.3104543,68.79279,29.89675
"068","1pm",0,65.48286,34.51714
"069","1pm",3.6323481,76.16634,20.20131
"070","1pm",4.3804248,66.98652,28.63306
"071","1pm",0.8626784,71.94172,27.1956
"072","1pm",1.4570512,81.372,17.17095
"073","1pm",4.5937353,32.26342,63.14285
"074","1pm",7.3360785,65.17693,27.48699
"075","1pm",7.6005609,77.54628,14.85316
"076","1pm",4.6770374,66.88569,28.43727
"077","1pm",0,62.75913,37.24087
"078","1pm",1.8394646,75.16416,22.99638
"079","1pm",4.1389788,62.01165,33.84937
"080","1pm",0.7275746,64.762,34.51043
"001","2pm",12.7546127,14.65611,72.589282
"002","2pm",29.1140236,15.93424,54.951737
"003","2pm",25.4109767,19.58586,55.003165
"004","2pm",5.6847723,46.07561,48.239621
"005","2pm",15.140511,31.71452,53.144973
"006","2pm",21.9430321,31.36694,46.690031
"007","2pm",23.8639673,29.40709,46.728943
"008","2pm",14.8037601,58.4803,26.715941
"009","2pm",27.4510249,33.33241,39.216565
"010","2pm",18.5948859,46.53411,34.871005
"011","2pm",12.1847551,64.69298,23.122262
"012","2pm",18.0440413,49.19585,32.760113
"013","2pm",10.00816,68.35409,21.637747
"014","2pm",11.2758352,65.30995,23.414215
"015","2pm",15.6819917,58.77981,25.538194
"016","2pm",19.2524683,64.61964,16.127888
"017","2pm",29.6260479,47.00391,23.370041
"018","2pm",17.8540046,49.3171,32.828893
"019","2pm",18.1197374,58.38757,23.492696
"020","2pm",24.274877,35.21909,40.506031
"021","2pm",15.9650316,54.7446,29.290373
"022","2pm",22.8249279,55.41287,21.762198
"023","2pm",14.7283217,69.97526,15.29642
"024","2pm",20.3390609,54.81469,24.846253
"025","2pm",29.6804618,29.95706,40.362478
"026","2pm",19.1814398,49.6195,31.199056
"027","2pm",6.9280585,75.4068,17.665144
"028","2pm",24.2915841,48.30435,27.404066
"029","2pm",7.2668341,75.75488,16.978288
"030","2pm",16.5153629,72.35714,11.127494
"031","2pm",1.2772675,62.47046,36.252277
"032","2pm",2.7800014,79.33084,17.889155
"033","2pm",10.1887534,71.95959,17.851657
"034","2pm",0,88.87826,11.12174
"035","2pm",6.1437153,75.64905,18.207239
"036","2pm",2.6785663,85.08118,12.240249
"037","2pm",1.0584722,79.66752,19.274008
"038","2pm",5.9300068,84.62696,9.443031
"039","2pm",10.7437009,78.01466,11.241643
"040","2pm",9.3204704,68.36599,22.313538
"041","2pm",8.4820035,75.44222,16.075781
"042","2pm",3.4035479,75.39011,21.206346
"043","2pm",4.1551114,79.54216,16.302725
"044","2pm",4.8516799,63.73951,31.408814
"045","2pm",9.1908461,71.27919,19.529964
"046","2pm",0,76.89017,23.109831
"047","2pm",0,79.34906,20.650941
"048","2pm",2.8752327,77.82973,19.29504
"049","2pm",1.2873545,83.03424,15.678403
"050","2pm",0,71.9526,28.047399
"051","2pm",4.2615217,76.92008,18.818396
"052","2pm",1.2872653,75.15676,23.555977
"053","2pm",0,73.61936,26.380645
"054","2pm",2.347215,86.8849,10.767888
"055","2pm",1.2055893,65.79427,33.000138
"056","2pm",2.9764041,61.09892,35.924673
"057","2pm",5.7540608,68.51554,25.730396
"058","2pm",0.8603187,78.18885,20.950829
"059","2pm",3.8964061,68.81079,27.292808
"060","2pm",11.5695215,58.52216,29.908319
"061","2pm",0,74.74278,25.257224
"062","2pm",0,84.33868,15.66132
"063","2pm",0,87.15649,12.84351
"064","2pm",2.2969706,61.24545,36.457576
"065","2pm",7.2557873,66.12533,26.618881
"066","2pm",0,69.34569,30.654306
"067","2pm",0.6304076,69.40029,29.969297
"068","2pm",0,61.11887,38.881127
"069","2pm",5.9959479,71.10153,22.902525
"070","2pm",1.233948,70.80627,27.959779
"071","2pm",0.9793982,71.64609,27.374516
"072","2pm",1.5019424,79.38162,19.116435
"073","2pm",2.8539516,36.88403,60.262022
"074","2pm",6.5751217,65.83577,27.589113
"075","2pm",11.0041003,70.46407,18.531829
"076","2pm",1.1345493,68.16897,30.696482
"077","2pm",0,60.46955,39.530452
"078","2pm",1.8292434,76.7241,21.446655
"079","2pm",4.096779,61.89416,34.009059
"080","2pm",0,67.91238,32.087619
"001","3pm",13.6413979,14.57857,71.780032
"002","3pm",29.8592478,13.99436,56.146391
"003","3pm",21.9591835,20.80633,57.234489
"004","3pm",5.339265,45.83918,48.821553
"005","3pm",15.2475602,31.32123,53.431207
"006","3pm",21.9366391,30.69477,47.368589
"007","3pm",26.3003319,33.87716,39.822506
"008","3pm",7.3676326,66.16713,26.465238
"009","3pm",24.5677901,33.97693,41.455278
"010","3pm",15.7970832,49.55026,34.652652
"011","3pm",19.120681,62.54606,18.333254
"012","3pm",19.7283213,45.2133,35.058375
"013","3pm",12.4947484,64.92487,22.580385
"014","3pm",12.1415602,64.24561,23.612834
"015","3pm",11.4291994,56.32365,32.247146
"016","3pm",20.6098598,64.16386,15.226279
"017","3pm",25.873662,50.22889,23.897444
"018","3pm",16.7758445,49.05515,34.169003
"019","3pm",17.3784754,59.48924,23.132286
"020","3pm",23.6274026,38.52414,37.848453
"021","3pm",18.8017888,49.48895,31.709262
"022","3pm",22.8721137,55.6098,21.518088
"023","3pm",13.3080143,70.22501,16.466975
"024","3pm",22.4139851,52.31079,25.275226
"025","3pm",29.368958,31.75993,38.871114
"026","3pm",17.854971,53.13838,29.00665
"027","3pm",7.9338485,74.58678,17.479376
"028","3pm",25.2594355,48.17831,26.562253
"029","3pm",10.736936,72.68458,16.578487
"030","3pm",16.9026343,69.68559,13.41178
"031","3pm",1.3125154,62.97253,35.71495
"032","3pm",2.6216494,80.01557,17.362786
"033","3pm",12.8771815,70.27347,16.849346
"034","3pm",0,89.14989,10.850114
"035","3pm",6.4001158,75.6726,17.927289
"036","3pm",1.7199848,84.9035,13.376516
"037","3pm",1.1260165,76.15055,22.723435
"038","3pm",4.9506246,85.0896,9.959777
"039","3pm",7.9084207,79.20408,12.887503
"040","3pm",7.9001407,71.83535,20.264508
"041","3pm",7.4791296,75.58643,16.934443
"042","3pm",5.1778011,73.39841,21.423791
"043","3pm",5.6281896,74.34407,20.027737
"044","3pm",5.3508859,63.55991,31.0892
"045","3pm",15.159513,57.19055,27.649934
"046","3pm",0,75.84349,24.15651
"047","3pm",0,78.82361,21.176394
"048","3pm",2.0236071,78.53996,19.436438
"049","3pm",2.3533324,81.52042,16.126245
"050","3pm",1.0744947,69.26991,29.655594
"051","3pm",4.1190634,79.13612,16.744821
"052","3pm",1.2164693,78.49598,20.287548
"053","3pm",0,73.61412,26.385883
"054","3pm",3.5546532,84.86268,11.582666
"055","3pm",2.5430456,62.21386,35.243094
"056","3pm",2.9490737,62.36657,34.684359
"057","3pm",5.6045937,69.25304,25.142364
"058","3pm",0.7362672,80.75618,18.507554
"059","3pm",3.8861152,70.12306,25.990822
"060","3pm",11.3402235,64.58983,24.069949
"061","3pm",0,72.03695,27.963046
"062","3pm",0,83.41898,16.581025
"063","3pm",0,85.26951,14.73049
"064","3pm",4.6559159,60.17733,35.166756
"065","3pm",7.0200565,61.82659,31.153358
"066","3pm",1.0854604,70.17087,28.743671
"067","3pm",0.6559102,73.64772,25.696372
"068","3pm",0,60.81929,39.180709
"069","3pm",2.4571312,70.52686,27.016007
"070","3pm",0.5568973,73.25626,26.186848
"071","3pm",0.9733636,74.8848,24.141832
"072","3pm",0.5370731,77.70394,21.758984
"073","3pm",7.5141915,29.5373,62.948509
"074","3pm",7.139753,62.5434,30.316844
"075","3pm",10.2578034,72.21966,17.522534
"076","3pm",1.0975575,67.1434,31.759038
"077","3pm",0,57.62411,42.37589
"078","3pm",1.8287847,75.26473,22.90649
"079","3pm",4.0222168,62.96759,33.010193
"080","3pm",0,67.61935,32.380654
"001","4pm",14.7982155,18.05473,67.14706
"002","4pm",25.2664564,18.23558,56.49796
"003","4pm",22.9933875,22.17897,54.82765
"004","4pm",6.4699096,46.73843,46.79166
"005","4pm",14.2286705,29.40895,56.36238
"006","4pm",21.6309696,31.73723,46.6318
"007","4pm",21.897877,34.24762,43.8545
"008","4pm",13.6312464,58.47749,27.89126
"009","4pm",21.9873863,31.34034,46.67228
"010","4pm",11.442094,46.1312,42.4267
"011","4pm",18.2200586,60.86137,20.91857
"012","4pm",24.0216557,39.30345,36.6749
"013","4pm",12.5156381,58.89095,28.59341
"014","4pm",15.3901821,55.20262,29.4072
"015","4pm",15.4018181,53.87126,30.72692
"016","4pm",13.8386742,68.25812,17.90321
"017","4pm",21.794245,50.52256,27.6832
"018","4pm",19.744009,47.60487,32.65112
"019","4pm",17.3346571,59.99077,22.67457
"020","4pm",22.3811687,34.29331,43.32552
"021","4pm",16.4359673,56.67026,26.89377
"022","4pm",25.0564795,49.95194,24.99158
"023","4pm",14.9443478,64.9972,20.05845
"024","4pm",17.251122,52.67934,30.06954
"025","4pm",29.0190332,30.84697,40.134
"026","4pm",18.0623418,53.97479,27.96286
"027","4pm",7.4477262,72.90891,19.64336
"028","4pm",21.496924,48.94475,29.55833
"029","4pm",9.4685313,71.73687,18.7946
"030","4pm",11.1179492,72.25006,16.63199
"031","4pm",3.9275787,64.11541,31.95701
"032","4pm",2.1304183,77.61958,20.25
"033","4pm",8.1979693,74.09519,17.70684
"034","4pm",0,86.73854,13.26146
"035","4pm",6.4931,76.33769,17.16921
"036","4pm",7.9599654,78.57478,13.46526
"037","4pm",1.0576547,79.13927,19.80307
"038","4pm",4.4002871,84.38582,11.2139
"039","4pm",10.3490007,75.89946,13.75154
"040","4pm",9.3977839,71.9133,18.68892
"041","4pm",4.5934511,76.17282,19.23373
"042","4pm",1.6593711,77.00541,21.33522
"043","4pm",3.7907017,79.45406,16.75524
"044","4pm",1.7447381,66.46609,31.78917
"045","4pm",11.3586028,59.86769,28.77371
"046","4pm",0,73.22632,26.77368
"047","4pm",0,73.14334,26.85666
"048","4pm",5.8935357,74.34513,19.76133
"049","4pm",0,81.24603,18.75397
"050","4pm",1.923991,71.04215,27.03386
"051","4pm",3.6785943,80.87612,15.44529
"052","4pm",2.3827218,78.21482,19.40246
"053","4pm",2.3930529,73.22038,24.38657
"054","4pm",3.1999259,79.70577,17.0943
"055","4pm",2.414142,64.52139,33.06447
"056","4pm",3.3765002,62.68554,33.93796
"057","4pm",5.5847701,69.85789,24.55734
"058","4pm",0.6911059,81.91953,17.38936
"059","4pm",5.4281043,60.92998,33.64192
"060","4pm",5.7745461,69.4464,24.77906
"061","4pm",0,76.73274,23.26726
"062","4pm",1.4529079,81.30945,17.23764
"063","4pm",1.9941984,83.22544,14.78036
"064","4pm",1.8998047,72.1175,25.98269
"065","4pm",3.6169735,67.3695,29.01353
"066","4pm",0.9976317,69.00798,29.99439
"067","4pm",0.6203267,70.40261,28.97706
"068","4pm",0,58.01881,41.98119
"069","4pm",2.2992814,62.24945,35.45127
"070","4pm",0.5405046,70.59699,28.86251
"071","4pm",0.9134278,77.3159,21.77067
"072","4pm",3.7588198,78.54351,17.69767
"073","4pm",5.0561701,33.3197,61.62413
"074","4pm",10.9557275,49.32866,39.71561
"075","4pm",7.2061097,76.82606,15.96783
"076","4pm",1.0459527,68.54138,30.41267
"077","4pm",0,59.32851,40.67149
"078","4pm",0.8268677,73.99079,25.18234
"079","4pm",1.3704582,62.68503,35.94451
"080","4pm",0,63.96862,36.03138
"001","5pm",20.5687933,13.13287,66.29834
"002","5pm",35.2689726,12.96026,51.77077
"003","5pm",23.5909455,22.99746,53.4116
"004","5pm",10.6809319,38.47648,50.84258
"005","5pm",15.162358,27.93336,56.90428
"006","5pm",20.6234259,33.41614,45.96043
"007","5pm",20.2075866,35.12143,44.67098
"008","5pm",16.504066,53.2118,30.28413
"009","5pm",20.5517067,39.04202,40.40627
"010","5pm",17.1380105,46.84318,36.01881
"011","5pm",20.188437,56.86201,22.94955
"012","5pm",23.6080877,29.64943,46.74248
"013","5pm",14.6354799,58.12801,27.23651
"014","5pm",18.9172981,54.78787,26.29483
"015","5pm",12.6625962,54.45451,32.88289
"016","5pm",13.5517072,70.02609,16.4222
"017","5pm",21.2268849,47.40668,31.36644
"018","5pm",23.652551,42.88421,33.46324
"019","5pm",14.6765652,58.99753,26.32591
"020","5pm",26.5221197,32.64523,40.83265
"021","5pm",18.291732,56.15167,25.5566
"022","5pm",26.7045654,44.08223,29.2132
"023","5pm",12.3496831,62.00329,25.64703
"024","5pm",19.7767193,56.81648,23.4068
"025","5pm",23.0863167,33.85141,43.06227
"026","5pm",20.6578892,50.44543,28.89668
"027","5pm",4.7297871,75.08315,20.18707
"028","5pm",21.8602878,50.345,27.79471
"029","5pm",10.6318558,71.11444,18.25371
"030","5pm",7.2243362,71.45524,21.32043
"031","5pm",6.4892695,67.37526,26.13547
"032","5pm",4.4958737,71.41922,24.08491
"033","5pm",7.3858049,76.96814,15.64606
"034","5pm",1.0134228,85.22724,13.75934
"035","5pm",12.4947446,68.31401,19.19124
"036","5pm",9.8853042,76.55766,13.55704
"037","5pm",1.0342725,76.86363,22.1021
"038","5pm",7.7690521,82.03119,10.19976
"039","5pm",16.1099939,73.17341,10.7166
"040","5pm",5.7736819,75.97015,18.25617
"041","5pm",4.5769685,80.42139,15.00164
"042","5pm",7.7029227,72.37717,19.9199
"043","5pm",6.0190831,75.92428,18.05664
"044","5pm",1.4826185,70.54413,27.97325
"045","5pm",11.618764,63.76691,24.61433
"046","5pm",0,76.93631,23.06369
"047","5pm",1.1237729,72.82459,26.05164
"048","5pm",9.9551609,76.86632,13.17852
"049","5pm",4.8799738,80.68823,14.4318
"050","5pm",1.9430974,78.06438,19.99253
"051","5pm",3.8504877,83.70078,12.44873
"052","5pm",2.0052641,85.687,12.30774
"053","5pm",2.5664244,76.66813,20.76545
"054","5pm",5.7772512,81.87,12.35275
"055","5pm",4.0419708,62.53837,33.41966
"056","5pm",2.6353171,66.54139,30.8233
"057","5pm",6.7088485,68.07289,25.21826
"058","5pm",1.7682239,82.33935,15.89242
"059","5pm",8.1461505,61.33285,30.521
"060","5pm",0.9388105,77.07286,21.98833
"061","5pm",3.4204825,77.89969,18.67982
"062","5pm",2.0671859,82.88536,15.04746
"063","5pm",2.00871,82.83745,15.15384
"064","5pm",4.741609,67.47181,27.78658
"065","5pm",3.0982344,68.717,28.18477
"066","5pm",8.4074671,64.98888,26.60365
"067","5pm",4.2604182,69.6066,26.13298
"068","5pm",1.0220492,60.07554,38.90241
"069","5pm",2.9970211,66.99421,30.00877
"070","5pm",2.2781181,69.52752,28.19437
"071","5pm",0,78.87515,21.12485
"072","5pm",4.7168337,81.25569,14.02748
"073","5pm",5.2266848,35.83746,58.93586
"074","5pm",6.1018081,56.12982,37.76837
"075","5pm",6.8214115,75.23534,17.94325
"076","5pm",8.0881689,65.34809,26.56374
"077","5pm",1.8618148,64.61042,33.52777
"078","5pm",0,72.83531,27.16469
"079","5pm",0,68.58414,31.41586
"080","5pm",1.5442791,60.87338,37.58234
"001","6pm",22.1592444,12.35208,65.488673
"002","6pm",30.127402,19.65076,50.221838
"003","6pm",26.133263,23.34894,50.5178
"004","6pm",13.0279112,35.47511,51.496983
"005","6pm",14.3673761,34.20382,51.428808
"006","6pm",19.9614938,32.83879,47.199721
"007","6pm",19.2555353,34.79288,45.951587
"008","6pm",18.5627576,55.55342,25.883819
"009","6pm",23.3127091,37.84711,38.840184
"010","6pm",18.9597319,45.00848,36.031785
"011","6pm",22.4198844,53.09318,24.486937
"012","6pm",22.6097017,34.17154,43.21876
"013","6pm",16.1702117,56.06274,27.767053
"014","6pm",19.9908389,53.30722,26.701937
"015","6pm",17.7987868,53.76329,28.437922
"016","6pm",16.0147044,68.28648,15.698818
"017","6pm",23.2663822,49.96357,26.770052
"018","6pm",25.7409622,37.0235,37.235539
"019","6pm",16.6880204,55.32756,27.984417
"020","6pm",28.4782662,30.68188,40.839853
"021","6pm",17.3474095,58.58099,24.071598
"022","6pm",27.8767074,40.88597,31.23732
"023","6pm",12.790379,63.18051,24.029114
"024","6pm",16.0282101,62.56422,21.40757
"025","6pm",24.8894207,33.02293,42.087645
"026","6pm",22.222487,55.32298,22.454531
"027","6pm",6.3078851,70.56153,23.130589
"028","6pm",22.5436727,51.26361,26.192722
"029","6pm",12.0873077,67.64625,20.266445
"030","6pm",16.456684,66.78724,16.756078
"031","6pm",3.709804,73.70373,22.586465
"032","6pm",6.4626435,70.27,23.267352
"033","6pm",6.135518,79.6989,14.165577
"034","6pm",1.2716964,80.59247,18.135835
"035","6pm",12.5608208,67.4991,19.940075
"036","6pm",11.0006127,72.8732,16.126188
"037","6pm",3.5145846,75.99047,20.494946
"038","6pm",6.236017,86.38326,7.380728
"039","6pm",13.1015292,76.2615,10.636967
"040","6pm",4.5718087,78.65182,16.776369
"041","6pm",2.5117501,81.20269,16.28556
"042","6pm",5.8713306,72.93726,21.191412
"043","6pm",9.6045661,74.13601,16.259419
"044","6pm",3.8941759,70.25625,25.849577
"045","6pm",12.4434146,62.17157,25.385013
"046","6pm",2.9143678,73.11627,23.969358
"047","6pm",0.9994383,76.79418,22.206378
"048","6pm",9.9908253,74.0701,15.939077
"049","6pm",6.7030959,80.39144,12.905465
"050","6pm",3.432144,82.29409,14.273766
"051","6pm",6.25722,82.65033,11.09245
"052","6pm",5.2259043,83.59076,11.183332
"053","6pm",4.5006421,76.17845,19.32091
"054","6pm",6.0092203,83.93242,10.058359
"055","6pm",6.2278229,68.58512,25.187053
"056","6pm",4.5407889,59.61708,35.842133
"057","6pm",6.7711265,74.86083,18.368047
"058","6pm",5.0778311,79.42514,15.497024
"059","6pm",4.9737057,66.61735,28.408947
"060","6pm",3.0985969,77.1638,19.737599
"061","6pm",3.4363389,78.65043,17.913232
"062","6pm",5.3204905,77.58598,17.093531
"063","6pm",6.340704,82.18241,11.476885
"064","6pm",5.3823524,71.71828,22.899365
"065","6pm",4.9698837,66.98723,28.042889
"066","6pm",11.9121086,64.29813,23.789764
"067","6pm",4.2841611,72.04794,23.667903
"068","6pm",1.9674984,65.83745,32.19505
"069","6pm",2.8682411,75.73607,21.395693
"070","6pm",1.4241854,71.37386,27.201954
"071","6pm",3.3965298,75.03299,21.570484
"072","6pm",3.3345195,80.97216,15.693323
"073","6pm",7.5756229,35.61388,56.810496
"074","6pm",5.4143484,54.56334,40.022314
"075","6pm",6.1127071,79.40528,14.482012
"076","6pm",4.0971333,65.67246,30.230409
"077","6pm",1.0723037,66.71603,32.211666
"078","6pm",0,72.93693,27.063072
"079","6pm",0,67.68506,32.314936
"080","6pm",3.2852797,63.05848,33.656245
"001","7pm",25.9622397,12.00249,62.035265
"002","7pm",29.0387372,20.39907,50.562194
"003","7pm",25.042942,22.77053,52.186526
"004","7pm",11.2505308,38.29698,50.452485
"005","7pm",17.8641801,33.15097,48.984852
"006","7pm",20.5469615,34.53315,44.919886
"007","7pm",16.2371697,38.3351,45.427733
"008","7pm",16.5936909,57.06375,26.342562
"009","7pm",19.8275405,39.70514,40.467324
"010","7pm",17.9378126,50.00295,32.05924
"011","7pm",21.4175441,55.87772,22.704734
"012","7pm",22.2283784,44.32614,33.445479
"013","7pm",20.2569811,50.43361,29.309409
"014","7pm",20.6817983,51.99295,27.325251
"015","7pm",15.0070355,58.40405,26.588916
"016","7pm",15.2732577,69.62386,15.102884
"017","7pm",21.7647783,52.89289,25.342328
"018","7pm",27.4487648,35.32254,37.228695
"019","7pm",16.5821593,56.9925,26.425336
"020","7pm",28.8026811,28.98867,42.208652
"021","7pm",19.2836064,57.89534,22.821049
"022","7pm",25.692323,45.13929,29.168388
"023","7pm",13.2091822,64.35479,22.436023
"024","7pm",14.5322369,62.57482,22.892943
"025","7pm",26.7342538,37.73645,35.529301
"026","7pm",19.4523738,56.09764,24.449982
"027","7pm",7.5043678,70.25418,22.241447
"028","7pm",24.8061332,53.68722,21.506644
"029","7pm",13.2679961,65.68259,21.049417
"030","7pm",16.4236868,66.65142,16.924894
"031","7pm",4.0647502,72.55265,23.3826
"032","7pm",8.2092966,70.60865,21.182055
"033","7pm",5.8184637,79.40039,14.781144
"034","7pm",2.928928,79.35078,17.720287
"035","7pm",9.5730033,70.85907,19.567929
"036","7pm",10.2749778,74.66674,15.058281
"037","7pm",3.5709955,77.15817,19.270837
"038","7pm",3.6471293,88.58818,7.764688
"039","7pm",12.3140258,76.62338,11.062595
"040","7pm",4.2080667,78.87058,16.921352
"041","7pm",4.1198722,78.50375,17.376382
"042","7pm",6.6070748,73.11667,20.276259
"043","7pm",8.9059096,77.61525,13.478844
"044","7pm",3.9172616,69.99045,26.092293
"045","7pm",11.6536957,66.38993,21.956371
"046","7pm",2.6056169,75.65735,21.737035
"047","7pm",0.9141546,83.21249,15.87336
"048","7pm",10.045639,77.09724,12.857123
"049","7pm",7.7026618,79.9518,12.34554
"050","7pm",3.2262049,85.76228,11.011519
"051","7pm",5.9339398,84.64939,9.416668
"052","7pm",5.2188975,82.42795,12.353148
"053","7pm",2.5301188,81.66576,15.804124
"054","7pm",4.117584,84.92571,10.956704
"055","7pm",5.9925687,71.57822,22.429216
"056","7pm",3.9354118,60.47532,35.589267
"057","7pm",4.2125131,82.91654,12.870946
"058","7pm",4.9205657,80.75878,14.320657
"059","7pm",4.9537698,68.81012,26.236114
"060","7pm",3.0140525,78.94172,18.044227
"061","7pm",3.2268551,79.95193,16.821217
"062","7pm",5.013856,79.72741,15.258735
"063","7pm",6.5124601,81.45634,12.031201
"064","7pm",5.3359484,71.43061,23.233438
"065","7pm",7.312934,65.468,27.219068
"066","7pm",8.2433242,69.44528,22.311399
"067","7pm",3.9618224,72.15927,23.878904
"068","7pm",1.6910387,72.80925,25.499716
"069","7pm",3.6616631,75.1687,21.169633
"070","7pm",1.5281949,69.94922,28.522589
"071","7pm",4.751259,75.04874,20.200001
"072","7pm",3.3291892,78.69138,17.979436
"073","7pm",7.6261346,35.45185,56.922014
"074","7pm",5.3205178,56.33751,38.341977
"075","7pm",8.8048257,76.63942,14.555757
"076","7pm",5.2496842,66.28134,28.46898
"077","7pm",0.9690999,68.09613,30.934772
"078","7pm",0,72.70182,27.298179
"079","7pm",0.5920545,69.23224,30.175702
"080","7pm",3.3530107,63.12656,33.520432
"001","8pm",25.8452814,15.19418,58.960538
"002","8pm",26.1882487,22.41284,51.398909
"003","8pm",19.6861873,22.97279,57.341022
"004","8pm",12.8560446,36.60572,50.538233
"005","8pm",18.3752472,26.86114,54.763609
"006","8pm",23.012594,33.03741,43.949995
"007","8pm",16.0626948,38.57992,45.357387
"008","8pm",14.7518716,63.40225,21.845875
"009","8pm",23.1478144,38.50784,38.344348
"010","8pm",17.9513531,51.30935,30.739293
"011","8pm",23.5551838,57.01559,19.429225
"012","8pm",23.5802539,45.65729,30.762455
"013","8pm",19.3855694,51.0017,29.612732
"014","8pm",21.1883532,55.40688,23.404764
"015","8pm",15.1056493,58.66818,26.226168
"016","8pm",14.7357193,69.56764,15.696639
"017","8pm",23.7985223,52.59755,23.603931
"018","8pm",26.7075436,37.76053,35.531931
"019","8pm",19.2231193,52.04908,28.727804
"020","8pm",28.7716146,29.61881,41.609571
"021","8pm",20.826105,56.50693,22.666962
"022","8pm",26.4814209,44.37102,29.147555
"023","8pm",13.7036807,61.35445,24.941868
"024","8pm",15.1724006,63.25602,21.571578
"025","8pm",25.6355721,40.81805,33.546382
"026","8pm",18.6241727,59.00655,22.36928
"027","8pm",6.6306091,69.87529,23.494105
"028","8pm",23.4085544,52.72804,23.863403
"029","8pm",15.5505073,67.14532,17.304168
"030","8pm",15.706171,67.71726,16.576564
"031","8pm",4.1809441,71.76805,24.051008
"032","8pm",7.5796809,71.43909,20.98123
"033","8pm",6.1196718,78.55139,15.328934
"034","8pm",2.811423,81.18558,16.003
"035","8pm",5.4069292,72.43461,22.158464
"036","8pm",10.7537888,72.8285,16.417711
"037","8pm",3.4113501,78.17934,18.409312
"038","8pm",6.4591488,85.669,7.87185
"039","8pm",13.2408521,76.17064,10.588505
"040","8pm",5.4369804,78.39789,16.165125
"041","8pm",3.8474676,79.3089,16.843632
"042","8pm",7.1539486,74.11823,18.727817
"043","8pm",8.8714268,76.99123,14.137343
"044","8pm",4.3157768,70.41974,25.264488
"045","8pm",11.3114119,68.5411,20.147489
"046","8pm",7.0683769,73.31234,19.619283
"047","8pm",0.9150496,82.43725,16.6477
"048","8pm",9.7214826,75.8984,14.380116
"049","8pm",7.7739338,79.76629,12.459772
"050","8pm",2.4144163,84.68398,12.9016
"051","8pm",6.2155065,83.921,9.863491
"052","8pm",4.7849695,82.14189,13.073138
"053","8pm",2.6211032,81.00645,16.372448
"054","8pm",3.7707967,86.19528,10.033919
"055","8pm",5.7752112,72.60911,21.615682
"056","8pm",4.2586301,60.45304,35.288326
"057","8pm",4.1921726,84.60617,11.201657
"058","8pm",4.7179232,81.55118,13.730893
"059","8pm",5.8313299,69.30881,24.859859
"060","8pm",3.2284199,76.91336,19.858216
"061","8pm",2.9435699,81.71194,15.344485
"062","8pm",4.6648953,77.90808,17.427025
"063","8pm",5.432991,83.09722,11.469788
"064","8pm",5.095904,72.2353,22.668799
"065","8pm",6.4730463,62.15766,31.369292
"066","8pm",7.1819201,71.57477,21.243312
"067","8pm",3.7452486,73.68119,22.573559
"068","8pm",1.7153466,72.41839,25.866264
"069","8pm",3.5049254,76.23161,20.263465
"070","8pm",1.4825896,71.52357,26.993836
"071","8pm",5.3619871,75.74069,18.897321
"072","8pm",0.989767,81.75389,17.256341
"073","8pm",9.7832057,37.56302,52.65377
"074","8pm",3.9010084,58.70874,37.390256
"075","8pm",9.1322821,75.77062,15.097094
"076","8pm",5.1635266,67.48982,27.346655
"077","8pm",0.9873202,67.49629,31.516385
"078","8pm",0,75.3346,24.6654
"079","8pm",0,71.29363,28.706372
"080","8pm",3.4098059,62.50197,34.088221
"001","9pm",24.7289365,13.18212,62.088943
"002","9pm",25.8711135,24.2431,49.885788
"003","9pm",19.1445077,21.4817,59.373795
"004","9pm",13.0991381,37.31956,49.581304
"005","9pm",17.0677823,26.65431,56.277912
"006","9pm",23.8388017,31.38871,44.772487
"007","9pm",17.5373562,40.04287,42.419776
"008","9pm",14.5922065,62.18567,23.22212
"009","9pm",21.8756816,34.5538,43.570519
"010","9pm",18.8504269,50.9458,30.203772
"011","9pm",22.572445,57.62536,19.802197
"012","9pm",24.765724,44.56048,30.673791
"013","9pm",18.7637773,53.13,28.106221
"014","9pm",21.5483788,55.16924,23.282381
"015","9pm",15.2591585,58.24815,26.492688
"016","9pm",13.9538178,71.18243,14.863749
"017","9pm",25.5069833,51.00836,23.484653
"018","9pm",26.9408535,37.75201,35.307139
"019","9pm",19.4270225,52.00613,28.56685
"020","9pm",29.3281025,30.13269,40.53921
"021","9pm",21.3403775,56.22458,22.435039
"022","9pm",28.386427,41.87356,29.740018
"023","9pm",9.7756214,64.23565,25.988728
"024","9pm",13.1372891,67.16164,19.701076
"025","9pm",27.2208505,40.5849,32.194245
"026","9pm",17.8378058,61.56018,20.602014
"027","9pm",6.8996988,70.72765,22.372652
"028","9pm",23.4261016,52.84284,23.731058
"029","9pm",15.2126514,66.82486,17.962486
"030","9pm",16.3049207,68.33766,15.357424
"031","9pm",4.1685667,71.85163,23.979807
"032","9pm",7.4722398,71.84394,20.683823
"033","9pm",5.8571442,78.31405,15.828801
"034","9pm",2.4238299,83.7794,13.796767
"035","9pm",5.1938806,71.16998,23.636139
"036","9pm",10.7884954,72.74081,16.470697
"037","9pm",3.5586709,77.237,19.204327
"038","9pm",7.7847417,84.46146,7.753803
"039","9pm",12.8531053,77.48121,9.66568
"040","9pm",6.5507429,77.26886,16.180393
"041","9pm",3.6619936,80.30635,16.031655
"042","9pm",7.3010908,74.56851,18.130394
"043","9pm",8.8882495,76.9476,14.164152
"044","9pm",2.785006,71.75253,25.462468
"045","9pm",11.0315974,68.33338,20.635023
"046","9pm",7.0301872,73.45653,19.513282
"047","9pm",0.8731893,83.24068,15.886127
"048","9pm",10.1437439,76.36748,13.488771
"049","9pm",7.8285475,78.41674,13.754714
"050","9pm",2.3017398,85.39876,12.299505
"051","9pm",6.0388128,84.37809,9.583093
"052","9pm",4.5907788,82.86664,12.542585
"053","9pm",2.6033509,81.13509,16.26156
"054","9pm",3.6630008,86.58992,9.747079
"055","9pm",5.4859989,73.98079,20.533207
"056","9pm",4.3234508,60.27589,35.400661
"057","9pm",4.9963229,83.45078,11.552893
"058","9pm",4.6509711,81.81299,13.536038
"059","9pm",5.8409268,68.18392,25.975156
"060","9pm",3.3243511,76.22735,20.448295
"061","9pm",2.7952942,81.28802,15.916682
"062","9pm",4.5975927,79.33446,16.067944
"063","9pm",5.3459227,83.3681,11.285975
"064","9pm",4.9750682,72.2155,22.809428
"065","9pm",6.6518354,61.11244,32.235729
"066","9pm",7.2297296,71.38554,21.384728
"067","9pm",3.6405827,74.41671,21.942712
"068","9pm",2.4102419,72.55024,25.039513
"069","9pm",2.7389637,75.54378,21.717255
"070","9pm",1.5399195,70.42242,28.037656
"071","9pm",5.8912594,75.7531,18.35564
"072","9pm",0.9997439,78.21274,20.787516
"073","9pm",10.0104846,37.55719,52.432327
"074","9pm",3.8280366,60.49525,35.676713
"075","9pm",11.4705587,73.97227,14.557176
"076","9pm",5.1316463,67.69054,27.177813
"077","9pm",0.9737387,67.94341,31.082847
"078","9pm",0,75.1424,24.857596
"079","9pm",0,71.29363,28.706372
"080","9pm",3.4861814,61.66206,34.851755
"001","10pm",23.101636,15.04483,61.853534
"002","10pm",25.7888765,19.78426,54.426859
"003","10pm",19.3661532,18.58431,62.049537
"004","10pm",13.7406044,37.54193,48.71747
"005","10pm",16.5863655,27.5201,55.893532
"006","10pm",21.7683275,30.79139,47.440279
"007","10pm",16.1432697,38.93771,44.919015
"008","10pm",15.1916968,59.84238,24.965927
"009","10pm",21.6999034,32.2206,46.079494
"010","10pm",17.8869178,51.79198,30.321099
"011","10pm",21.3023112,60.08266,18.615025
"012","10pm",25.0824312,44.40613,30.511434
"013","10pm",18.5352405,53.03874,28.426015
"014","10pm",20.6803529,56.0488,23.270845
"015","10pm",15.3300399,58.05421,26.615751
"016","10pm",13.9538178,71.18243,14.863749
"017","10pm",25.4054698,52.39354,22.200994
"018","10pm",28.7428434,37.16289,34.094269
"019","10pm",18.9326248,48.69001,32.377367
"020","10pm",28.6337223,30.38133,40.984944
"021","10pm",20.6512896,57.63811,21.710604
"022","10pm",28.624473,39.78383,31.591695
"023","10pm",9.6838827,64.57128,25.744838
"024","10pm",12.6617333,67.55249,19.785777
"025","10pm",27.6486233,42.86542,29.485954
"026","10pm",18.5258024,60.75825,20.715948
"027","10pm",7.1165396,72.1108,20.772664
"028","10pm",24.2641831,50.7812,24.954617
"029","10pm",15.5330184,66.98342,17.483566
"030","10pm",14.4903254,70.52978,14.979899
"031","10pm",4.1521745,71.96232,23.88551
"032","10pm",7.615004,70.15489,22.230102
"033","10pm",6.0091202,77.75137,16.239513
"034","10pm",2.0981865,85.95865,11.943161
"035","10pm",5.1144813,71.61071,23.274812
"036","10pm",11.018035,72.16083,16.821133
"037","10pm",3.6228208,76.82667,19.550511
"038","10pm",7.9364027,84.80437,7.259223
"039","10pm",12.9452111,77.31984,9.734945
"040","10pm",6.4317613,77.68173,15.886508
"041","10pm",3.5756688,80.19795,16.226381
"042","10pm",7.9678105,74.40889,17.623303
"043","10pm",9.0561011,76.51226,14.431637
"044","10pm",2.8180146,71.58958,25.592409
"045","10pm",11.1707821,67.29292,21.536294
"046","10pm",6.9254935,72.82523,20.249276
"047","10pm",0.913443,81.60386,17.482699
"048","10pm",10.1579752,76.33433,13.507695
"049","10pm",7.579616,78.6117,13.808686
"050","10pm",2.2677081,85.61464,12.117655
"051","10pm",6.0369704,84.38286,9.580169
"052","10pm",4.608448,82.80069,12.590859
"053","10pm",2.5685747,81.38709,16.044334
"054","10pm",3.625521,86.72713,9.647347
"055","10pm",5.4395938,75.65298,18.90743
"056","10pm",4.3425946,60.09999,35.557412
"057","10pm",4.7780924,84.17362,11.048283
"058","10pm",4.5555135,82.18627,13.258221
"059","10pm",5.9814608,67.41842,26.600124
"060","10pm",4.1491448,75.9314,19.919454
"061","10pm",2.8367077,81.0108,16.152494
"062","10pm",4.5039505,79.75537,15.740678
"063","10pm",5.274248,83.59109,11.13466
"064","10pm",4.7552497,73.44313,21.801616
"065","10pm",6.802465,60.23183,32.965701
"066","10pm",7.2297296,71.38554,21.384728
"067","10pm",3.4691426,75.62146,20.909399
"068","10pm",1.5448746,70.81838,27.636747
"069","10pm",2.7389637,75.54378,21.717255
"070","10pm",1.5399195,70.42242,28.037656
"071","10pm",5.8353997,75.983,18.181596
"072","10pm",0.9618192,78.48937,20.54881
"073","10pm",10.4816989,35.56141,53.956894
"074","10pm",3.7340341,61.46534,34.800625
"075","10pm",11.2134306,73.60869,15.177877
"076","10pm",5.1759797,67.41141,27.412608
"077","10pm",0.954545,68.57529,30.470162
"078","10pm",0,74.76585,25.234148
"079","10pm",0,71.29363,28.706372
"080","10pm",3.4861814,61.66206,34.851755
"001","11pm",22.6049155,11.056861,66.338224
"002","11pm",21.8678091,9.710721,68.42147
"003","11pm",18.7616896,19.156883,62.081427
"004","11pm",13.2711511,39.295448,47.433401
"005","11pm",14.7495149,28.805489,56.444997
"006","11pm",24.0494048,28.776352,47.174243
"007","11pm",14.7450796,40.778476,44.476445
"008","11pm",14.99228,57.436265,27.571455
"009","11pm",20.6019965,34.314507,45.083497
"010","11pm",19.2384125,50.03118,30.730408
"011","11pm",20.7742961,59.872282,19.353422
"012","11pm",25.9845234,43.885797,30.129679
"013","11pm",18.3358866,53.543831,28.120282
"014","11pm",20.2141386,57.039631,22.746231
"015","11pm",15.6010782,59.08062,25.318302
"016","11pm",13.4590594,72.204213,14.336728
"017","11pm",25.7383577,52.413608,21.848034
"018","11pm",28.7428434,37.162888,34.094269
"019","11pm",18.5627117,49.692524,31.744765
"020","11pm",28.4404637,31.452429,40.107107
"021","11pm",20.4944351,57.959861,21.545704
"022","11pm",28.6709996,40.287071,31.041929
"023","11pm",8.7666586,66.391712,24.84163
"024","11pm",16.14611,64.607445,19.246445
"025","11pm",27.5988626,43.507202,28.893935
"026","11pm",17.3714571,62.132157,20.496386
"027","11pm",6.8693335,70.948908,22.181759
"028","11pm",26.4673619,47.656347,25.876291
"029","11pm",16.5443693,65.933449,17.522181
"030","11pm",14.2905896,70.935996,14.773415
"031","11pm",3.9454265,73.358387,22.696186
"032","11pm",7.9000882,69.037578,23.062334
"033","11pm",6.3885963,78.112129,15.499275
"034","11pm",2.1574238,85.562228,12.280348
"035","11pm",4.8539723,73.056732,22.089296
"036","11pm",10.8587798,72.563221,16.577999
"037","11pm",3.7845257,75.792324,20.42315
"038","11pm",7.5779776,84.874162,7.547861
"039","11pm",12.8058892,77.563938,9.630173
"040","11pm",6.5433872,77.294388,16.162225
"041","11pm",4.1702178,79.517713,16.312069
"042","11pm",7.8514406,75.457957,16.690602
"043","11pm",8.7535689,76.281858,14.964573
"044","11pm",2.9546486,69.361582,27.683769
"045","11pm",10.8617722,68.197677,20.94055
"046","11pm",6.8795679,73.005437,20.114995
"047","11pm",0.8822088,82.232894,16.884897
"048","11pm",10.5314885,76.248419,13.220093
"049","11pm",7.5061031,78.819138,13.674759
"050","11pm",2.1482061,86.372707,11.479087
"051","11pm",5.9072232,84.718505,9.374271
"052","11pm",4.5192563,83.133567,12.347176
"053","11pm",2.5716398,81.36488,16.06348
"054","11pm",3.6873634,86.50073,9.811907
"055","11pm",5.2949649,76.30032,18.404716
"056","11pm",3.912534,60.735223,35.352243
"057","11pm",5.5750771,83.469111,10.955812
"058","11pm",4.5555135,82.186265,13.258221
"059","11pm",4.9446129,67.662003,27.393384
"060","11pm",4.1890456,75.699942,20.111012
"061","11pm",2.7846032,81.003414,16.211983
"062","11pm",4.2259787,81.004816,14.769205
"063","11pm",5.2353854,83.711999,11.052615
"064","11pm",4.8223155,73.068589,22.109096
"065","11pm",6.8319843,60.05926,33.108756
"066","11pm",7.2297296,71.385543,21.384728
"067","11pm",3.4717907,75.60285,20.92536
"068","11pm",1.5545149,70.636281,27.809204
"069","11pm",2.7389637,75.543781,21.717255
"070","11pm",1.5806131,69.640815,28.778572
"071","11pm",5.7422255,76.366485,17.891289
"072","11pm",0.9641005,78.43835,20.59755
"073","11pm",10.052722,38.198639,51.748639
"074","11pm",3.6599384,62.229998,34.110064
"075","11pm",11.1842261,73.677426,15.138348
"076","11pm",5.1759797,67.411412,27.412608
"077","11pm",0.9452506,68.881275,30.173475
"078","11pm",0,74.765852,25.234148
"079","11pm",0,72.01095,27.98905
"080","11pm",3.3668421,62.974451,33.658707
"001","12pm",19.3656718,12.23093,68.403401
"002","12pm",19.7082588,11.63112,68.660624
"003","12pm",17.3683896,17.84578,64.785833
"004","12pm",13.1865214,39.04486,47.768617
"005","12pm",14.6102794,31.96405,53.425667
"006","12pm",23.5759974,29.86837,46.555637
"007","12pm",13.4868277,40.9155,45.597673
"008","12pm",14.99228,57.43627,27.571455
"009","12pm",19.354467,35.85337,44.79216
"010","12pm",18.0803964,49.14892,32.770684
"011","12pm",20.2706245,61.71542,18.013955
"012","12pm",25.7513729,44.38929,29.859335
"013","12pm",18.8921532,53.13376,27.974089
"014","12pm",20.3243211,56.80546,22.870215
"015","12pm",16.0206725,58.7869,25.192431
"016","12pm",13.4590594,72.20421,14.336728
"017","12pm",25.7383577,52.41361,21.848034
"018","12pm",29.144905,37.48613,33.368964
"019","12pm",19.855836,48.34883,31.795338
"020","12pm",28.622666,31.01328,40.364051
"021","12pm",20.6786783,57.81652,21.504801
"022","12pm",30.1692419,38.86207,30.968686
"023","12pm",8.7320622,66.52434,24.743595
"024","12pm",15.9937238,64.94148,19.064798
"025","12pm",27.2130803,44.29687,28.49005
"026","12pm",18.4287812,61.20346,20.367755
"027","12pm",5.8627461,74.50062,19.636632
"028","12pm",27.9017704,44.81956,27.278667
"029","12pm",15.8375464,67.52937,16.633084
"030","12pm",14.2905896,70.936,14.773415
"031","12pm",4.0595013,72.58809,23.352405
"032","12pm",8.0052727,68.62533,23.369394
"033","12pm",6.2256958,77.66338,16.110928
"034","12pm",2.4351911,83.70337,13.861437
"035","12pm",4.8337243,73.16912,21.997152
"036","12pm",10.7943821,72.72593,16.479684
"037","12pm",3.7844159,75.79303,20.422558
"038","12pm",7.3568761,85.31549,7.327638
"039","12pm",13.1997161,77.27208,9.528205
"040","12pm",6.1903265,78.51951,15.290162
"041","12pm",4.2137398,79.30395,16.482308
"042","12pm",8.9423819,74.56461,16.493003
"043","12pm",7.5308626,77.63846,14.830674
"044","12pm",4.0832377,69.99583,25.920932
"045","12pm",10.8617722,68.19768,20.94055
"046","12pm",6.829402,73.20228,19.968316
"047","12pm",0.8822088,81.2892,17.828592
"048","12pm",10.5314885,76.24842,13.220093
"049","12pm",7.5061031,78.81914,13.674759
"050","12pm",2.130945,86.4822,11.386852
"051","12pm",5.9072232,84.71851,9.374271
"052","12pm",4.5192563,83.13357,12.347176
"053","12pm",2.5127735,81.79145,15.695778
"054","12pm",3.6640241,86.58617,9.749802
"055","12pm",5.1999861,76.72543,18.07458
"056","12pm",3.961656,60.24225,35.796092
"057","12pm",6.3813228,82.75641,10.862266
"058","12pm",4.5555135,82.18627,13.258221
"059","12pm",4.9446129,67.662,27.393384
"060","12pm",4.2206128,75.51683,20.262562
"061","12pm",2.7846032,81.00341,16.211983
"062","12pm",5.9024676,79.88628,14.211252
"063","12pm",5.2353854,83.712,11.052615
"064","12pm",4.8223155,73.06859,22.109096
"065","12pm",6.9696516,59.25444,33.775911
"066","12pm",7.2297296,71.38554,21.384728
"067","12pm",3.4717907,75.60285,20.92536
"068","12pm",1.5369813,70.96748,27.49554
"069","12pm",2.7389637,75.54378,21.717255
"070","12pm",1.5397808,70.42509,28.03513
"071","12pm",5.7422255,76.36649,17.891289
"072","12pm",0.9641005,78.43835,20.59755
"073","12pm",10.052722,38.19864,51.748639
"074","12pm",3.6352544,62.48473,33.880013
"075","12pm",11.2405503,73.54486,15.214585
"076","12pm",5.163475,67.49014,27.346382
"077","12pm",0.9452506,68.88127,30.173475
"078","12pm",0,74.77219,25.227814
"079","12pm",0,72.47492,27.52508
"080","12pm",3.3170038,63.52253,33.160467
"001","1am",18.9075689,10.76591,70.326523
"002","1am",20.3417047,13.35617,66.302122
"003","1am",16.5979373,17.47443,65.927628
"004","1am",12.6788624,40.53772,46.78342
"005","1am",14.9199164,30.43847,54.641618
"006","1am",22.5370977,30.44898,47.013923
"007","1am",13.7790572,41.08184,45.139104
"008","1am",15.7211593,57.77252,26.506324
"009","1am",19.7908019,34.88316,45.32604
"010","1am",18.1227557,48.15034,33.726901
"011","1am",20.5507939,61.18627,18.262934
"012","1am",25.4203999,43.8888,30.690804
"013","1am",18.8921532,53.13376,27.974089
"014","1am",20.1921104,57.08645,22.721443
"015","1am",16.5220986,58.43589,25.042011
"016","1am",13.4590594,72.20421,14.336728
"017","1am",26.2864016,50.64787,23.065723
"018","1am",28.9228008,37.96253,33.11467
"019","1am",19.741071,48.64736,31.611564
"020","1am",28.622666,31.01328,40.364051
"021","1am",20.6786783,57.81652,21.504801
"022","1am",30.4940822,39.11796,30.387955
"023","1am",8.7320622,66.52434,24.743595
"024","1am",15.8441871,65.26927,18.886547
"025","1am",27.9265208,43.86268,28.210797
"026","1am",18.2917818,60.74848,20.959741
"027","1am",5.8627461,74.50062,19.636632
"028","1am",27.9017704,44.81956,27.278667
"029","1am",15.5181394,68.18423,16.297633
"030","1am",14.2641554,70.98976,14.746087
"031","1am",4.0595013,72.58809,23.352405
"032","1am",7.9156776,68.97648,23.107843
"033","1am",6.2295266,77.64963,16.120841
"034","1am",2.5234411,83.11279,14.363768
"035","1am",4.9101281,72.74502,22.344847
"036","1am",10.7943821,72.72593,16.479684
"037","1am",3.7796834,75.8233,20.397019
"038","1am",7.2008153,85.62699,7.172197
"039","1am",13.1997161,77.27208,9.528205
"040","1am",6.1903265,78.51951,15.290162
"041","1am",4.1631413,79.55247,16.284389
"042","1am",8.7837498,75.01582,16.200428
"043","1am",7.4822447,76.92156,15.596197
"044","1am",4.1451671,69.54077,26.314068
"045","1am",10.9925028,67.81491,21.192587
"046","1am",6.786819,73.36937,19.843809
"047","1am",0.8822088,81.2892,17.828592
"048","1am",10.5314885,76.24842,13.220093
"049","1am",7.5061031,78.81914,13.674759
"050","1am",2.130945,86.4822,11.386852
"051","1am",5.8191136,84.94644,9.234449
"052","1am",4.6153056,82.7751,12.609595
"053","1am",2.4922369,81.94027,15.567498
"054","1am",3.6843409,86.5118,9.803864
"055","1am",5.1191027,77.08746,17.793438
"056","1am",3.961656,60.24225,35.796092
"057","1am",5.6285217,82.51715,11.854326
"058","1am",4.5555135,82.18627,13.258221
"059","1am",4.9446129,67.662,27.393384
"060","1am",4.2206128,75.51683,20.262562
"061","1am",2.7846032,81.00341,16.211983
"062","1am",5.9024676,79.88628,14.211252
"063","1am",5.1729669,83.90619,10.920841
"064","1am",4.8304321,73.02326,22.146308
"065","1am",6.8974131,59.67675,33.425833
"066","1am",7.1743578,71.6047,21.220944
"067","1am",3.4717907,75.60285,20.92536
"068","1am",1.5369813,70.96748,27.49554
"069","1am",2.7389637,75.54378,21.717255
"070","1am",1.5397808,70.42509,28.03513
"071","1am",5.7422255,76.36649,17.891289
"072","1am",0.9641005,78.43835,20.59755
"073","1am",10.052722,38.19864,51.748639
"074","1am",3.6687308,62.13926,34.192008
"075","1am",11.2405503,73.54486,15.214585
"076","1am",5.0792679,68.02032,26.900411
"077","1am",0.9376424,69.13174,29.930613
"078","1am",0,74.58285,25.417155
"079","1am",0,72.47492,27.52508
"080","1am",3.2632336,64.11385,32.622921
"001","2am",19.1085536,10.63905,70.252397
"002","2am",20.0387559,12.41491,67.546339
"003","2am",16.8857265,17.78804,65.326237
"004","2am",12.8931014,41.2227,45.884201
"005","2am",14.8781324,30.63328,54.488592
"006","2am",22.5370977,30.44898,47.013923
"007","2am",13.7790572,41.08184,45.139104
"008","2am",15.4492425,56.77327,27.777487
"009","2am",19.191893,34.76849,46.039614
"010","2am",18.197528,47.93642,33.866054
"011","2am",20.4189761,60.79381,18.787216
"012","2am",25.2294302,44.31033,30.46024
"013","2am",19.0169576,52.82415,28.15889
"014","2am",20.3591978,55.95758,23.683226
"015","2am",16.5805185,58.28893,25.130556
"016","2am",13.4590594,72.20421,14.336728
"017","2am",26.5025997,50.24197,23.255432
"018","2am",28.9228008,37.96253,33.11467
"019","2am",19.741071,48.64736,31.611564
"020","2am",28.622666,31.01328,40.364051
"021","2am",20.6786783,57.81652,21.504801
"022","2am",30.3966686,39.31245,30.29088
"023","2am",8.7989289,66.268,24.933072
"024","2am",15.8441871,65.26927,18.886547
"025","2am",27.2732692,44.78684,27.939887
"026","2am",18.2917818,60.74848,20.959741
"027","2am",5.8077283,74.73992,19.452356
"028","2am",27.8890604,44.8447,27.266241
"029","2am",15.4193117,68.38685,16.193841
"030","2am",14.2641554,70.98976,14.746087
"031","2am",4.0595013,72.58809,23.352405
"032","2am",7.9156776,68.97648,23.107843
"033","2am",6.2295266,77.64963,16.120841
"034","2am",2.5234411,83.11279,14.363768
"035","2am",4.9101281,72.74502,22.344847
"036","2am",10.7943821,72.72593,16.479684
"037","2am",3.6521058,76.63935,19.708547
"038","2am",7.2008153,85.62699,7.172197
"039","2am",13.074934,77.48694,9.438131
"040","2am",6.1903265,78.51951,15.290162
"041","2am",4.1631413,79.55247,16.284389
"042","2am",8.7837498,75.01582,16.200428
"043","2am",7.4822447,76.92156,15.596197
"044","2am",4.1451671,69.54077,26.314068
"045","2am",11.3091042,66.88793,21.802967
"046","2am",6.786819,73.36937,19.843809
"047","2am",0.8822088,81.2892,17.828592
"048","2am",10.5314885,76.24842,13.220093
"049","2am",7.5061031,78.81914,13.674759
"050","2am",2.130945,86.4822,11.386852
"051","2am",5.8191136,84.94644,9.234449
"052","2am",4.596705,82.84452,12.558776
"053","2am",2.4922369,81.94027,15.567498
"054","2am",3.6843409,86.5118,9.803864
"055","2am",5.1191027,77.08746,17.793438
"056","2am",4.001444,59.84295,36.155602
"057","2am",5.6285217,82.51715,11.854326
"058","2am",4.5185886,82.33066,13.150756
"059","2am",4.9446129,67.662,27.393384
"060","2am",4.2206128,75.51683,20.262562
"061","2am",2.7846032,81.00341,16.211983
"062","2am",5.9024676,79.88628,14.211252
"063","2am",5.2172998,83.76827,11.014434
"064","2am",4.8817683,72.73656,22.381672
"065","2am",6.8974131,59.67675,33.425833
"066","2am",7.0777452,71.98708,20.935175
"067","2am",3.4717907,75.60285,20.92536
"068","2am",1.5369813,70.96748,27.49554
"069","2am",2.7389637,75.54378,21.717255
"070","2am",1.5397808,70.42509,28.03513
"071","2am",5.7422255,76.36649,17.891289
"072","2am",0.9641005,78.43835,20.59755
"073","2am",10.052722,38.19864,51.748639
"074","2am",3.6687308,62.13926,34.192008
"075","2am",11.2405503,73.54486,15.214585
"076","2am",5.0792679,68.02032,26.900411
"077","2am",0.9238721,69.58508,29.49105
"078","2am",0,74.78376,25.216243
"079","2am",0,72.47492,27.52508
"080","2am",3.2632336,64.11385,32.622921
"001","3am",19.2576335,10.72205,70.020314
"002","3am",20.0387559,12.41491,67.546339
"003","3am",17.0024776,17.21961,65.777915
"004","3am",12.8931014,41.2227,45.884201
"005","3am",14.762073,31.17438,54.063544
"006","3am",22.1327183,30.48351,47.383768
"007","3am",13.9263368,41.52095,44.552715
"008","3am",15.4492425,56.77327,27.777487
"009","3am",19.191893,34.76849,46.039614
"010","3am",18.1765031,47.99657,33.826926
"011","3am",20.4189761,60.79381,18.787216
"012","3am",25.2294302,44.31033,30.46024
"013","3am",19.0169576,52.82415,28.15889
"014","3am",20.1705729,56.09011,23.739318
"015","3am",16.5805185,58.28893,25.130556
"016","3am",13.4590594,72.20421,14.336728
"017","3am",26.5025997,50.24197,23.255432
"018","3am",28.9228008,37.96253,33.11467
"019","3am",19.741071,48.64736,31.611564
"020","3am",28.622666,31.01328,40.364051
"021","3am",20.6786783,57.81652,21.504801
"022","3am",29.9341556,39.47507,30.590772
"023","3am",8.8752097,66.8425,24.282292
"024","3am",15.8441871,65.26927,18.886547
"025","3am",27.0808374,45.17641,27.742752
"026","3am",18.2917818,60.74848,20.959741
"027","3am",5.9128046,74.2829,19.804298
"028","3am",27.8890604,44.8447,27.266241
"029","3am",15.4193117,68.38685,16.193841
"030","3am",14.3290231,70.85783,14.813147
"031","3am",4.0595013,72.58809,23.352405
"032","3am",7.9156776,68.97648,23.107843
"033","3am",6.1942405,77.77623,16.029528
"034","3am",2.5234411,83.11279,14.363768
"035","3am",4.9101281,72.74502,22.344847
"036","3am",10.7086147,72.94264,16.348744
"037","3am",3.6521058,76.63935,19.708547
"038","3am",7.1477022,85.733,7.119295
"039","3am",13.074934,77.48694,9.438131
"040","3am",6.1903265,78.51951,15.290162
"041","3am",4.1631413,79.55247,16.284389
"042","3am",8.7837498,75.01582,16.200428
"043","3am",7.4822447,76.92156,15.596197
"044","3am",4.1767751,69.30851,26.514719
"045","3am",11.3091042,66.88793,21.802967
"046","3am",6.786819,73.36937,19.843809
"047","3am",0.8822088,81.2892,17.828592
"048","3am",10.5314885,76.24842,13.220093
"049","3am",7.5631391,78.65819,13.778668
"050","3am",2.130945,86.4822,11.386852
"051","3am",5.8191136,84.94644,9.234449
"052","3am",4.596705,82.84452,12.558776
"053","3am",2.5184587,81.75025,15.73129
"054","3am",3.6843409,86.5118,9.803864
"055","3am",5.0807021,77.25934,17.659962
"056","3am",4.001444,59.84295,36.155602
"057","3am",5.6285217,82.51715,11.854326
"058","3am",4.5185886,82.33066,13.150756
"059","3am",4.9446129,67.662,27.393384
"060","3am",4.2206128,75.51683,20.262562
"061","3am",2.7846032,81.00341,16.211983
"062","3am",5.9024676,79.88628,14.211252
"063","3am",5.2172998,83.76827,11.014434
"064","3am",4.8817683,72.73656,22.381672
"065","3am",6.8974131,59.67675,33.425833
"066","3am",7.0777452,71.98708,20.935175
"067","3am",3.4451596,75.78999,20.764847
"068","3am",1.5369813,70.96748,27.49554
"069","3am",2.7389637,75.54378,21.717255
"070","3am",1.5397808,70.42509,28.03513
"071","3am",5.7422255,76.36649,17.891289
"072","3am",0.9641005,78.43835,20.59755
"073","3am",9.962569,37.85607,52.181358
"074","3am",3.6687308,62.13926,34.192008
"075","3am",11.3482808,74.24972,14.401994
"076","3am",5.0792679,68.02032,26.900411
"077","3am",0.9238721,69.58508,29.49105
"078","3am",0,74.78376,25.216243
"079","3am",0,72.47492,27.52508
"080","3am",3.2632336,64.11385,32.622921
