"district","hour","resarea1","resarea2","resarea3"
"001","4am",0,0,0
"002","4am",0,0,0
"003","4am",0,0,0
"004","4am",0,0,0
"005","4am",0,0,0
"006","4am",0,0,0
"007","4am",0,0,0
"008","4am",0,0,0
"009","4am",0,0,0
"010","4am",0,0,0
"011","4am",0,0,0
"012","4am",0,0,0
"013","4am",0,0,0
"014","4am",0,0,0
"015","4am",0,0,0
"016","4am",0,0,0
"017","4am",0,0,0
"018","4am",0,0,0
"019","4am",0,0,0
"020","4am",0,0,0
"021","4am",0,0,0
"022","4am",0,0,0
"023","4am",0,0,0
"024","4am",0,0,0
"025","4am",0,0,0
"026","4am",0,0,0
"027","4am",0,0,0
"028","4am",0,0,0
"029","4am",0,0,0
"030","4am",0,0,0
"031","4am",0,0,0
"032","4am",0,0,0
"033","4am",0,0,0
"034","4am",0,0,0
"035","4am",0,0,0
"036","4am",0,0,0
"037","4am",0,0,0
"038","4am",0,0,0
"039","4am",0,0,0
"040","4am",0,0,0
"041","4am",0,0,0
"042","4am",0,0,0
"043","4am",0,0,0
"044","4am",0,0,0
"045","4am",0,0,0
"046","4am",0,0,0
"047","4am",0,0,0
"048","4am",0,0,0
"049","4am",0,0,0
"050","4am",0,0,0
"051","4am",0,0,0
"052","4am",0,0,0
"053","4am",0,0,0
"054","4am",0,0,0
"055","4am",0,0,0
"056","4am",0,0,0
"057","4am",0,0,0
"058","4am",0,0,0
"059","4am",0,0,0
"060","4am",0,0,0
"061","4am",0,0,0
"062","4am",0,0,0
"063","4am",0,0,0
"064","4am",0,0,0
"065","4am",0,0,0
"066","4am",0,0,0
"067","4am",0,0,0
"068","4am",0,0,0
"069","4am",0,0,0
"070","4am",0,0,0
"071","4am",0,0,0
"072","4am",0,0,0
"073","4am",0,0,0
"074","4am",0,0,0
"075","4am",0,0,0
"076","4am",0,0,0
"077","4am",0,0,0
"078","4am",0,0,0
"079","4am",0,0,0
"080","4am",0,0,0
"001","5am",0,0,0
"002","5am",0,0,0
"003","5am",0,0,0
"004","5am",0,0,0
"005","5am",0,0,0
"006","5am",0,0,0
"007","5am",0,0,0
"008","5am",0,0,0
"009","5am",0,0,0
"010","5am",0,0,0
"011","5am",0,0,0
"012","5am",0,0,0
"013","5am",0,0,0
"014","5am",0,0,0
"015","5am",0,0,0
"016","5am",0,0,0
"017","5am",0,0,0
"018","5am",0,0,0
"019","5am",0,0,0
"020","5am",0,0,0
"021","5am",0,0,0
"022","5am",0,0,0
"023","5am",0,0,0
"024","5am",0,0,0
"025","5am",0,0,0
"026","5am",0,0,0
"027","5am",0,0,0
"028","5am",0,0,0
"029","5am",0,0,0
"030","5am",0,0,0
"031","5am",0,0,0
"032","5am",0,0,0
"033","5am",0,0,0
"034","5am",0,0,0
"035","5am",0,0,0
"036","5am",0,0,0
"037","5am",0,0,0
"038","5am",0,0,0
"039","5am",0,0,0
"040","5am",0,0,0
"041","5am",0,0,0
"042","5am",0,0,0
"043","5am",0,0,0
"044","5am",0,0,0
"045","5am",0,0,0
"046","5am",0,0,0
"047","5am",0,0,0
"048","5am",0,0,0
"049","5am",0,0,0
"050","5am",0,0,0
"051","5am",0,0,0
"052","5am",0,0,0
"053","5am",0,0,0
"054","5am",0,0,0
"055","5am",0,0,0
"056","5am",0,0,0
"057","5am",0,0,0
"058","5am",0,0,0
"059","5am",0,0,0
"060","5am",0,0,0
"061","5am",0,0,0
"062","5am",0,0,0
"063","5am",0,0,0
"064","5am",0,0,0
"065","5am",0,0,0
"066","5am",0,0,0
"067","5am",0,0,0
"068","5am",0,0,0
"069","5am",0,0,0
"070","5am",0,0,0
"071","5am",0,0,0
"072","5am",0,0,0
"073","5am",0,0,0
"074","5am",0,0,0
"075","5am",0,0,0
"076","5am",0,0,0
"077","5am",0,0,0
"078","5am",0,0,0
"079","5am",0,0,0
"080","5am",0,0,0
"001","6am",0,0,0
"002","6am",0,0,0
"003","6am",0,0,0
"004","6am",0,0,0
"005","6am",0,0,0
"006","6am",0,0,0
"007","6am",0,0,0
"008","6am",0,0,0
"009","6am",0,0,0
"010","6am",0,0,0
"011","6am",0,0,0
"012","6am",0,0,0
"013","6am",0,0,0
"014","6am",0,0,0
"015","6am",0,0,0
"016","6am",0,0,0
"017","6am",0,0,0
"018","6am",0,0,0
"019","6am",0,0,0
"020","6am",0,0,0
"021","6am",0,0,0
"022","6am",0,0,842.2785
"023","6am",0,0,0
"024","6am",0,0,0
"025","6am",0,0,0
"026","6am",0,0,0
"027","6am",0,0,0
"028","6am",0,0,0
"029","6am",0,0,0
"030","6am",0,0,0
"031","6am",0,0,0
"032","6am",0,0,0
"033","6am",0,0,0
"034","6am",0,0,0
"035","6am",0,0,0
"036","6am",0,0,0
"037","6am",0,0,0
"038","6am",0,0,0
"039","6am",0,0,0
"040","6am",0,0,0
"041","6am",0,0,0
"042","6am",0,0,0
"043","6am",0,0,0
"044","6am",0,0,0
"045","6am",0,0,0
"046","6am",0,0,0
"047","6am",0,0,0
"048","6am",0,0,0
"049","6am",0,0,0
"050","6am",0,0,0
"051","6am",0,0,0
"052","6am",0,0,0
"053","6am",0,0,0
"054","6am",0,0,0
"055","6am",0,0,0
"056","6am",0,0,0
"057","6am",0,0,0
"058","6am",0,0,0
"059","6am",0,0,0
"060","6am",0,0,0
"061","6am",0,0,0
"062","6am",0,0,0
"063","6am",0,0,0
"064","6am",0,0,0
"065","6am",0,0,0
"066","6am",0,0,0
"067","6am",0,0,0
"068","6am",0,0,0
"069","6am",0,0,0
"070","6am",0,0,0
"071","6am",0,0,0
"072","6am",0,0,0
"073","6am",0,0,0
"074","6am",0,0,0
"075","6am",0,0,0
"076","6am",0,0,0
"077","6am",0,0,0
"078","6am",0,0,0
"079","6am",0,0,0
"080","6am",0,0,0
"001","7am",0,0,1198.1619
"002","7am",0,0,0
"003","7am",0,995.0245,1499.2289
"004","7am",0,0,0
"005","7am",0,0,656.013
"006","7am",0,0,1629.2522
"007","7am",0,0,0
"008","7am",0,0,0
"009","7am",1214.3193,1330.965,2246.8157
"010","7am",0,0,0
"011","7am",0,0,948.1556
"012","7am",0,0,0
"013","7am",0,874.5907,793.178
"014","7am",0,0,0
"015","7am",0,0,0
"016","7am",0,0,0
"017","7am",0,665.3192,1512.8679
"018","7am",0,0,0
"019","7am",601.6652,828.9989,1056.5161
"020","7am",0,0,0
"021","7am",0,0,0
"022","7am",907.56,1114.2061,1757.6278
"023","7am",0,698.7505,1401.6951
"024","7am",0,0,0
"025","7am",918.2006,728.0286,4623.5178
"026","7am",0,0,584.4105
"027","7am",808.6935,703.7325,1007.796
"028","7am",0,581.7197,1466.0052
"029","7am",0,616.6439,685.5924
"030","7am",0,0,0
"031","7am",0,0,0
"032","7am",1104.9056,822.6163,0
"033","7am",0,0,0
"034","7am",0,0,0
"035","7am",751.0882,707.8286,1008.1251
"036","7am",0,0,0
"037","7am",0,432.0621,0
"038","7am",0,0,0
"039","7am",0,0,0
"040","7am",0,0,0
"041","7am",0,0,0
"042","7am",0,0,0
"043","7am",0,0,0
"044","7am",0,0,0
"045","7am",0,0,0
"046","7am",0,0,0
"047","7am",0,0,0
"048","7am",0,0,0
"049","7am",0,0,0
"050","7am",0,0,0
"051","7am",0,0,0
"052","7am",0,0,0
"053","7am",0,0,0
"054","7am",0,0,0
"055","7am",0,0,0
"056","7am",0,0,0
"057","7am",0,0,0
"058","7am",0,0,0
"059","7am",0,0,0
"060","7am",1051.3087,887.9789,0
"061","7am",0,0,0
"062","7am",0,0,0
"063","7am",0,0,0
"064","7am",0,0,0
"065","7am",0,0,0
"066","7am",0,0,0
"067","7am",0,0,0
"068","7am",0,0,0
"069","7am",0,0,0
"070","7am",0,1114.9555,0
"071","7am",0,0,0
"072","7am",0,0,0
"073","7am",0,1256.5261,0
"074","7am",0,983.9557,0
"075","7am",0,1544.0459,0
"076","7am",0,0,0
"077","7am",0,0,0
"078","7am",1095.3782,0,0
"079","7am",0,0,0
"080","7am",0,0,0
"001","8am",0,986.7136,2622.3805
"002","8am",0,0,1073.4144
"003","8am",704.6456,1715.0416,3494.7913
"004","8am",0,0,732.0239
"005","8am",0,589.2238,1085.5259
"006","8am",0,886.9289,2496.8424
"007","8am",0,0,708.0104
"008","8am",0,0,0
"009","8am",2037.3832,2803.6805,3956.3224
"010","8am",0,0,744.1458
"011","8am",851.7692,810.706,1966.8255
"012","8am",0,0,0
"013","8am",686.0698,1323.4518,1712.6499
"014","8am",0,0,1209.2621
"015","8am",0,0,0
"016","8am",0,0,0
"017","8am",792.7772,951.0073,2758.7945
"018","8am",758.987,795.1742,1039.0105
"019","8am",1533.2704,1669.1312,3059.2503
"020","8am",0,0,971.8264
"021","8am",0,0,0
"022","8am",2133.6998,1881.631,3412.3327
"023","8am",1165.7201,1834.771,2781.7014
"024","8am",0,0,825.3808
"025","8am",1297.6325,1594.7388,8644.0788
"026","8am",0,0,897.9714
"027","8am",1845.7445,3000.7417,3375.7026
"028","8am",1177.9439,1783.1678,3083.0664
"029","8am",0,1250.7371,1519.7726
"030","8am",0,914.6726,0
"031","8am",0,0,0
"032","8am",1538.1873,1691.2485,1443.4245
"033","8am",701.2176,1303.4051,1135.3706
"034","8am",0,0,0
"035","8am",1040.983,1016.7792,1691.044
"036","8am",0,575.4929,0
"037","8am",604.1114,560.2972,0
"038","8am",0,0,0
"039","8am",0,0,0
"040","8am",1308.7552,1169.0248,1232.0746
"041","8am",0,0,713.3178
"042","8am",0,0,0
"043","8am",0,1045.5322,1119.7087
"044","8am",0,0,0
"045","8am",0,0,0
"046","8am",0,0,0
"047","8am",0,0,0
"048","8am",0,0,0
"049","8am",0,0,0
"050","8am",0,0,0
"051","8am",0,0,0
"052","8am",0,0,0
"053","8am",0,0,0
"054","8am",0,596.4717,0
"055","8am",0,0,0
"056","8am",0,0,0
"057","8am",0,0,0
"058","8am",0,0,0
"059","8am",0,986.4558,0
"060","8am",1345.9069,1324.7762,0
"061","8am",0,0,0
"062","8am",0,0,0
"063","8am",0,0,0
"064","8am",0,0,0
"065","8am",1169.7184,0,0
"066","8am",0,0,0
"067","8am",0,0,0
"068","8am",0,0,0
"069","8am",0,0,0
"070","8am",813.4834,1415.9286,0
"071","8am",0,985.4713,0
"072","8am",0,1435.0123,0
"073","8am",0,2263.6555,0
"074","8am",0,1794.6663,0
"075","8am",1254.7065,2674.3461,0
"076","8am",0,0,0
"077","8am",0,0,0
"078","8am",2443.0024,0,0
"079","8am",873.0672,0,0
"080","8am",0,0,0
"001","9am",0,1767.3585,4224.6385
"002","9am",0,991.2084,2201.0687
"003","9am",934.1524,1734.6068,4989.9277
"004","9am",0,0,592.5254
"005","9am",0,651.5678,1659.3524
"006","9am",766.1077,1162.079,2945.4761
"007","9am",0,0,863.9439
"008","9am",0,0,0
"009","9am",2140.9505,3103.9674,5027.6132
"010","9am",0,758.9553,1188.1821
"011","9am",929.1567,872.8136,2674.0794
"012","9am",0,0,0
"013","9am",797.1385,1554.9235,1887.0645
"014","9am",0,0,1291.5007
"015","9am",0,0,0
"016","9am",0,682.2922,0
"017","9am",1115.0079,1413.9611,3356.204
"018","9am",1044.778,795.1742,1245.1139
"019","9am",1759.8392,1772.2238,3508.9403
"020","9am",0,0,857.6137
"021","9am",0,0,0
"022","9am",2289.5778,2685.6096,4198.769
"023","9am",1228.7199,2421.8628,3596.2351
"024","9am",0,0,1312.9538
"025","9am",1690.1153,2363.0716,11223.3054
"026","9am",0,0,1429.7735
"027","9am",2576.0136,3424.702,4049.2745
"028","9am",1850.4672,2653.0724,4521.0631
"029","9am",0,1397.5121,1840.2087
"030","9am",872.0291,839.0152,0
"031","9am",0,0,0
"032","9am",2781.3162,2378.987,1714.8786
"033","9am",1386.3332,1735.2541,1465.4958
"034","9am",0,0,0
"035","9am",1193.0526,1223.2026,1968.9298
"036","9am",0,632.1083,0
"037","9am",753.8543,821.9487,0
"038","9am",0,0,689.8342
"039","9am",0,0,0
"040","9am",1669.9979,1361.0556,1333.721
"041","9am",788.6923,0,801.7089
"042","9am",0,0,0
"043","9am",991.7108,1249.9246,1160.6818
"044","9am",0,0,0
"045","9am",0,0,0
"046","9am",0,0,0
"047","9am",1149.9098,627.3965,864.6323
"048","9am",0,0,0
"049","9am",0,0,0
"050","9am",0,0,0
"051","9am",0,0,0
"052","9am",0,0,0
"053","9am",0,0,0
"054","9am",658.8215,664.8791,0
"055","9am",0,0,0
"056","9am",0,0,0
"057","9am",0,0,0
"058","9am",0,0,0
"059","9am",747.3209,1969.0038,0
"060","9am",1519.6711,1667.4013,0
"061","9am",0,0,0
"062","9am",0,0,0
"063","9am",0,0,0
"064","9am",0,0,0
"065","9am",1382.4468,0,0
"066","9am",0,0,0
"067","9am",0,0,0
"068","9am",0,0,0
"069","9am",0,0,0
"070","9am",1065.2656,1819.6207,0
"071","9am",0,1146.8104,0
"072","9am",0,2045.7797,0
"073","9am",0,2951.5527,0
"074","9am",0,1701.8546,0
"075","9am",1355.951,3833.3258,0
"076","9am",0,0,0
"077","9am",0,0,0
"078","9am",3182.3506,0,0
"079","9am",1126.3807,0,0
"080","9am",0,0,0
"001","10am",636.3809,1793.1103,4687.4204
"002","10am",975.6739,1258.1569,2919.2123
"003","10am",996.8465,1731.4801,5241.8241
"004","10am",0,0,0
"005","10am",0,651.5678,1701.9894
"006","10am",813.5019,1314.851,3403.0028
"007","10am",0,0,938.5713
"008","10am",0,0,0
"009","10am",2479.1089,3337.3111,5673.8278
"010","10am",0,728.7619,915.9086
"011","10am",1072.4846,941.7848,2595.7756
"012","10am",0,0,674.1182
"013","10am",889.5038,1633.678,1876.4477
"014","10am",0,0,1295.784
"015","10am",0,0,0
"016","10am",0,0,0
"017","10am",1150.6666,1472.5986,3801.9642
"018","10am",840.0985,721.7275,1232.9521
"019","10am",1708.3208,1760.4116,3715.7583
"020","10am",0,0,1012.1098
"021","10am",0,0,0
"022","10am",2368.2739,2888.2107,4454.8916
"023","10am",1332.5741,2458.5861,3858.8743
"024","10am",0,0,924.856
"025","10am",1829.582,2573.9516,12838.2707
"026","10am",0,0,1601.8416
"027","10am",2614.7803,3460.3805,4217.9351
"028","10am",1884.65,3165.6501,4724.9155
"029","10am",0,1436.5235,1754.1876
"030","10am",907.2427,1114.2805,0
"031","10am",0,0,0
"032","10am",2866.8222,2317.1331,1884.7361
"033","10am",1828.5717,1804.8392,1774.883
"034","10am",748.8159,0,0
"035","10am",1164.9929,1161.0429,2112.5811
"036","10am",0,739.6906,0
"037","10am",816.8577,795.2475,0
"038","10am",0,0,0
"039","10am",0,0,0
"040","10am",1799.1793,1536.5462,1543.5782
"041","10am",796.0046,547.8449,802.7598
"042","10am",0,682.0393,0
"043","10am",880.8041,1527.2882,1484.9068
"044","10am",0,0,0
"045","10am",0,0,0
"046","10am",0,0,0
"047","10am",1169.4701,642.8381,904.4121
"048","10am",0,0,0
"049","10am",0,0,0
"050","10am",0,0,0
"051","10am",0,0,0
"052","10am",0,0,0
"053","10am",0,0,0
"054","10am",596.3537,583.4699,0
"055","10am",0,0,0
"056","10am",0,0,0
"057","10am",0,0,0
"058","10am",0,0,0
"059","10am",638.1083,1628.9307,0
"060","10am",1856.3716,1540.322,0
"061","10am",0,0,0
"062","10am",0,0,0
"063","10am",0,0,0
"064","10am",0,0,0
"065","10am",1176.5236,0,0
"066","10am",0,0,0
"067","10am",0,0,0
"068","10am",0,0,0
"069","10am",0,0,0
"070","10am",999.6468,2190.3077,0
"071","10am",0,1040.811,0
"072","10am",0,1589.7915,0
"073","10am",0,3336.1922,0
"074","10am",0,1672.0895,0
"075","10am",1355.951,4022.8403,0
"076","10am",0,0,0
"077","10am",0,0,0
"078","10am",3727.2506,0,0
"079","10am",1176.7529,0,0
"080","10am",0,0,0
"001","11am",902.5699,1633.1185,4823.8754
"002","11am",889.9354,1431.0406,3377.0735
"003","11am",678.2035,1885.4741,3857.5519
"004","11am",0,0,0
"005","11am",0,781.9102,1985.7652
"006","11am",989.3507,1187.2683,3522.6502
"007","11am",0,0,1184.8645
"008","11am",0,0,0
"009","11am",2306.3312,3629.429,5125.0818
"010","11am",0,819.4796,985.8698
"011","11am",762.6417,894.772,2033.4898
"012","11am",0,0,680.5006
"013","11am",641.1584,1455.5015,1721.0171
"014","11am",0,0,1470.7142
"015","11am",0,0,0
"016","11am",0,661.0096,0
"017","11am",982.3659,1411.6072,3469.2714
"018","11am",867.6867,770.7178,1137.5677
"019","11am",1761.1337,1698.5513,3298.468
"020","11am",0,0,1085.3068
"021","11am",0,0,0
"022","11am",2538.4757,2750.273,4463.4798
"023","11am",1267.9815,2383.0573,3821.5105
"024","11am",0,0,930.9125
"025","11am",1662.6299,2380.7721,11547.9379
"026","11am",0,0,1569.5003
"027","11am",2440.4789,3122.414,4178.1995
"028","11am",1702.2842,2762.4403,4173.8664
"029","11am",0,1306.628,1734.9355
"030","11am",838.5827,848.5462,0
"031","11am",557.7933,0,0
"032","11am",1931.0209,1996.3811,1734.3292
"033","11am",1794.9647,1646.8787,1766.9623
"034","11am",0,0,0
"035","11am",1301.5572,1195.5592,2282.3379
"036","11am",0,0,0
"037","11am",639.0702,855.7878,0
"038","11am",0,0,0
"039","11am",0,0,0
"040","11am",1671.3453,1436.0951,1494.7542
"041","11am",762.7716,0,802.7598
"042","11am",0,410.6192,0
"043","11am",0,1308.6364,1404.0557
"044","11am",0,0,0
"045","11am",0,0,0
"046","11am",0,0,0
"047","11am",1294.3664,612.8061,847.2594
"048","11am",0,0,0
"049","11am",0,0,0
"050","11am",0,0,0
"051","11am",0,0,0
"052","11am",0,0,0
"053","11am",0,0,0
"054","11am",0,574.9508,0
"055","11am",0,0,0
"056","11am",0,0,0
"057","11am",0,0,0
"058","11am",0,0,0
"059","11am",0,1098.155,0
"060","11am",1411.837,1462.3019,0
"061","11am",0,0,0
"062","11am",0,0,0
"063","11am",0,0,0
"064","11am",0,0,0
"065","11am",0,0,0
"066","11am",0,0,0
"067","11am",0,0,0
"068","11am",0,0,0
"069","11am",0,0,0
"070","11am",0,2056.8663,0
"071","11am",0,935.0701,0
"072","11am",0,1473.335,0
"073","11am",0,2593.6744,0
"074","11am",0,1995.7968,0
"075","11am",1227.244,3582.1633,0
"076","11am",0,0,0
"077","11am",0,0,0
"078","11am",3043.434,0,0
"079","11am",982.6118,0,0
"080","11am",0,0,0
"001","12am",0,1535.0725,4238.2437
"002","12am",857.7949,1918.1006,4137.0169
"003","12am",800.5954,1623.0008,3258.746
"004","12am",0,0,0
"005","12am",0,0,1173.4754
"006","12am",841.9977,809.6823,3114.1445
"007","12am",0,0,1084.8249
"008","12am",0,0,0
"009","12am",2409.5465,3615.4187,4473.5025
"010","12am",0,0,597.7805
"011","12am",864.0938,611.2161,1443.8343
"012","12am",0,0,0
"013","12am",0,1406.9638,1392.2142
"014","12am",0,0,958.8333
"015","12am",0,0,0
"016","12am",0,0,0
"017","12am",543.2063,1344.8978,2750.499
"018","12am",687.1309,0,1034.1118
"019","12am",1547.0949,1244.6298,2382.0795
"020","12am",0,0,552.4196
"021","12am",0,0,0
"022","12am",2387.625,2327.1579,4031.09
"023","12am",1170.545,1988.4775,3345.1629
"024","12am",0,0,749.2254
"025","12am",1473.8159,2137.222,9919.9346
"026","12am",0,0,941.1305
"027","12am",1973.8619,2795.9909,3611.1635
"028","12am",1399.5049,2533.4186,3972.626
"029","12am",0,998.3337,1266.0252
"030","12am",0,686.8074,0
"031","12am",0,0,0
"032","12am",1035.7511,1555.2984,1462.9238
"033","12am",1958.2369,1720.5952,1543.8571
"034","12am",0,0,0
"035","12am",914.3357,762.1617,1597.5316
"036","12am",760.4257,0,0
"037","12am",0,0,0
"038","12am",0,0,0
"039","12am",0,0,0
"040","12am",1334.4605,902.3939,1324.0079
"041","12am",749.6688,0,761.1848
"042","12am",0,0,0
"043","12am",699.3435,1213.0128,1383.0899
"044","12am",0,0,0
"045","12am",0,0,0
"046","12am",0,0,0
"047","12am",0,0,756.6597
"048","12am",0,0,0
"049","12am",0,0,0
"050","12am",0,0,0
"051","12am",0,0,0
"052","12am",0,0,0
"053","12am",0,0,0
"054","12am",0,0,590.9164
"055","12am",0,0,0
"056","12am",0,0,0
"057","12am",0,0,0
"058","12am",0,0,0
"059","12am",0,0,0
"060","12am",1140.9013,1172.7444,0
"061","12am",0,0,0
"062","12am",0,0,0
"063","12am",0,0,0
"064","12am",0,0,0
"065","12am",0,0,0
"066","12am",0,0,0
"067","12am",0,0,0
"068","12am",0,0,0
"069","12am",0,0,0
"070","12am",0,1382.5142,0
"071","12am",0,0,0
"072","12am",0,1144.7237,0
"073","12am",0,1629.1511,0
"074","12am",0,1643.777,0
"075","12am",0,1613.9948,0
"076","12am",0,0,0
"077","12am",0,0,0
"078","12am",2185.0931,0,0
"079","12am",1088.0247,0,0
"080","12am",0,0,0
"001","1pm",678.9252,1272.1117,4119.4453
"002","1pm",0,1983.2556,3950.337
"003","1pm",803.6016,2279.2674,3527.904
"004","1pm",0,0,702.2033
"005","1pm",0,561.1983,1450.3723
"006","1pm",944.1788,768.6682,2748.1073
"007","1pm",0,0,912.9426
"008","1pm",0,0,0
"009","1pm",2354.1003,3508.0706,5123.421
"010","1pm",0,0,749.9639
"011","1pm",781.411,983.1296,1953.9675
"012","1pm",0,0,0
"013","1pm",632.5353,1600.2764,1653.7715
"014","1pm",0,0,1104.446
"015","1pm",0,0,0
"016","1pm",0,638.4022,0
"017","1pm",738.3243,1280.5332,2816.5131
"018","1pm",720.3475,894.7866,1192.8982
"019","1pm",1593.644,1317.4535,2927.26
"020","1pm",0,0,956.6569
"021","1pm",0,0,0
"022","1pm",2388.7032,2882.2618,4068.5126
"023","1pm",1034.8177,2114.5687,4004.3341
"024","1pm",0,0,786.0656
"025","1pm",1756.4655,2389.5106,10394.4201
"026","1pm",0,0,1461.1183
"027","1pm",2498.7135,3101.2872,4025.3423
"028","1pm",2307.7958,2567.1495,4484.2547
"029","1pm",0,1509.0162,1504.2724
"030","1pm",886.7477,874.2418,0
"031","1pm",0,0,0
"032","1pm",1416.3209,1947.5661,1411.6583
"033","1pm",1776.9749,1595.0674,1688.3599
"034","1pm",0,0,0
"035","1pm",1258.4051,1074.9996,1813.1564
"036","1pm",0,619.7083,0
"037","1pm",706.4086,758.4521,0
"038","1pm",0,0,0
"039","1pm",0,0,0
"040","1pm",1395.1643,892.9415,998.4225
"041","1pm",0,0,698.6484
"042","1pm",0,0,0
"043","1pm",1310.9889,1469.6107,1243.694
"044","1pm",612.8521,0,650.0563
"045","1pm",0,0,0
"046","1pm",0,0,0
"047","1pm",0,0,655.7676
"048","1pm",0,0,0
"049","1pm",0,0,0
"050","1pm",0,0,0
"051","1pm",0,0,0
"052","1pm",0,0,0
"053","1pm",0,0,0
"054","1pm",588.121,0,590.9164
"055","1pm",0,0,0
"056","1pm",0,0,0
"057","1pm",0,0,0
"058","1pm",0,0,0
"059","1pm",0,926.1345,0
"060","1pm",1203.7669,1317.0856,0
"061","1pm",0,0,0
"062","1pm",0,0,0
"063","1pm",0,0,0
"064","1pm",0,0,0
"065","1pm",882.9463,0,0
"066","1pm",0,0,0
"067","1pm",0,0,0
"068","1pm",0,0,0
"069","1pm",0,0,0
"070","1pm",1141.9258,1235.0143,0
"071","1pm",0,927.7471,0
"072","1pm",0,1244.0129,0
"073","1pm",0,1914.4249,0
"074","1pm",0,1677.8959,0
"075","1pm",1209.2416,2542.1307,0
"076","1pm",0,0,0
"077","1pm",0,0,0
"078","1pm",2816.3951,0,0
"079","1pm",1130.3222,0,0
"080","1pm",0,0,0
"001","2pm",694.2327,1088.364,4333.0722
"002","2pm",836.1625,1941.1738,3974.6915
"003","2pm",942.4613,2129.0788,3334.5319
"004","2pm",0,0,691.1719
"005","2pm",0,657.7405,1617.5775
"006","2pm",954.1803,1030.4348,2862.9253
"007","2pm",0,0,1314.6267
"008","2pm",0,0,0
"009","2pm",2462.0031,3375.4706,6202.4578
"010","2pm",0,0,888.1349
"011","2pm",865.1202,923.7397,2451.6893
"012","2pm",0,0,0
"013","2pm",749.0708,1636.2728,2000.3893
"014","2pm",0,0,1836.3574
"015","2pm",0,0,0
"016","2pm",0,0,0
"017","2pm",893.0661,1138.9623,3149.9892
"018","2pm",848.7974,874.4125,1090.5912
"019","2pm",1575.9287,1478.4618,3165.753
"020","2pm",0,0,1330.1232
"021","2pm",0,0,0
"022","2pm",2165.5933,2662.3471,3950.3144
"023","2pm",944.8798,2440.1905,4124.0985
"024","2pm",0,0,1177.2121
"025","2pm",1625.3917,2433.7547,12034.1617
"026","2pm",0,0,1431.1807
"027","2pm",2592.6467,3108.6907,3867.6276
"028","2pm",2532.3028,3379.6393,5196.9957
"029","2pm",0,1648.7741,1617.9295
"030","2pm",828.7857,974.3592,815.0435
"031","2pm",0,0,0
"032","2pm",1719.12,2152.1045,1690.0967
"033","2pm",1559.8997,1694.1238,2194.4085
"034","2pm",0,681.1059,0
"035","2pm",1762.4568,1271.6825,2027.1372
"036","2pm",0,698.193,0
"037","2pm",749.7937,974.5712,0
"038","2pm",0,0,0
"039","2pm",0,0,0
"040","2pm",1310.6178,703.3986,1083.6114
"041","2pm",677.6034,724.7094,853.5163
"042","2pm",0,457.503,0
"043","2pm",1327.4193,1708.079,1757.9589
"044","2pm",0,643.7575,0
"045","2pm",0,0,0
"046","2pm",0,0,0
"047","2pm",0,0,989.6298
"048","2pm",0,0,0
"049","2pm",0,0,0
"050","2pm",0,0,0
"051","2pm",0,0,0
"052","2pm",0,0,0
"053","2pm",0,0,0
"054","2pm",0,0,689.7812
"055","2pm",0,0,0
"056","2pm",0,0,0
"057","2pm",0,0,0
"058","2pm",0,0,0
"059","2pm",0,1139.8459,0
"060","2pm",1219.8564,1311.9321,0
"061","2pm",0,0,0
"062","2pm",0,0,0
"063","2pm",0,0,0
"064","2pm",0,0,0
"065","2pm",936.1498,0,0
"066","2pm",0,0,0
"067","2pm",0,0,0
"068","2pm",0,0,0
"069","2pm",0,0,0
"070","2pm",1153.5099,1696.177,0
"071","2pm",0,1010.9225,0
"072","2pm",0,1249.6834,0
"073","2pm",0,2900.067,0
"074","2pm",0,1666.3819,0
"075","2pm",1211.8671,3485.8938,0
"076","2pm",0,0,0
"077","2pm",0,0,0
"078","2pm",3209.6208,0,0
"079","2pm",1218.2893,0,0
"080","2pm",0,0,0
"001","3pm",0,942.0377,4253.7589
"002","3pm",630.8814,2328.2179,4988.7422
"003","3pm",716.5795,1948.0871,3571.6752
"004","3pm",0,0,0
"005","3pm",0,0,2041.5335
"006","3pm",975.5548,896.0334,2689.4545
"007","3pm",0,0,1225.8515
"008","3pm",0,0,0
"009","3pm",2267.3593,3472.403,6579.7267
"010","3pm",0,0,1080.1944
"011","3pm",751.7528,1009.2396,2589.1163
"012","3pm",0,528.4103,650.313
"013","3pm",708.8394,1842.4159,1816.936
"014","3pm",0,0,1370.2201
"015","3pm",0,0,0
"016","3pm",0,0,0
"017","3pm",810.4865,1176.6322,3011.4394
"018","3pm",901.2071,856.3683,1254.1055
"019","3pm",1388.9565,1223.9529,2747.2862
"020","3pm",0,0,1386.722
"021","3pm",0,0,0
"022","3pm",1997.4011,2941.6753,3580.5178
"023","3pm",957.6781,2503.0301,4130.8264
"024","3pm",0,0,1216.3052
"025","3pm",1434.2115,2387.7214,11819.3841
"026","3pm",0,0,1393.7203
"027","3pm",2634.7075,3201.0425,3761.1629
"028","3pm",2109.5412,3963.2872,5782.0186
"029","3pm",0,1527.3579,1938.0788
"030","3pm",826.7333,825.4629,0
"031","3pm",0,0,0
"032","3pm",1708.5182,2725.9675,1757.086
"033","3pm",1675.2268,1821.3979,2297.0357
"034","3pm",745.3507,0,0
"035","3pm",1156.0812,1347.5855,2270.8378
"036","3pm",0,1239.6083,0
"037","3pm",698.3606,778.604,0
"038","3pm",416.2596,0,0
"039","3pm",0,0,590.0971
"040","3pm",1416.017,676.8679,1125.1187
"041","3pm",878.8659,700.2534,797.4526
"042","3pm",0,369.5175,0
"043","3pm",1206.7319,1240.201,1786.7946
"044","3pm",0,0,0
"045","3pm",0,0,0
"046","3pm",0,0,0
"047","3pm",0,0,888.7819
"048","3pm",0,0,0
"049","3pm",0,0,0
"050","3pm",0,0,0
"051","3pm",0,0,0
"052","3pm",0,0,0
"053","3pm",0,0,0
"054","3pm",0,0,583.9773
"055","3pm",0,0,0
"056","3pm",0,0,0
"057","3pm",0,0,0
"058","3pm",0,0,0
"059","3pm",0,1316.5055,0
"060","3pm",1408.0524,1468.7665,0
"061","3pm",0,0,0
"062","3pm",0,0,0
"063","3pm",0,0,0
"064","3pm",0,0,0
"065","3pm",1156.2863,0,0
"066","3pm",0,0,0
"067","3pm",0,0,0
"068","3pm",0,0,0
"069","3pm",0,0,0
"070","3pm",1236.2598,2037.9593,0
"071","3pm",0,1136.1947,0
"072","3pm",0,0,0
"073","3pm",0,3349.6152,0
"074","3pm",0,1844.7231,0
"075","3pm",1343.7528,3495.582,0
"076","3pm",0,0,0
"077","3pm",0,0,0
"078","3pm",2840.6044,0,0
"079","3pm",1191.9488,0,0
"080","3pm",0,0,0
"001","4pm",0,992.5156,3877.7912
"002","4pm",0,1539.5122,3873.0259
"003","4pm",0,1368.727,3393.9138
"004","4pm",0,0,0
"005","4pm",0,0,1165.716
"006","4pm",719.6539,686.3836,1932.1234
"007","4pm",0,0,1357.4587
"008","4pm",0,0,0
"009","4pm",1175.7423,2578.8298,5700.2163
"010","4pm",0,670.7909,1049.5054
"011","4pm",0,857.3848,2125.4742
"012","4pm",0,0,605.3018
"013","4pm",0,1855.8343,1352.9527
"014","4pm",0,0,949.6127
"015","4pm",0,0,859.4546
"016","4pm",0,0,0
"017","4pm",488.5469,1059.5348,2733.4937
"018","4pm",0,664.3526,1123.4846
"019","4pm",1260.6719,1037.9007,2460.3182
"020","4pm",0,0,690.5459
"021","4pm",0,0,0
"022","4pm",1668.1292,2560.4398,2993.8317
"023","4pm",0,2025.0313,3299.9391
"024","4pm",0,0,1017.7659
"025","4pm",910.133,1821.7102,10582.2717
"026","4pm",0,0,1381.9437
"027","4pm",2454.1754,3015.2413,3546.6275
"028","4pm",1544.0157,3223.0934,4451.2893
"029","4pm",0,1450.3528,1369.1252
"030","4pm",809.7369,779.6277,0
"031","4pm",0,0,0
"032","4pm",1718.2882,2425.9929,1429.1674
"033","4pm",1303.9213,1595.7424,1528.424
"034","4pm",0,0,0
"035","4pm",999.0136,1686.6565,1608.3173
"036","4pm",0,0,0
"037","4pm",0,712.2156,0
"038","4pm",711.3506,0,0
"039","4pm",0,0,645.8184
"040","4pm",1512.972,645.205,1274.6977
"041","4pm",0,0,705.8584
"042","4pm",0,625.7917,0
"043","4pm",1056.7856,1569.2366,1502.7247
"044","4pm",0,0,0
"045","4pm",0,0,0
"046","4pm",0,0,0
"047","4pm",0,0,0
"048","4pm",0,0,0
"049","4pm",0,0,0
"050","4pm",0,0,0
"051","4pm",0,0,0
"052","4pm",0,0,0
"053","4pm",0,0,0
"054","4pm",0,0,0
"055","4pm",0,0,0
"056","4pm",0,0,0
"057","4pm",0,0,0
"058","4pm",0,0,0
"059","4pm",0,1145.8165,0
"060","4pm",1058.2314,1372.7307,0
"061","4pm",0,0,0
"062","4pm",0,0,0
"063","4pm",0,0,0
"064","4pm",0,0,0
"065","4pm",0,0,0
"066","4pm",0,0,0
"067","4pm",0,0,0
"068","4pm",0,0,0
"069","4pm",0,0,0
"070","4pm",994.1254,1812.1686,0
"071","4pm",0,1054.5759,0
"072","4pm",0,0,0
"073","4pm",0,3302.7711,0
"074","4pm",0,2111.7953,0
"075","4pm",1270.0103,3234.6918,0
"076","4pm",0,0,0
"077","4pm",0,0,0
"078","4pm",2165.5892,0,0
"079","4pm",0,0,0
"080","4pm",0,0,0
"001","5pm",0,0,2812.479
"002","5pm",0,1160.0943,3564.4985
"003","5pm",0,1115.3755,3213.8679
"004","5pm",0,0,0
"005","5pm",0,0,976.0194
"006","5pm",0,0,1844.8021
"007","5pm",0,0,1284.0023
"008","5pm",0,0,0
"009","5pm",864.5692,1964.6411,4021.7087
"010","5pm",0,0,0
"011","5pm",0,0,1102.2047
"012","5pm",0,0,0
"013","5pm",0,1075.4873,881.4625
"014","5pm",0,0,1134.331
"015","5pm",0,0,0
"016","5pm",0,0,0
"017","5pm",0,701.5042,1370.9551
"018","5pm",0,0,661.7102
"019","5pm",1018.0117,0,1112.3132
"020","5pm",0,0,0
"021","5pm",0,0,0
"022","5pm",933.2767,1852.1164,2116.7338
"023","5pm",0,1001.559,2319.8307
"024","5pm",0,0,863.2046
"025","5pm",0,892.1791,7108.2289
"026","5pm",0,0,970.345
"027","5pm",1234.929,2280.3018,2195.1364
"028","5pm",852.946,2131.2471,3648.2526
"029","5pm",0,565.4708,1052.2245
"030","5pm",0,0,0
"031","5pm",0,0,0
"032","5pm",961.0525,1213.0087,1056.8598
"033","5pm",793.8283,1032.5592,1217.3814
"034","5pm",0,0,0
"035","5pm",0,1262.261,1594.6347
"036","5pm",0,0,0
"037","5pm",0,0,0
"038","5pm",545.9567,0,0
"039","5pm",0,0,645.1096
"040","5pm",837.1036,555.6616,1025.9499
"041","5pm",0,0,0
"042","5pm",0,420.8607,0
"043","5pm",623.4985,1128.5403,1022.1387
"044","5pm",0,0,0
"045","5pm",0,0,0
"046","5pm",0,0,0
"047","5pm",0,0,0
"048","5pm",0,0,0
"049","5pm",0,0,0
"050","5pm",0,0,0
"051","5pm",0,0,0
"052","5pm",0,0,0
"053","5pm",0,0,0
"054","5pm",0,0,0
"055","5pm",0,0,0
"056","5pm",0,0,0
"057","5pm",0,0,0
"058","5pm",0,0,0
"059","5pm",0,859.9323,0
"060","5pm",0,1170.1099,0
"061","5pm",0,0,0
"062","5pm",0,0,0
"063","5pm",0,0,0
"064","5pm",0,0,0
"065","5pm",0,0,0
"066","5pm",0,0,0
"067","5pm",0,0,0
"068","5pm",0,0,0
"069","5pm",0,0,0
"070","5pm",911.9861,1361.2222,0
"071","5pm",0,944.5367,0
"072","5pm",0,0,0
"073","5pm",0,2368.6866,0
"074","5pm",0,1448.8438,0
"075","5pm",0,1934.0569,0
"076","5pm",0,0,0
"077","5pm",0,0,0
"078","5pm",1188.3318,0,0
"079","5pm",0,0,0
"080","5pm",0,0,0
"001","6pm",0,0,2187.1377
"002","6pm",0,1195.8522,3110.3726
"003","6pm",0,580.1816,2351.5387
"004","6pm",0,0,0
"005","6pm",0,0,0
"006","6pm",0,0,1574.5256
"007","6pm",0,0,1542.0971
"008","6pm",0,0,0
"009","6pm",0,1334.8527,2601.0237
"010","6pm",0,0,0
"011","6pm",0,0,962.1317
"012","6pm",0,0,0
"013","6pm",0,0,679.8468
"014","6pm",0,0,979.2366
"015","6pm",0,0,0
"016","6pm",0,0,0
"017","6pm",0,0,951.3283
"018","6pm",0,0,0
"019","6pm",0,0,653.31
"020","6pm",0,0,0
"021","6pm",0,0,0
"022","6pm",877.5406,1040.7364,1544.6325
"023","6pm",0,0,1179.3727
"024","6pm",0,0,547.1539
"025","6pm",0,0,3102.6558
"026","6pm",0,0,809.655
"027","6pm",0,702.1834,1417.6588
"028","6pm",0,1778.0591,2986.5357
"029","6pm",0,0,894.611
"030","6pm",0,0,0
"031","6pm",0,0,0
"032","6pm",0,763.1248,0
"033","6pm",844.0251,832.5168,878.5799
"034","6pm",0,0,0
"035","6pm",0,836.9698,1153.2583
"036","6pm",0,0,0
"037","6pm",0,0,0
"038","6pm",0,0,0
"039","6pm",0,0,0
"040","6pm",820.6314,0,683.9878
"041","6pm",0,0,0
"042","6pm",0,0,0
"043","6pm",659.8353,803.6816,725.0789
"044","6pm",0,0,0
"045","6pm",0,0,0
"046","6pm",0,0,0
"047","6pm",0,0,0
"048","6pm",0,0,0
"049","6pm",0,0,0
"050","6pm",0,0,0
"051","6pm",0,0,0
"052","6pm",0,0,0
"053","6pm",0,0,0
"054","6pm",0,0,0
"055","6pm",0,0,0
"056","6pm",0,0,0
"057","6pm",0,0,0
"058","6pm",0,0,0
"059","6pm",0,717.431,0
"060","6pm",0,0,0
"061","6pm",0,0,0
"062","6pm",0,0,0
"063","6pm",0,0,0
"064","6pm",0,0,0
"065","6pm",0,0,0
"066","6pm",0,0,0
"067","6pm",0,0,0
"068","6pm",0,0,0
"069","6pm",0,0,0
"070","6pm",797.448,1445.5292,0
"071","6pm",0,0,0
"072","6pm",0,0,0
"073","6pm",0,1345.1623,0
"074","6pm",0,0,0
"075","6pm",0,1325.4398,0
"076","6pm",0,0,0
"077","6pm",0,0,0
"078","6pm",0,0,0
"079","6pm",0,0,0
"080","6pm",0,0,0
"001","7pm",0,0,1751.1378
"002","7pm",0,0,3212.9169
"003","7pm",0,0,1555.4868
"004","7pm",0,0,0
"005","7pm",0,0,0
"006","7pm",0,0,1057.6005
"007","7pm",0,0,1191.7707
"008","7pm",0,0,0
"009","7pm",0,630.9929,2165.7996
"010","7pm",0,0,0
"011","7pm",0,0,0
"012","7pm",0,0,0
"013","7pm",0,0,0
"014","7pm",0,0,685.4534
"015","7pm",0,0,0
"016","7pm",0,0,0
"017","7pm",0,0,827.4323
"018","7pm",0,0,0
"019","7pm",0,0,0
"020","7pm",0,0,0
"021","7pm",0,0,0
"022","7pm",0,752.8648,911.581
"023","7pm",0,0,0
"024","7pm",0,0,0
"025","7pm",0,0,1517.3836
"026","7pm",0,0,0
"027","7pm",0,0,818.9755
"028","7pm",452.9811,1338.8355,2027.9646
"029","7pm",0,0,567.1289
"030","7pm",0,0,0
"031","7pm",0,0,0
"032","7pm",0,683.1556,0
"033","7pm",0,0,779.8717
"034","7pm",0,0,0
"035","7pm",0,0,0
"036","7pm",0,0,0
"037","7pm",0,0,0
"038","7pm",0,0,0
"039","7pm",0,0,0
"040","7pm",0,0,0
"041","7pm",0,0,0
"042","7pm",0,0,0
"043","7pm",0,0,0
"044","7pm",0,0,0
"045","7pm",0,0,0
"046","7pm",0,0,0
"047","7pm",0,0,0
"048","7pm",0,0,0
"049","7pm",0,0,0
"050","7pm",0,0,0
"051","7pm",0,0,0
"052","7pm",0,0,0
"053","7pm",0,0,0
"054","7pm",0,0,0
"055","7pm",0,0,0
"056","7pm",0,0,0
"057","7pm",0,0,0
"058","7pm",0,0,0
"059","7pm",0,712.4434,0
"060","7pm",0,0,0
"061","7pm",0,0,0
"062","7pm",0,0,0
"063","7pm",0,0,0
"064","7pm",0,0,0
"065","7pm",0,0,0
"066","7pm",0,0,0
"067","7pm",0,0,0
"068","7pm",0,0,0
"069","7pm",0,0,0
"070","7pm",0,0,0
"071","7pm",0,0,0
"072","7pm",0,0,0
"073","7pm",0,0,0
"074","7pm",0,0,0
"075","7pm",0,0,0
"076","7pm",0,0,0
"077","7pm",0,0,0
"078","7pm",0,0,0
"079","7pm",0,0,0
"080","7pm",0,0,0
"001","8pm",0,0,1401.6693
"002","8pm",0,0,3323.4774
"003","8pm",0,0,1365.4235
"004","8pm",0,0,0
"005","8pm",0,0,0
"006","8pm",0,0,1221.7999
"007","8pm",0,0,1305.9272
"008","8pm",0,0,0
"009","8pm",0,0,1507.1659
"010","8pm",0,0,0
"011","8pm",0,0,0
"012","8pm",0,0,0
"013","8pm",0,0,0
"014","8pm",0,0,0
"015","8pm",0,0,0
"016","8pm",0,0,0
"017","8pm",0,0,0
"018","8pm",0,0,0
"019","8pm",0,0,0
"020","8pm",0,0,0
"021","8pm",0,0,0
"022","8pm",0,751.1089,674.1725
"023","8pm",0,0,0
"024","8pm",0,0,0
"025","8pm",0,0,824.2834
"026","8pm",0,0,0
"027","8pm",0,0,0
"028","8pm",648.1037,746.1046,1727.904
"029","8pm",0,0,590.3162
"030","8pm",0,0,0
"031","8pm",0,0,0
"032","8pm",0,0,0
"033","8pm",0,0,0
"034","8pm",0,0,0
"035","8pm",0,0,0
"036","8pm",0,0,0
"037","8pm",0,0,0
"038","8pm",0,0,0
"039","8pm",0,0,0
"040","8pm",0,0,0
"041","8pm",0,0,0
"042","8pm",0,0,0
"043","8pm",0,0,0
"044","8pm",0,0,0
"045","8pm",0,0,0
"046","8pm",0,0,0
"047","8pm",0,0,0
"048","8pm",0,0,0
"049","8pm",0,0,0
"050","8pm",0,0,0
"051","8pm",0,0,0
"052","8pm",0,0,0
"053","8pm",0,0,0
"054","8pm",0,0,0
"055","8pm",0,0,0
"056","8pm",0,0,0
"057","8pm",0,0,0
"058","8pm",0,0,0
"059","8pm",0,0,0
"060","8pm",0,0,0
"061","8pm",0,0,0
"062","8pm",0,0,0
"063","8pm",0,0,0
"064","8pm",0,0,0
"065","8pm",0,0,0
"066","8pm",0,0,0
"067","8pm",0,0,0
"068","8pm",0,0,0
"069","8pm",0,0,0
"070","8pm",0,0,0
"071","8pm",0,0,0
"072","8pm",0,0,0
"073","8pm",0,0,0
"074","8pm",0,0,0
"075","8pm",0,0,0
"076","8pm",0,0,0
"077","8pm",0,0,0
"078","8pm",0,0,0
"079","8pm",0,0,0
"080","8pm",0,0,0
"001","9pm",0,0,1655.4331
"002","9pm",0,819.8286,3385.9209
"003","9pm",0,0,1154.6497
"004","9pm",0,0,0
"005","9pm",0,0,0
"006","9pm",0,0,1065.9749
"007","9pm",0,0,1284.5931
"008","9pm",0,0,0
"009","9pm",0,0,610.2644
"010","9pm",0,0,0
"011","9pm",0,0,0
"012","9pm",0,0,0
"013","9pm",0,0,0
"014","9pm",0,0,0
"015","9pm",0,0,0
"016","9pm",0,0,0
"017","9pm",0,0,0
"018","9pm",0,0,0
"019","9pm",0,0,0
"020","9pm",0,0,0
"021","9pm",0,0,0
"022","9pm",0,0,0
"023","9pm",0,0,0
"024","9pm",0,0,0
"025","9pm",0,0,0
"026","9pm",0,0,0
"027","9pm",0,0,0
"028","9pm",0,0,1441.0827
"029","9pm",0,0,468.4797
"030","9pm",0,0,0
"031","9pm",0,0,0
"032","9pm",0,0,0
"033","9pm",0,0,0
"034","9pm",0,0,0
"035","9pm",0,0,0
"036","9pm",0,0,0
"037","9pm",0,0,0
"038","9pm",0,0,0
"039","9pm",0,0,0
"040","9pm",0,0,0
"041","9pm",0,0,0
"042","9pm",0,0,0
"043","9pm",0,0,0
"044","9pm",0,0,0
"045","9pm",0,0,0
"046","9pm",0,0,0
"047","9pm",0,0,0
"048","9pm",0,0,0
"049","9pm",0,0,0
"050","9pm",0,0,0
"051","9pm",0,0,0
"052","9pm",0,0,0
"053","9pm",0,0,0
"054","9pm",0,0,0
"055","9pm",0,0,0
"056","9pm",0,0,0
"057","9pm",0,0,0
"058","9pm",0,0,0
"059","9pm",0,0,0
"060","9pm",0,0,0
"061","9pm",0,0,0
"062","9pm",0,0,0
"063","9pm",0,0,0
"064","9pm",0,0,0
"065","9pm",0,0,0
"066","9pm",0,0,0
"067","9pm",0,0,0
"068","9pm",0,0,0
"069","9pm",0,0,0
"070","9pm",0,0,0
"071","9pm",0,0,0
"072","9pm",0,0,0
"073","9pm",0,0,0
"074","9pm",0,0,0
"075","9pm",0,0,0
"076","9pm",0,0,0
"077","9pm",0,0,0
"078","9pm",0,0,0
"079","9pm",0,0,0
"080","9pm",0,0,0
"001","10pm",0,0,1487.6626
"002","10pm",0,676.5484,2903.7841
"003","10pm",0,0,716.3861
"004","10pm",0,0,0
"005","10pm",0,0,0
"006","10pm",0,0,650.1508
"007","10pm",0,0,1421.2025
"008","10pm",0,0,0
"009","10pm",0,0,0
"010","10pm",0,0,0
"011","10pm",0,0,0
"012","10pm",0,0,0
"013","10pm",0,0,0
"014","10pm",0,0,0
"015","10pm",0,0,0
"016","10pm",0,0,0
"017","10pm",0,0,0
"018","10pm",0,0,0
"019","10pm",0,0,0
"020","10pm",0,0,0
"021","10pm",0,0,0
"022","10pm",0,0,0
"023","10pm",0,0,0
"024","10pm",0,0,0
"025","10pm",0,0,0
"026","10pm",0,0,0
"027","10pm",0,0,0
"028","10pm",0,0,1029.9225
"029","10pm",0,0,0
"030","10pm",0,0,0
"031","10pm",0,0,0
"032","10pm",0,0,0
"033","10pm",0,0,0
"034","10pm",0,0,0
"035","10pm",0,0,0
"036","10pm",0,0,0
"037","10pm",0,0,0
"038","10pm",0,0,0
"039","10pm",0,0,0
"040","10pm",0,0,0
"041","10pm",0,0,0
"042","10pm",0,0,0
"043","10pm",0,0,0
"044","10pm",0,0,0
"045","10pm",0,0,0
"046","10pm",0,0,0
"047","10pm",0,0,0
"048","10pm",0,0,0
"049","10pm",0,0,0
"050","10pm",0,0,0
"051","10pm",0,0,0
"052","10pm",0,0,0
"053","10pm",0,0,0
"054","10pm",0,0,0
"055","10pm",0,0,0
"056","10pm",0,0,0
"057","10pm",0,0,0
"058","10pm",0,0,0
"059","10pm",0,0,0
"060","10pm",0,0,0
"061","10pm",0,0,0
"062","10pm",0,0,0
"063","10pm",0,0,0
"064","10pm",0,0,0
"065","10pm",0,0,0
"066","10pm",0,0,0
"067","10pm",0,0,0
"068","10pm",0,0,0
"069","10pm",0,0,0
"070","10pm",0,0,0
"071","10pm",0,0,0
"072","10pm",0,0,0
"073","10pm",0,0,0
"074","10pm",0,0,0
"075","10pm",0,0,0
"076","10pm",0,0,0
"077","10pm",0,0,0
"078","10pm",0,0,0
"079","10pm",0,0,0
"080","10pm",0,0,0
"001","11pm",0,0,910.468
"002","11pm",0,0,1868.7352
"003","11pm",0,0,524.7733
"004","11pm",0,0,0
"005","11pm",0,0,0
"006","11pm",0,0,0
"007","11pm",0,0,929.6468
"008","11pm",0,0,0
"009","11pm",0,0,0
"010","11pm",0,0,0
"011","11pm",0,0,0
"012","11pm",0,0,0
"013","11pm",0,0,0
"014","11pm",0,0,0
"015","11pm",0,0,0
"016","11pm",0,0,0
"017","11pm",0,0,0
"018","11pm",0,0,0
"019","11pm",0,0,0
"020","11pm",0,0,0
"021","11pm",0,0,0
"022","11pm",0,0,0
"023","11pm",0,0,0
"024","11pm",0,0,0
"025","11pm",0,0,0
"026","11pm",0,0,0
"027","11pm",0,0,0
"028","11pm",0,0,0
"029","11pm",0,0,0
"030","11pm",0,0,0
"031","11pm",0,0,0
"032","11pm",0,0,0
"033","11pm",0,0,0
"034","11pm",0,0,0
"035","11pm",0,0,0
"036","11pm",0,0,0
"037","11pm",0,0,0
"038","11pm",0,0,0
"039","11pm",0,0,0
"040","11pm",0,0,0
"041","11pm",0,0,0
"042","11pm",0,0,0
"043","11pm",0,0,0
"044","11pm",0,0,0
"045","11pm",0,0,0
"046","11pm",0,0,0
"047","11pm",0,0,0
"048","11pm",0,0,0
"049","11pm",0,0,0
"050","11pm",0,0,0
"051","11pm",0,0,0
"052","11pm",0,0,0
"053","11pm",0,0,0
"054","11pm",0,0,0
"055","11pm",0,0,0
"056","11pm",0,0,0
"057","11pm",0,0,0
"058","11pm",0,0,0
"059","11pm",0,0,0
"060","11pm",0,0,0
"061","11pm",0,0,0
"062","11pm",0,0,0
"063","11pm",0,0,0
"064","11pm",0,0,0
"065","11pm",0,0,0
"066","11pm",0,0,0
"067","11pm",0,0,0
"068","11pm",0,0,0
"069","11pm",0,0,0
"070","11pm",0,0,0
"071","11pm",0,0,0
"072","11pm",0,0,0
"073","11pm",0,0,0
"074","11pm",0,0,0
"075","11pm",0,0,0
"076","11pm",0,0,0
"077","11pm",0,0,0
"078","11pm",0,0,0
"079","11pm",0,0,0
"080","11pm",0,0,0
"001","12pm",0,0,622.8711
"002","12pm",0,0,1082.4604
"003","12pm",0,0,447.1724
"004","12pm",0,0,0
"005","12pm",0,0,0
"006","12pm",0,0,0
"007","12pm",0,0,0
"008","12pm",0,0,0
"009","12pm",0,0,0
"010","12pm",0,0,0
"011","12pm",0,0,0
"012","12pm",0,0,0
"013","12pm",0,0,0
"014","12pm",0,0,0
"015","12pm",0,0,0
"016","12pm",0,0,0
"017","12pm",0,0,0
"018","12pm",0,0,0
"019","12pm",0,0,0
"020","12pm",0,0,0
"021","12pm",0,0,0
"022","12pm",0,0,0
"023","12pm",0,0,0
"024","12pm",0,0,0
"025","12pm",0,0,0
"026","12pm",0,0,0
"027","12pm",0,0,0
"028","12pm",0,0,0
"029","12pm",0,0,0
"030","12pm",0,0,0
"031","12pm",0,0,0
"032","12pm",0,0,0
"033","12pm",0,0,0
"034","12pm",0,0,0
"035","12pm",0,0,0
"036","12pm",0,0,0
"037","12pm",0,0,0
"038","12pm",0,0,0
"039","12pm",0,0,0
"040","12pm",0,0,0
"041","12pm",0,0,0
"042","12pm",0,0,0
"043","12pm",0,0,0
"044","12pm",0,0,0
"045","12pm",0,0,0
"046","12pm",0,0,0
"047","12pm",0,0,0
"048","12pm",0,0,0
"049","12pm",0,0,0
"050","12pm",0,0,0
"051","12pm",0,0,0
"052","12pm",0,0,0
"053","12pm",0,0,0
"054","12pm",0,0,0
"055","12pm",0,0,0
"056","12pm",0,0,0
"057","12pm",0,0,0
"058","12pm",0,0,0
"059","12pm",0,0,0
"060","12pm",0,0,0
"061","12pm",0,0,0
"062","12pm",0,0,0
"063","12pm",0,0,0
"064","12pm",0,0,0
"065","12pm",0,0,0
"066","12pm",0,0,0
"067","12pm",0,0,0
"068","12pm",0,0,0
"069","12pm",0,0,0
"070","12pm",0,0,0
"071","12pm",0,0,0
"072","12pm",0,0,0
"073","12pm",0,0,0
"074","12pm",0,0,0
"075","12pm",0,0,0
"076","12pm",0,0,0
"077","12pm",0,0,0
"078","12pm",0,0,0
"079","12pm",0,0,0
"080","12pm",0,0,0
"001","1am",0,0,0
"002","1am",0,0,0
"003","1am",0,0,425.8565
"004","1am",0,0,0
"005","1am",0,0,0
"006","1am",0,0,0
"007","1am",0,0,0
"008","1am",0,0,0
"009","1am",0,0,0
"010","1am",0,0,0
"011","1am",0,0,0
"012","1am",0,0,0
"013","1am",0,0,0
"014","1am",0,0,0
"015","1am",0,0,0
"016","1am",0,0,0
"017","1am",0,0,0
"018","1am",0,0,0
"019","1am",0,0,0
"020","1am",0,0,0
"021","1am",0,0,0
"022","1am",0,0,0
"023","1am",0,0,0
"024","1am",0,0,0
"025","1am",0,0,0
"026","1am",0,0,0
"027","1am",0,0,0
"028","1am",0,0,0
"029","1am",0,0,0
"030","1am",0,0,0
"031","1am",0,0,0
"032","1am",0,0,0
"033","1am",0,0,0
"034","1am",0,0,0
"035","1am",0,0,0
"036","1am",0,0,0
"037","1am",0,0,0
"038","1am",0,0,0
"039","1am",0,0,0
"040","1am",0,0,0
"041","1am",0,0,0
"042","1am",0,0,0
"043","1am",0,0,0
"044","1am",0,0,0
"045","1am",0,0,0
"046","1am",0,0,0
"047","1am",0,0,0
"048","1am",0,0,0
"049","1am",0,0,0
"050","1am",0,0,0
"051","1am",0,0,0
"052","1am",0,0,0
"053","1am",0,0,0
"054","1am",0,0,0
"055","1am",0,0,0
"056","1am",0,0,0
"057","1am",0,0,0
"058","1am",0,0,0
"059","1am",0,0,0
"060","1am",0,0,0
"061","1am",0,0,0
"062","1am",0,0,0
"063","1am",0,0,0
"064","1am",0,0,0
"065","1am",0,0,0
"066","1am",0,0,0
"067","1am",0,0,0
"068","1am",0,0,0
"069","1am",0,0,0
"070","1am",0,0,0
"071","1am",0,0,0
"072","1am",0,0,0
"073","1am",0,0,0
"074","1am",0,0,0
"075","1am",0,0,0
"076","1am",0,0,0
"077","1am",0,0,0
"078","1am",0,0,0
"079","1am",0,0,0
"080","1am",0,0,0
"001","2am",0,0,0
"002","2am",0,0,0
"003","2am",0,0,0
"004","2am",0,0,0
"005","2am",0,0,0
"006","2am",0,0,0
"007","2am",0,0,0
"008","2am",0,0,0
"009","2am",0,0,0
"010","2am",0,0,0
"011","2am",0,0,0
"012","2am",0,0,0
"013","2am",0,0,0
"014","2am",0,0,0
"015","2am",0,0,0
"016","2am",0,0,0
"017","2am",0,0,0
"018","2am",0,0,0
"019","2am",0,0,0
"020","2am",0,0,0
"021","2am",0,0,0
"022","2am",0,0,0
"023","2am",0,0,0
"024","2am",0,0,0
"025","2am",0,0,0
"026","2am",0,0,0
"027","2am",0,0,0
"028","2am",0,0,0
"029","2am",0,0,0
"030","2am",0,0,0
"031","2am",0,0,0
"032","2am",0,0,0
"033","2am",0,0,0
"034","2am",0,0,0
"035","2am",0,0,0
"036","2am",0,0,0
"037","2am",0,0,0
"038","2am",0,0,0
"039","2am",0,0,0
"040","2am",0,0,0
"041","2am",0,0,0
"042","2am",0,0,0
"043","2am",0,0,0
"044","2am",0,0,0
"045","2am",0,0,0
"046","2am",0,0,0
"047","2am",0,0,0
"048","2am",0,0,0
"049","2am",0,0,0
"050","2am",0,0,0
"051","2am",0,0,0
"052","2am",0,0,0
"053","2am",0,0,0
"054","2am",0,0,0
"055","2am",0,0,0
"056","2am",0,0,0
"057","2am",0,0,0
"058","2am",0,0,0
"059","2am",0,0,0
"060","2am",0,0,0
"061","2am",0,0,0
"062","2am",0,0,0
"063","2am",0,0,0
"064","2am",0,0,0
"065","2am",0,0,0
"066","2am",0,0,0
"067","2am",0,0,0
"068","2am",0,0,0
"069","2am",0,0,0
"070","2am",0,0,0
"071","2am",0,0,0
"072","2am",0,0,0
"073","2am",0,0,0
"074","2am",0,0,0
"075","2am",0,0,0
"076","2am",0,0,0
"077","2am",0,0,0
"078","2am",0,0,0
"079","2am",0,0,0
"080","2am",0,0,0
"001","3am",0,0,0
"002","3am",0,0,0
"003","3am",0,0,0
"004","3am",0,0,0
"005","3am",0,0,0
"006","3am",0,0,0
"007","3am",0,0,0
"008","3am",0,0,0
"009","3am",0,0,0
"010","3am",0,0,0
"011","3am",0,0,0
"012","3am",0,0,0
"013","3am",0,0,0
"014","3am",0,0,0
"015","3am",0,0,0
"016","3am",0,0,0
"017","3am",0,0,0
"018","3am",0,0,0
"019","3am",0,0,0
"020","3am",0,0,0
"021","3am",0,0,0
"022","3am",0,0,0
"023","3am",0,0,0
"024","3am",0,0,0
"025","3am",0,0,0
"026","3am",0,0,0
"027","3am",0,0,0
"028","3am",0,0,0
"029","3am",0,0,0
"030","3am",0,0,0
"031","3am",0,0,0
"032","3am",0,0,0
"033","3am",0,0,0
"034","3am",0,0,0
"035","3am",0,0,0
"036","3am",0,0,0
"037","3am",0,0,0
"038","3am",0,0,0
"039","3am",0,0,0
"040","3am",0,0,0
"041","3am",0,0,0
"042","3am",0,0,0
"043","3am",0,0,0
"044","3am",0,0,0
"045","3am",0,0,0
"046","3am",0,0,0
"047","3am",0,0,0
"048","3am",0,0,0
"049","3am",0,0,0
"050","3am",0,0,0
"051","3am",0,0,0
"052","3am",0,0,0
"053","3am",0,0,0
"054","3am",0,0,0
"055","3am",0,0,0
"056","3am",0,0,0
"057","3am",0,0,0
"058","3am",0,0,0
"059","3am",0,0,0
"060","3am",0,0,0
"061","3am",0,0,0
"062","3am",0,0,0
"063","3am",0,0,0
"064","3am",0,0,0
"065","3am",0,0,0
"066","3am",0,0,0
"067","3am",0,0,0
"068","3am",0,0,0
"069","3am",0,0,0
"070","3am",0,0,0
"071","3am",0,0,0
"072","3am",0,0,0
"073","3am",0,0,0
"074","3am",0,0,0
"075","3am",0,0,0
"076","3am",0,0,0
"077","3am",0,0,0
"078","3am",0,0,0
"079","3am",0,0,0
"080","3am",0,0,0
