"district","hour","sex1","sex2"
"001","4am",53.4627,46.5373
"002","4am",44.00483,55.99517
"003","4am",46.81138,53.18862
"004","4am",42.17785,57.82215
"005","4am",50.13114,49.86886
"006","4am",50.5105,49.4895
"007","4am",45.45089,54.54911
"008","4am",38.62736,61.37264
"009","4am",35.19231,64.80769
"010","4am",42.66339,57.33661
"011","4am",39.6787,60.3213
"012","4am",47.02332,52.97668
"013","4am",49.03231,50.96769
"014","4am",42.98213,57.01787
"015","4am",43.01675,56.98325
"016","4am",41.57469,58.42531
"017","4am",45.40428,54.59572
"018","4am",49.55572,50.44428
"019","4am",47.68185,52.31815
"020","4am",50.72932,49.27068
"021","4am",54.71674,45.28326
"022","4am",44.55631,55.44369
"023","4am",45.46507,54.53493
"024","4am",43.85111,56.14889
"025","4am",48.72141,51.27859
"026","4am",45.85179,54.14821
"027","4am",41.69368,58.30632
"028","4am",41.19738,58.80262
"029","4am",49.26691,50.73309
"030","4am",48.11935,51.88065
"031","4am",43.90699,56.09301
"032","4am",48.53127,51.46873
"033","4am",47.46174,52.53826
"034","4am",47.31706,52.68294
"035","4am",47.1277,52.8723
"036","4am",51.9367,48.0633
"037","4am",49.51994,50.48006
"038","4am",44.66601,55.33399
"039","4am",48.58261,51.41739
"040","4am",49.25065,50.74935
"041","4am",45.68035,54.31965
"042","4am",45.5243,54.4757
"043","4am",48.47718,51.52282
"044","4am",42.56133,57.43867
"045","4am",50.06266,49.93734
"046","4am",41.14453,58.85547
"047","4am",49.88446,50.11554
"048","4am",39.78215,60.21785
"049","4am",42.96003,57.03997
"050","4am",50.52468,49.47532
"051","4am",51.50373,48.49627
"052","4am",44.09465,55.90535
"053","4am",43.69478,56.30522
"054","4am",53.56503,46.43497
"055","4am",47.80696,52.19304
"056","4am",40.98463,59.01537
"057","4am",45.86925,54.13075
"058","4am",47.13539,52.86461
"059","4am",42.08602,57.91398
"060","4am",45.43037,54.56963
"061","4am",43.27849,56.72151
"062","4am",53.04799,46.95201
"063","4am",52.13837,47.86163
"064","4am",49.51929,50.48071
"065","4am",50.36827,49.63173
"066","4am",52.16755,47.83245
"067","4am",47.90231,52.09769
"068","4am",47.24782,52.75218
"069","4am",46.80208,53.19792
"070","4am",50.5555,49.4445
"071","4am",46.6685,53.3315
"072","4am",47.01648,52.98352
"073","4am",45.85188,54.14812
"074","4am",43.36697,56.63303
"075","4am",49.79103,50.20897
"076","4am",50.27384,49.72616
"077","4am",45.85976,54.14024
"078","4am",39.48539,60.51461
"079","4am",47.89563,52.10437
"080","4am",49.40069,50.59931
"001","5am",54.14251,45.85749
"002","5am",44.55833,55.44167
"003","5am",46.8518,53.1482
"004","5am",42.40366,57.59634
"005","5am",50.13114,49.86886
"006","5am",50.5105,49.4895
"007","5am",45.61938,54.38062
"008","5am",38.34993,61.65007
"009","5am",35.81616,64.18384
"010","5am",42.93032,57.06968
"011","5am",39.67084,60.32916
"012","5am",46.20546,53.79454
"013","5am",51.11144,48.88856
"014","5am",42.72535,57.27465
"015","5am",42.49862,57.50138
"016","5am",41.458,58.542
"017","5am",46.60719,53.39281
"018","5am",48.83389,51.16611
"019","5am",47.68185,52.31815
"020","5am",51.93313,48.06687
"021","5am",54.46033,45.53967
"022","5am",44.04507,55.95493
"023","5am",48.06041,51.93959
"024","5am",43.62514,56.37486
"025","5am",48.43904,51.56096
"026","5am",45.85179,54.14821
"027","5am",42.46851,57.53149
"028","5am",41.25266,58.74734
"029","5am",49.45565,50.54435
"030","5am",48.11935,51.88065
"031","5am",43.13928,56.86072
"032","5am",49.33887,50.66113
"033","5am",47.64989,52.35011
"034","5am",45.94676,54.05324
"035","5am",46.97758,53.02242
"036","5am",51.45368,48.54632
"037","5am",49.21378,50.78622
"038","5am",45.02493,54.97507
"039","5am",48.25066,51.74934
"040","5am",49.03408,50.96592
"041","5am",45.68035,54.31965
"042","5am",46.05623,53.94377
"043","5am",48.69647,51.30353
"044","5am",42.29274,57.70726
"045","5am",49.97149,50.02851
"046","5am",41.97701,58.02299
"047","5am",49.1759,50.8241
"048","5am",39.78215,60.21785
"049","5am",43.51094,56.48906
"050","5am",50.24084,49.75916
"051","5am",50.25817,49.74183
"052","5am",44.904,55.096
"053","5am",43.69478,56.30522
"054","5am",53.90535,46.09465
"055","5am",47.41052,52.58948
"056","5am",40.86514,59.13486
"057","5am",45.39827,54.60173
"058","5am",47.27915,52.72085
"059","5am",41.88413,58.11587
"060","5am",45.62536,54.37464
"061","5am",42.44092,57.55908
"062","5am",53.18748,46.81252
"063","5am",50.84399,49.15601
"064","5am",49.51929,50.48071
"065","5am",50.03511,49.96489
"066","5am",52.16755,47.83245
"067","5am",46.34247,53.65753
"068","5am",47.72981,52.27019
"069","5am",45.9986,54.0014
"070","5am",51.49129,48.50871
"071","5am",45.71587,54.28413
"072","5am",47.2104,52.7896
"073","5am",47.35936,52.64064
"074","5am",41.29725,58.70275
"075","5am",50.04969,49.95031
"076","5am",50.00628,49.99372
"077","5am",45.56237,54.43763
"078","5am",38.99609,61.00391
"079","5am",47.89563,52.10437
"080","5am",50.13658,49.86342
"001","6am",53.41349,46.58651
"002","6am",43.99665,56.00335
"003","6am",47.37794,52.62206
"004","6am",42.16886,57.83114
"005","6am",49.89675,50.10325
"006","6am",49.95055,50.04945
"007","6am",45.75498,54.24502
"008","6am",37.65632,62.34368
"009","6am",35.63555,64.36445
"010","6am",42.64454,57.35546
"011","6am",41.0886,58.9114
"012","6am",46.07504,53.92496
"013","6am",53.87886,46.12114
"014","6am",43.81545,56.18455
"015","6am",42.74252,57.25748
"016","6am",42.31481,57.68519
"017","6am",45.99619,54.00381
"018","6am",48.03984,51.96016
"019","6am",47.9964,52.0036
"020","6am",50.78292,49.21708
"021","6am",53.95822,46.04178
"022","6am",42.51222,57.48778
"023","6am",47.56556,52.43444
"024","6am",42.60877,57.39123
"025","6am",47.71958,52.28042
"026","6am",45.11551,54.88449
"027","6am",43.12317,56.87683
"028","6am",40.88422,59.11578
"029","6am",50.57789,49.42211
"030","6am",46.97655,53.02345
"031","6am",44.62984,55.37016
"032","6am",50.20767,49.79233
"033","6am",46.49425,53.50575
"034","6am",45.57352,54.42648
"035","6am",49.92719,50.07281
"036","6am",51.0489,48.9511
"037","6am",48.39264,51.60736
"038","6am",45.4949,54.5051
"039","6am",49.77142,50.22858
"040","6am",48.64097,51.35903
"041","6am",44.62456,55.37544
"042","6am",46.91625,53.08375
"043","6am",49.6252,50.3748
"044","6am",39.4039,60.5961
"045","6am",49.27637,50.72363
"046","6am",41.02811,58.97189
"047","6am",48.50044,51.49956
"048","6am",38.69393,61.30607
"049","6am",41.79753,58.20247
"050","6am",50.13863,49.86137
"051","6am",48.63894,51.36106
"052","6am",43.70132,56.29868
"053","6am",41.72194,58.27806
"054","6am",53.29735,46.70265
"055","6am",48.3085,51.6915
"056","6am",40.86514,59.13486
"057","6am",45.1403,54.8597
"058","6am",47.77,52.23
"059","6am",42.34167,57.65833
"060","6am",43.0828,56.9172
"061","6am",41.1581,58.8419
"062","6am",51.31157,48.68843
"063","6am",49.63807,50.36193
"064","6am",48.44278,51.55722
"065","6am",47.42609,52.57391
"066","6am",50.81545,49.18455
"067","6am",46.34824,53.65176
"068","6am",47.46305,52.53695
"069","6am",44.88598,55.11402
"070","6am",51.72972,48.27028
"071","6am",45.29417,54.70583
"072","6am",48.13192,51.86808
"073","6am",47.80093,52.19907
"074","6am",39.82344,60.17656
"075","6am",50.63019,49.36981
"076","6am",49.30081,50.69919
"077","6am",45.07448,54.92552
"078","6am",37.70521,62.29479
"079","6am",48.13956,51.86044
"080","6am",47.96184,52.03816
"001","7am",48.0402,51.9598
"002","7am",44.28854,55.71146
"003","7am",45.54667,54.45333
"004","7am",39.52711,60.47289
"005","7am",51.86705,48.13295
"006","7am",48.53535,51.46465
"007","7am",44.68158,55.31842
"008","7am",35.51911,64.48089
"009","7am",41.25486,58.74514
"010","7am",44.81364,55.18636
"011","7am",45.24462,54.75538
"012","7am",47.47504,52.52496
"013","7am",53.52733,46.47267
"014","7am",44.31976,55.68024
"015","7am",36.63713,63.36287
"016","7am",40.84452,59.15548
"017","7am",42.88169,57.11831
"018","7am",46.42333,53.57667
"019","7am",49.79651,50.20349
"020","7am",44.34743,55.65257
"021","7am",55.33664,44.66336
"022","7am",45.73895,54.26105
"023","7am",47.56936,52.43064
"024","7am",41.51126,58.48874
"025","7am",47.85764,52.14236
"026","7am",45.0375,54.9625
"027","7am",49.87888,50.12112
"028","7am",41.71562,58.28438
"029","7am",54.26673,45.73327
"030","7am",45.07616,54.92384
"031","7am",45.53126,54.46874
"032","7am",55.94384,44.05616
"033","7am",45.41454,54.58546
"034","7am",45.26264,54.73736
"035","7am",52.95943,47.04057
"036","7am",51.64153,48.35847
"037","7am",50.32386,49.67614
"038","7am",47.18847,52.81153
"039","7am",47.34451,52.65549
"040","7am",47.548,52.452
"041","7am",38.39342,61.60658
"042","7am",48.91843,51.08157
"043","7am",56.00215,43.99785
"044","7am",38.59263,61.40737
"045","7am",46.83714,53.16286
"046","7am",43.67338,56.32662
"047","7am",45.87356,54.12644
"048","7am",37.66789,62.33211
"049","7am",42.50735,57.49265
"050","7am",50.29838,49.70162
"051","7am",47.58961,52.41039
"052","7am",44.01391,55.98609
"053","7am",42.84189,57.15811
"054","7am",57.90832,42.09168
"055","7am",48.20659,51.79341
"056","7am",40.85901,59.14099
"057","7am",43.55744,56.44256
"058","7am",44.05408,55.94592
"059","7am",43.0154,56.9846
"060","7am",42.1607,57.8393
"061","7am",43.37725,56.62275
"062","7am",47.8878,52.1122
"063","7am",45.03102,54.96898
"064","7am",41.45556,58.54444
"065","7am",50.70804,49.29196
"066","7am",51.10863,48.89137
"067","7am",45.97724,54.02276
"068","7am",46.31141,53.68859
"069","7am",45.56716,54.43284
"070","7am",49.70836,50.29164
"071","7am",44.77388,55.22612
"072","7am",45.68999,54.31001
"073","7am",47.34283,52.65717
"074","7am",41.2025,58.7975
"075","7am",53.85829,46.14171
"076","7am",51.38486,48.61514
"077","7am",41.76083,58.23917
"078","7am",34.95207,65.04793
"079","7am",45.80187,54.19813
"080","7am",49.40616,50.59384
"001","8am",46.3755,53.6245
"002","8am",39.62742,60.37258
"003","8am",43.03096,56.96904
"004","8am",36.10087,63.89913
"005","8am",50.9494,49.0506
"006","8am",43.38509,56.61491
"007","8am",45.28029,54.71971
"008","8am",38.38204,61.61796
"009","8am",40.2262,59.7738
"010","8am",44.74749,55.25251
"011","8am",50.11484,49.88516
"012","8am",47.11086,52.88914
"013","8am",57.10667,42.89333
"014","8am",46.82611,53.17389
"015","8am",39.83269,60.16731
"016","8am",43.7803,56.2197
"017","8am",43.26895,56.73105
"018","8am",41.86879,58.13121
"019","8am",45.89434,54.10566
"020","8am",43.51419,56.48581
"021","8am",61.95118,38.04882
"022","8am",44.09587,55.90413
"023","8am",44.00771,55.99229
"024","8am",42.95286,57.04714
"025","8am",47.08124,52.91876
"026","8am",44.11069,55.88931
"027","8am",55.60092,44.39908
"028","8am",38.70134,61.29866
"029","8am",51.16846,48.83154
"030","8am",42.61895,57.38105
"031","8am",47.09678,52.90322
"032","8am",54.90282,45.09718
"033","8am",43.5195,56.4805
"034","8am",48.61092,51.38908
"035","8am",55.82136,44.17864
"036","8am",50.37633,49.62367
"037","8am",50.94316,49.05684
"038","8am",49.97129,50.02871
"039","8am",50.95797,49.04203
"040","8am",47.76191,52.23809
"041","8am",46.33531,53.66469
"042","8am",42.51919,57.48081
"043","8am",57.90562,42.09438
"044","8am",38.2369,61.7631
"045","8am",45.96235,54.03765
"046","8am",43.86827,56.13173
"047","8am",44.06731,55.93269
"048","8am",37.3753,62.6247
"049","8am",42.81735,57.18265
"050","8am",44.3831,55.6169
"051","8am",48.4708,51.5292
"052","8am",39.74178,60.25822
"053","8am",43.42951,56.57049
"054","8am",54.79644,45.20356
"055","8am",50.61309,49.38691
"056","8am",44.39218,55.60782
"057","8am",43.054,56.946
"058","8am",43.28696,56.71304
"059","8am",45.35645,54.64355
"060","8am",40.65496,59.34504
"061","8am",45.87124,54.12876
"062","8am",48.70115,51.29885
"063","8am",45.05136,54.94864
"064","8am",38.41812,61.58188
"065","8am",51.2191,48.7809
"066","8am",49.67568,50.32432
"067","8am",47.45759,52.54241
"068","8am",44.46396,55.53604
"069","8am",50.21045,49.78955
"070","8am",51.54758,48.45242
"071","8am",40.18671,59.81329
"072","8am",47.06055,52.93945
"073","8am",43.4526,56.5474
"074","8am",41.00976,58.99024
"075","8am",55.43854,44.56146
"076","8am",52.91581,47.08419
"077","8am",42.35028,57.64972
"078","8am",35.50818,64.49182
"079","8am",45.42002,54.57998
"080","8am",47.42629,52.57371
"001","9am",42.20265,57.79735
"002","9am",39.45722,60.54278
"003","9am",44.49216,55.50784
"004","9am",33.48283,66.51717
"005","9am",51.09249,48.90751
"006","9am",42.6241,57.3759
"007","9am",43.31603,56.68397
"008","9am",39.68711,60.31289
"009","9am",39.31759,60.68241
"010","9am",45.83837,54.16163
"011","9am",50.42373,49.57627
"012","9am",47.64563,52.35437
"013","9am",55.45852,44.54148
"014","9am",46.52889,53.47111
"015","9am",37.4064,62.5936
"016","9am",39.53585,60.46415
"017","9am",43.73581,56.26419
"018","9am",42.79037,57.20963
"019","9am",43.2931,56.7069
"020","9am",40.94173,59.05827
"021","9am",52.59987,47.40013
"022","9am",44.27685,55.72315
"023","9am",46.80428,53.19572
"024","9am",43.61748,56.38252
"025","9am",47.29138,52.70862
"026","9am",41.84298,58.15702
"027","9am",56.38381,43.61619
"028","9am",42.30492,57.69508
"029","9am",51.44666,48.55334
"030","9am",45.50568,54.49432
"031","9am",47.4277,52.5723
"032","9am",52.76774,47.23226
"033","9am",45.97049,54.02951
"034","9am",45.77276,54.22724
"035","9am",55.15522,44.84478
"036","9am",43.96069,56.03931
"037","9am",52.54124,47.45876
"038","9am",51.23665,48.76335
"039","9am",52.39709,47.60291
"040","9am",45.62112,54.37888
"041","9am",47.80741,52.19259
"042","9am",39.60231,60.39769
"043","9am",54.52263,45.47737
"044","9am",36.89593,63.10407
"045","9am",46.16085,53.83915
"046","9am",43.87297,56.12703
"047","9am",42.84657,57.15343
"048","9am",34.48628,65.51372
"049","9am",45.52196,54.47804
"050","9am",46.51968,53.48032
"051","9am",48.24671,51.75329
"052","9am",42.01589,57.98411
"053","9am",44.30529,55.69471
"054","9am",58.81245,41.18755
"055","9am",50.77253,49.22747
"056","9am",45.00116,54.99884
"057","9am",46.78817,53.21183
"058","9am",45.92224,54.07776
"059","9am",42.83041,57.16959
"060","9am",41.67013,58.32987
"061","9am",45.16115,54.83885
"062","9am",50.49951,49.50049
"063","9am",47.81843,52.18157
"064","9am",37.50068,62.49932
"065","9am",53.899,46.101
"066","9am",49.89206,50.10794
"067","9am",47.48725,52.51275
"068","9am",43.90745,56.09255
"069","9am",52.79718,47.20282
"070","9am",52.94697,47.05303
"071","9am",37.08607,62.91393
"072","9am",48.84339,51.15661
"073","9am",46.66134,53.33866
"074","9am",39.55301,60.44699
"075","9am",52.31138,47.68862
"076","9am",54.92129,45.07871
"077","9am",41.99329,58.00671
"078","9am",34.4608,65.5392
"079","9am",44.90737,55.09263
"080","9am",49.20729,50.79271
"001","10am",42.8051,57.1949
"002","10am",42.59066,57.40934
"003","10am",44.3439,55.6561
"004","10am",36.69606,63.30394
"005","10am",46.47963,53.52037
"006","10am",41.73873,58.26127
"007","10am",42.25056,57.74944
"008","10am",43.32654,56.67346
"009","10am",42.04574,57.95426
"010","10am",47.93394,52.06606
"011","10am",51.03223,48.96777
"012","10am",46.92185,53.07815
"013","10am",57.38346,42.61654
"014","10am",43.71563,56.28437
"015","10am",34.53077,65.46923
"016","10am",38.51024,61.48976
"017","10am",42.83123,57.16877
"018","10am",42.20449,57.79551
"019","10am",47.31744,52.68256
"020","10am",38.33335,61.66665
"021","10am",52.15135,47.84865
"022","10am",44.1537,55.8463
"023","10am",46.21967,53.78033
"024","10am",40.4323,59.5677
"025","10am",47.30416,52.69584
"026","10am",42.6494,57.3506
"027","10am",56.30394,43.69606
"028","10am",41.93188,58.06812
"029","10am",51.48992,48.51008
"030","10am",47.87244,52.12756
"031","10am",48.97859,51.02141
"032","10am",51.04136,48.95864
"033","10am",46.13725,53.86275
"034","10am",47.53937,52.46063
"035","10am",50.8211,49.1789
"036","10am",45.42025,54.57975
"037","10am",51.46688,48.53312
"038","10am",48.93859,51.06141
"039","10am",52.89101,47.10899
"040","10am",45.75382,54.24618
"041","10am",48.59577,51.40423
"042","10am",40.73683,59.26317
"043","10am",49.73659,50.26341
"044","10am",36.62735,63.37265
"045","10am",49.97816,50.02184
"046","10am",44.85163,55.14837
"047","10am",46.06379,53.93621
"048","10am",33.6163,66.3837
"049","10am",45.007,54.993
"050","10am",49.03049,50.96951
"051","10am",44.2981,55.7019
"052","10am",43.31672,56.68328
"053","10am",46.44884,53.55116
"054","10am",59.63377,40.36623
"055","10am",49.89822,50.10178
"056","10am",46.0206,53.9794
"057","10am",44.98454,55.01546
"058","10am",45.82427,54.17573
"059","10am",42.44886,57.55114
"060","10am",41.76047,58.23953
"061","10am",45.78345,54.21655
"062","10am",51.55229,48.44771
"063","10am",46.20411,53.79589
"064","10am",35.79413,64.20587
"065","10am",50.71878,49.28122
"066","10am",48.45272,51.54728
"067","10am",47.62565,52.37435
"068","10am",44.14179,55.85821
"069","10am",50.18069,49.81931
"070","10am",51.9174,48.0826
"071","10am",36.92139,63.07861
"072","10am",46.09404,53.90596
"073","10am",43.88139,56.11861
"074","10am",41.27802,58.72198
"075","10am",52.2445,47.7555
"076","10am",54.48269,45.51731
"077","10am",43.75888,56.24112
"078","10am",36.35562,63.64438
"079","10am",43.61395,56.38605
"080","10am",51.75214,48.24786
"001","11am",43.55514,56.44486
"002","11am",38.97105,61.02895
"003","11am",43.74405,56.25595
"004","11am",38.39324,61.60676
"005","11am",42.84288,57.15712
"006","11am",41.75745,58.24255
"007","11am",47.43659,52.56341
"008","11am",46.49535,53.50465
"009","11am",41.99225,58.00775
"010","11am",44.00097,55.99903
"011","11am",50.26929,49.73071
"012","11am",45.82417,54.17583
"013","11am",56.29348,43.70652
"014","11am",44.29829,55.70171
"015","11am",35.8974,64.1026
"016","11am",40.10937,59.89063
"017","11am",41.98102,58.01898
"018","11am",41.72615,58.27385
"019","11am",46.66859,53.33141
"020","11am",40.85809,59.14191
"021","11am",57.49783,42.50217
"022","11am",42.91369,57.08631
"023","11am",46.13907,53.86093
"024","11am",41.29893,58.70107
"025","11am",47.03667,52.96333
"026","11am",45.70167,54.29833
"027","11am",55.65413,44.34587
"028","11am",40.86201,59.13799
"029","11am",52.64604,47.35396
"030","11am",47.90654,52.09346
"031","11am",46.95358,53.04642
"032","11am",51.13945,48.86055
"033","11am",45.67878,54.32122
"034","11am",46.77313,53.22687
"035","11am",53.81688,46.18312
"036","11am",42.86306,57.13694
"037","11am",52.68292,47.31708
"038","11am",50.81827,49.18173
"039","11am",49.53324,50.46676
"040","11am",46.22613,53.77387
"041","11am",47.19472,52.80528
"042","11am",42.61072,57.38928
"043","11am",51.6959,48.3041
"044","11am",39.34794,60.65206
"045","11am",49.06358,50.93642
"046","11am",42.72005,57.27995
"047","11am",45.64208,54.35792
"048","11am",39.48502,60.51498
"049","11am",47.77973,52.22027
"050","11am",51.58073,48.41927
"051","11am",46.38245,53.61755
"052","11am",45.50797,54.49203
"053","11am",45.36688,54.63312
"054","11am",62.0279,37.9721
"055","11am",47.25985,52.74015
"056","11am",46.28909,53.71091
"057","11am",49.07589,50.92411
"058","11am",45.57191,54.42809
"059","11am",42.02541,57.97459
"060","11am",41.50145,58.49855
"061","11am",46.09949,53.90051
"062","11am",51.99029,48.00971
"063","11am",47.83849,52.16151
"064","11am",42.24757,57.75243
"065","11am",48.56701,51.43299
"066","11am",47.35139,52.64861
"067","11am",50.16143,49.83857
"068","11am",43.92438,56.07562
"069","11am",51.67873,48.32127
"070","11am",49.28894,50.71106
"071","11am",37.33408,62.66592
"072","11am",46.21345,53.78655
"073","11am",43.63906,56.36094
"074","11am",40.77036,59.22964
"075","11am",54.59269,45.40731
"076","11am",54.11683,45.88317
"077","11am",44.80834,55.19166
"078","11am",34.28622,65.71378
"079","11am",45.40768,54.59232
"080","11am",50.28523,49.71477
"001","12am",40.98968,59.01032
"002","12am",38.66746,61.33254
"003","12am",46.03469,53.96531
"004","12am",37.62553,62.37447
"005","12am",51.26578,48.73422
"006","12am",41.50194,58.49806
"007","12am",49.0986,50.9014
"008","12am",40.27123,59.72877
"009","12am",39.23173,60.76827
"010","12am",45.56706,54.43294
"011","12am",45.97416,54.02584
"012","12am",46.91832,53.08168
"013","12am",58.91597,41.08403
"014","12am",44.83067,55.16933
"015","12am",37.97662,62.02338
"016","12am",43.32649,56.67351
"017","12am",40.41664,59.58336
"018","12am",47.88297,52.11703
"019","12am",46.36097,53.63903
"020","12am",46.98938,53.01062
"021","12am",54.09982,45.90018
"022","12am",41.53614,58.46386
"023","12am",45.97076,54.02924
"024","12am",40.78793,59.21207
"025","12am",48.00029,51.99971
"026","12am",44.73364,55.26636
"027","12am",55.53747,44.46253
"028","12am",39.93304,60.06696
"029","12am",54.70093,45.29907
"030","12am",45.08439,54.91561
"031","12am",50.52704,49.47296
"032","12am",50.23529,49.76471
"033","12am",47.26564,52.73436
"034","12am",44.51281,55.48719
"035","12am",47.597,52.403
"036","12am",45.67445,54.32555
"037","12am",49.46847,50.53153
"038","12am",48.39664,51.60336
"039","12am",52.50021,47.49979
"040","12am",47.95923,52.04077
"041","12am",46.4212,53.5788
"042","12am",37.05682,62.94318
"043","12am",52.00745,47.99255
"044","12am",42.90142,57.09858
"045","12am",48.81266,51.18734
"046","12am",43.83875,56.16125
"047","12am",50.04921,49.95079
"048","12am",41.7808,58.2192
"049","12am",43.38158,56.61842
"050","12am",50.24551,49.75449
"051","12am",47.87686,52.12314
"052","12am",46.08605,53.91395
"053","12am",47.07305,52.92695
"054","12am",59.60064,40.39936
"055","12am",46.72454,53.27546
"056","12am",44.07314,55.92686
"057","12am",48.07525,51.92475
"058","12am",46.91101,53.08899
"059","12am",41.42056,58.57944
"060","12am",42.51788,57.48212
"061","12am",46.53824,53.46176
"062","12am",51.17555,48.82445
"063","12am",47.97961,52.02039
"064","12am",42.11725,57.88275
"065","12am",51.85701,48.14299
"066","12am",48.50639,51.49361
"067","12am",51.98344,48.01656
"068","12am",45.76599,54.23401
"069","12am",49.89784,50.10216
"070","12am",51.58537,48.41463
"071","12am",39.83565,60.16435
"072","12am",47.3761,52.6239
"073","12am",45.41495,54.58505
"074","12am",41.96144,58.03856
"075","12am",49.7839,50.2161
"076","12am",53.01063,46.98937
"077","12am",42.83219,57.16781
"078","12am",33.89211,66.10789
"079","12am",47.41267,52.58733
"080","12am",50.51435,49.48565
"001","1pm",43.85495,56.14505
"002","1pm",34.77373,65.22627
"003","1pm",45.65965,54.34035
"004","1pm",35.33945,64.66055
"005","1pm",53.66019,46.33981
"006","1pm",41.72137,58.27863
"007","1pm",45.12533,54.87467
"008","1pm",40.97305,59.02695
"009","1pm",40.94487,59.05513
"010","1pm",43.65555,56.34445
"011","1pm",46.50321,53.49679
"012","1pm",48.63447,51.36553
"013","1pm",55.86772,44.13228
"014","1pm",41.12924,58.87076
"015","1pm",34.5466,65.4534
"016","1pm",43.65571,56.34429
"017","1pm",40.08948,59.91052
"018","1pm",46.75618,53.24382
"019","1pm",45.07327,54.92673
"020","1pm",43.26894,56.73106
"021","1pm",56.07009,43.92991
"022","1pm",41.64496,58.35504
"023","1pm",47.20542,52.79458
"024","1pm",40.39405,59.60595
"025","1pm",48.92349,51.07651
"026","1pm",46.25887,53.74113
"027","1pm",53.91788,46.08212
"028","1pm",43.51866,56.48134
"029","1pm",54.33899,45.66101
"030","1pm",46.49259,53.50741
"031","1pm",48.07533,51.92467
"032","1pm",50.07361,49.92639
"033","1pm",46.32382,53.67618
"034","1pm",43.87876,56.12124
"035","1pm",45.44633,54.55367
"036","1pm",49.80313,50.19687
"037","1pm",50.30575,49.69425
"038","1pm",50.01221,49.98779
"039","1pm",49.03858,50.96142
"040","1pm",48.96036,51.03964
"041","1pm",44.68215,55.31785
"042","1pm",43.29854,56.70146
"043","1pm",54.93816,45.06184
"044","1pm",44.15944,55.84056
"045","1pm",48.53608,51.46392
"046","1pm",48.30639,51.69361
"047","1pm",48.38508,51.61492
"048","1pm",41.71687,58.28313
"049","1pm",46.67268,53.32732
"050","1pm",46.32124,53.67876
"051","1pm",43.90103,56.09897
"052","1pm",51.22158,48.77842
"053","1pm",46.70776,53.29224
"054","1pm",59.59305,40.40695
"055","1pm",44.98858,55.01142
"056","1pm",46.1436,53.8564
"057","1pm",49.28865,50.71135
"058","1pm",44.42021,55.57979
"059","1pm",39.0917,60.9083
"060","1pm",42.59992,57.40008
"061","1pm",45.70879,54.29121
"062","1pm",50.41054,49.58946
"063","1pm",48.04419,51.95581
"064","1pm",42.56486,57.43514
"065","1pm",50.98038,49.01962
"066","1pm",50.01967,49.98033
"067","1pm",53.37183,46.62817
"068","1pm",43.47163,56.52837
"069","1pm",48.72086,51.27914
"070","1pm",48.68342,51.31658
"071","1pm",39.43481,60.56519
"072","1pm",47.2276,52.7724
"073","1pm",42.93708,57.06292
"074","1pm",42.79007,57.20993
"075","1pm",53.7448,46.2552
"076","1pm",53.22304,46.77696
"077","1pm",41.96149,58.03851
"078","1pm",33.60296,66.39704
"079","1pm",47.76477,52.23523
"080","1pm",49.11066,50.88934
"001","2pm",42.89295,57.10705
"002","2pm",37.86935,62.13065
"003","2pm",42.78075,57.21925
"004","2pm",37.88179,62.11821
"005","2pm",47.84394,52.15606
"006","2pm",40.25409,59.74591
"007","2pm",42.97579,57.02421
"008","2pm",44.61772,55.38228
"009","2pm",41.90208,58.09792
"010","2pm",48.03174,51.96826
"011","2pm",49.73056,50.26944
"012","2pm",47.58978,52.41022
"013","2pm",55.02096,44.97904
"014","2pm",40.73533,59.26467
"015","2pm",31.35729,68.64271
"016","2pm",45.83956,54.16044
"017","2pm",42.48094,57.51906
"018","2pm",47.53289,52.46711
"019","2pm",45.51405,54.48595
"020","2pm",41.33339,58.66661
"021","2pm",51.91653,48.08347
"022","2pm",43.8767,56.1233
"023","2pm",47.95823,52.04177
"024","2pm",40.62497,59.37503
"025","2pm",48.49617,51.50383
"026","2pm",44.69357,55.30643
"027","2pm",53.93767,46.06233
"028","2pm",42.87831,57.12169
"029","2pm",56.33433,43.66567
"030","2pm",46.21779,53.78221
"031","2pm",50.92655,49.07345
"032","2pm",48.12245,51.87755
"033","2pm",46.23324,53.76676
"034","2pm",44.20078,55.79922
"035","2pm",50.4749,49.5251
"036","2pm",46.35125,53.64875
"037","2pm",51.71457,48.28543
"038","2pm",46.94217,53.05783
"039","2pm",46.05126,53.94874
"040","2pm",48.80324,51.19676
"041","2pm",43.49376,56.50624
"042","2pm",39.56829,60.43171
"043","2pm",53.33082,46.66918
"044","2pm",46.25289,53.74711
"045","2pm",47.9831,52.0169
"046","2pm",42.5753,57.4247
"047","2pm",45.58109,54.41891
"048","2pm",37.21011,62.78989
"049","2pm",46.1123,53.8877
"050","2pm",44.00921,55.99079
"051","2pm",45.42883,54.57117
"052","2pm",48.76896,51.23104
"053","2pm",47.93855,52.06145
"054","2pm",58.76985,41.23015
"055","2pm",44.6202,55.3798
"056","2pm",48.37222,51.62778
"057","2pm",45.27254,54.72746
"058","2pm",41.42018,58.57982
"059","2pm",38.88083,61.11917
"060","2pm",42.06156,57.93844
"061","2pm",45.44247,54.55753
"062","2pm",51.1074,48.8926
"063","2pm",48.77043,51.22957
"064","2pm",46.10732,53.89268
"065","2pm",49.855,50.145
"066","2pm",50.31025,49.68975
"067","2pm",52.89859,47.10141
"068","2pm",45.25069,54.74931
"069","2pm",56.02362,43.97638
"070","2pm",44.14132,55.85868
"071","2pm",40.01811,59.98189
"072","2pm",46.78031,53.21969
"073","2pm",45.3597,54.6403
"074","2pm",42.10288,57.89712
"075","2pm",53.75755,46.24245
"076","2pm",51.93547,48.06453
"077","2pm",42.14556,57.85444
"078","2pm",35.64672,64.35328
"079","2pm",47.24623,52.75377
"080","2pm",48.6878,51.3122
"001","3pm",41.32931,58.67069
"002","3pm",38.78882,61.21118
"003","3pm",45.4229,54.5771
"004","3pm",41.12884,58.87116
"005","3pm",49.41948,50.58052
"006","3pm",40.1383,59.8617
"007","3pm",42.69114,57.30886
"008","3pm",46.245,53.755
"009","3pm",42.81834,57.18166
"010","3pm",45.20507,54.79493
"011","3pm",49.35711,50.64289
"012","3pm",44.71009,55.28991
"013","3pm",51.9569,48.0431
"014","3pm",47.54143,52.45857
"015","3pm",33.35501,66.64499
"016","3pm",48.03353,51.96647
"017","3pm",42.8136,57.1864
"018","3pm",50.40822,49.59178
"019","3pm",43.57517,56.42483
"020","3pm",37.67864,62.32136
"021","3pm",52.42054,47.57946
"022","3pm",44.97326,55.02674
"023","3pm",50.44558,49.55442
"024","3pm",40.06285,59.93715
"025","3pm",48.62847,51.37153
"026","3pm",42.4138,57.5862
"027","3pm",54.43647,45.56353
"028","3pm",41.68824,58.31176
"029","3pm",53.30211,46.69789
"030","3pm",47.62272,52.37728
"031","3pm",44.31601,55.68399
"032","3pm",47.38296,52.61704
"033","3pm",46.30363,53.69637
"034","3pm",45.00507,54.99493
"035","3pm",47.61921,52.38079
"036","3pm",46.18825,53.81175
"037","3pm",52.9105,47.0895
"038","3pm",47.17435,52.82565
"039","3pm",48.88534,51.11466
"040","3pm",50.24989,49.75011
"041","3pm",43.77125,56.22875
"042","3pm",37.89401,62.10599
"043","3pm",54.83583,45.16417
"044","3pm",46.0649,53.9351
"045","3pm",48.18147,51.81853
"046","3pm",42.43913,57.56087
"047","3pm",45.06517,54.93483
"048","3pm",41.4792,58.5208
"049","3pm",42.71222,57.28778
"050","3pm",43.38505,56.61495
"051","3pm",47.56534,52.43466
"052","3pm",50.20597,49.79403
"053","3pm",46.68409,53.31591
"054","3pm",55.46863,44.53137
"055","3pm",46.80645,53.19355
"056","3pm",47.90006,52.09994
"057","3pm",46.69948,53.30052
"058","3pm",41.37801,58.62199
"059","3pm",39.68666,60.31334
"060","3pm",41.89536,58.10464
"061","3pm",47.97782,52.02218
"062","3pm",52.70872,47.29128
"063","3pm",46.80614,53.19386
"064","3pm",50.18301,49.81699
"065","3pm",48.56012,51.43988
"066","3pm",50.74411,49.25589
"067","3pm",53.80124,46.19876
"068","3pm",43.52012,56.47988
"069","3pm",47.92158,52.07842
"070","3pm",47.24072,52.75928
"071","3pm",44.564,55.436
"072","3pm",43.46166,56.53834
"073","3pm",46.26203,53.73797
"074","3pm",40.14802,59.85198
"075","3pm",52.45206,47.54794
"076","3pm",52.32795,47.67205
"077","3pm",43.4385,56.5615
"078","3pm",31.36799,68.63201
"079","3pm",49.53473,50.46527
"080","3pm",49.50904,50.49096
"001","4pm",44.03747,55.96253
"002","4pm",38.79056,61.20944
"003","4pm",45.55276,54.44724
"004","4pm",39.56046,60.43954
"005","4pm",49.37082,50.62918
"006","4pm",43.34834,56.65166
"007","4pm",46.61132,53.38868
"008","4pm",45.24234,54.75766
"009","4pm",42.20251,57.79749
"010","4pm",39.47198,60.52802
"011","4pm",52.03472,47.96528
"012","4pm",47.57591,52.42409
"013","4pm",54.07464,45.92536
"014","4pm",43.22602,56.77398
"015","4pm",33.85159,66.14841
"016","4pm",49.88103,50.11897
"017","4pm",43.91604,56.08396
"018","4pm",49.04523,50.95477
"019","4pm",47.61797,52.38203
"020","4pm",40.63195,59.36805
"021","4pm",58.75811,41.24189
"022","4pm",44.47125,55.52875
"023","4pm",50.65566,49.34434
"024","4pm",39.43706,60.56294
"025","4pm",50.68314,49.31686
"026","4pm",38.91428,61.08572
"027","4pm",54.28877,45.71123
"028","4pm",44.50305,55.49695
"029","4pm",52.47659,47.52341
"030","4pm",48.38211,51.61789
"031","4pm",44.26955,55.73045
"032","4pm",52.1595,47.8405
"033","4pm",49.12558,50.87442
"034","4pm",44.91876,55.08124
"035","4pm",44.48816,55.51184
"036","4pm",47.8933,52.1067
"037","4pm",49.74685,50.25315
"038","4pm",49.72182,50.27818
"039","4pm",50.69873,49.30127
"040","4pm",50.97757,49.02243
"041","4pm",43.07264,56.92736
"042","4pm",36.79122,63.20878
"043","4pm",52.44706,47.55294
"044","4pm",47.25169,52.74831
"045","4pm",51.19117,48.80883
"046","4pm",43.76736,56.23264
"047","4pm",45.18963,54.81037
"048","4pm",43.22895,56.77105
"049","4pm",44.42025,55.57975
"050","4pm",41.7869,58.2131
"051","4pm",48.93984,51.06016
"052","4pm",48.2992,51.7008
"053","4pm",46.28786,53.71214
"054","4pm",53.14393,46.85607
"055","4pm",45.58486,54.41514
"056","4pm",46.26573,53.73427
"057","4pm",42.9954,57.0046
"058","4pm",43.91083,56.08917
"059","4pm",42.91956,57.08044
"060","4pm",42.72071,57.27929
"061","4pm",44.55233,55.44767
"062","4pm",47.95963,52.04037
"063","4pm",53.29654,46.70346
"064","4pm",51.76553,48.23447
"065","4pm",42.69673,57.30327
"066","4pm",54.94224,45.05776
"067","4pm",50.90501,49.09499
"068","4pm",42.91529,57.08471
"069","4pm",49.10505,50.89495
"070","4pm",46.26322,53.73678
"071","4pm",43.35954,56.64046
"072","4pm",44.10398,55.89602
"073","4pm",48.14056,51.85944
"074","4pm",45.09167,54.90833
"075","4pm",52.29523,47.70477
"076","4pm",50.60453,49.39547
"077","4pm",41.64341,58.35659
"078","4pm",35.12908,64.87092
"079","4pm",49.98118,50.01882
"080","4pm",48.90147,51.09853
"001","5pm",44.4138,55.5862
"002","5pm",44.06531,55.93469
"003","5pm",47.83641,52.16359
"004","5pm",41.02868,58.97132
"005","5pm",42.86889,57.13111
"006","5pm",45.75318,54.24682
"007","5pm",45.65944,54.34056
"008","5pm",45.93887,54.06113
"009","5pm",40.37287,59.62713
"010","5pm",45.27729,54.72271
"011","5pm",47.56687,52.43313
"012","5pm",43.35603,56.64397
"013","5pm",53.46906,46.53094
"014","5pm",41.84582,58.15418
"015","5pm",38.29521,61.70479
"016","5pm",41.10359,58.89641
"017","5pm",39.68112,60.31888
"018","5pm",52.05912,47.94088
"019","5pm",47.01102,52.98898
"020","5pm",48.09293,51.90707
"021","5pm",55.92124,44.07876
"022","5pm",46.52545,53.47455
"023","5pm",51.27021,48.72979
"024","5pm",40.20607,59.79393
"025","5pm",47.46674,52.53326
"026","5pm",43.04446,56.95554
"027","5pm",57.59068,42.40932
"028","5pm",42.12995,57.87005
"029","5pm",47.8851,52.1149
"030","5pm",53.68539,46.31461
"031","5pm",42.89944,57.10056
"032","5pm",50.84812,49.15188
"033","5pm",46.54205,53.45795
"034","5pm",49.32874,50.67126
"035","5pm",46.85043,53.14957
"036","5pm",50.17694,49.82306
"037","5pm",47.8438,52.1562
"038","5pm",44.94055,55.05945
"039","5pm",48.35676,51.64324
"040","5pm",50.32738,49.67262
"041","5pm",41.69119,58.30881
"042","5pm",43.86068,56.13932
"043","5pm",49.05102,50.94898
"044","5pm",44.71264,55.28736
"045","5pm",49.28344,50.71656
"046","5pm",45.82254,54.17746
"047","5pm",44.03674,55.96326
"048","5pm",44.32701,55.67299
"049","5pm",42.86524,57.13476
"050","5pm",44.49067,55.50933
"051","5pm",47.34002,52.65998
"052","5pm",46.04192,53.95808
"053","5pm",46.25258,53.74742
"054","5pm",55.12334,44.87666
"055","5pm",46.05007,53.94993
"056","5pm",43.41527,56.58473
"057","5pm",44.57931,55.42069
"058","5pm",47.01847,52.98153
"059","5pm",43.33704,56.66296
"060","5pm",44.33792,55.66208
"061","5pm",41.64712,58.35288
"062","5pm",51.72634,48.27366
"063","5pm",52.35163,47.64837
"064","5pm",46.90162,53.09838
"065","5pm",48.65997,51.34003
"066","5pm",52.44089,47.55911
"067","5pm",53.24232,46.75768
"068","5pm",40.76337,59.23663
"069","5pm",43.09749,56.90251
"070","5pm",45.39432,54.60568
"071","5pm",45.86039,54.13961
"072","5pm",43.78141,56.21859
"073","5pm",47.30154,52.69846
"074","5pm",45.1661,54.8339
"075","5pm",52.60664,47.39336
"076","5pm",54.39233,45.60767
"077","5pm",40.76824,59.23176
"078","5pm",35.17424,64.82576
"079","5pm",50.06661,49.93339
"080","5pm",51.13789,48.86211
"001","6pm",44.78813,55.21187
"002","6pm",47.31113,52.68887
"003","6pm",48.34253,51.65747
"004","6pm",38.70313,61.29687
"005","6pm",48.26964,51.73036
"006","6pm",48.50277,51.49723
"007","6pm",44.98218,55.01782
"008","6pm",45.084,54.916
"009","6pm",36.64786,63.35214
"010","6pm",42.13233,57.86767
"011","6pm",40.9578,59.0422
"012","6pm",42.43141,57.56859
"013","6pm",54.5337,45.4663
"014","6pm",43.91076,56.08924
"015","6pm",41.78941,58.21059
"016","6pm",42.89716,57.10284
"017","6pm",39.5972,60.4028
"018","6pm",52.62342,47.37658
"019","6pm",49.17751,50.82249
"020","6pm",49.96335,50.03665
"021","6pm",56.4792,43.5208
"022","6pm",45.2355,54.7645
"023","6pm",50.60563,49.39437
"024","6pm",43.43979,56.56021
"025","6pm",44.87516,55.12484
"026","6pm",43.98921,56.01079
"027","6pm",50.65324,49.34676
"028","6pm",42.92808,57.07192
"029","6pm",47.07848,52.92152
"030","6pm",48.46411,51.53589
"031","6pm",42.88797,57.11203
"032","6pm",48.91199,51.08801
"033","6pm",47.81088,52.18912
"034","6pm",52.70054,47.29946
"035","6pm",45.75814,54.24186
"036","6pm",53.15628,46.84372
"037","6pm",50.25703,49.74297
"038","6pm",42.40882,57.59118
"039","6pm",48.07149,51.92851
"040","6pm",50.87005,49.12995
"041","6pm",38.57146,61.42854
"042","6pm",40.35716,59.64284
"043","6pm",49.29013,50.70987
"044","6pm",43.00697,56.99303
"045","6pm",47.88244,52.11756
"046","6pm",40.46254,59.53746
"047","6pm",48.31196,51.68804
"048","6pm",39.90881,60.09119
"049","6pm",39.58122,60.41878
"050","6pm",46.34837,53.65163
"051","6pm",51.69456,48.30544
"052","6pm",40.72919,59.27081
"053","6pm",45.23357,54.76643
"054","6pm",53.87305,46.12695
"055","6pm",45.70064,54.29936
"056","6pm",39.15518,60.84482
"057","6pm",45.0185,54.9815
"058","6pm",49.34907,50.65093
"059","6pm",44.23288,55.76712
"060","6pm",45.99629,54.00371
"061","6pm",40.63116,59.36884
"062","6pm",54.30953,45.69047
"063","6pm",51.13947,48.86053
"064","6pm",50.03041,49.96959
"065","6pm",46.50881,53.49119
"066","6pm",52.72539,47.27461
"067","6pm",47.86448,52.13552
"068","6pm",44.00434,55.99566
"069","6pm",48.43131,51.56869
"070","6pm",47.95168,52.04832
"071","6pm",47.19868,52.80132
"072","6pm",44.54004,55.45996
"073","6pm",47.53268,52.46732
"074","6pm",46.48814,53.51186
"075","6pm",49.34539,50.65461
"076","6pm",51.26974,48.73026
"077","6pm",43.25101,56.74899
"078","6pm",37.85928,62.14072
"079","6pm",48.49122,51.50878
"080","6pm",52.35202,47.64798
"001","7pm",46.88312,53.11688
"002","7pm",43.06949,56.93051
"003","7pm",50.70585,49.29415
"004","7pm",40.88511,59.11489
"005","7pm",49.77727,50.22273
"006","7pm",52.8752,47.1248
"007","7pm",46.71503,53.28497
"008","7pm",41.26267,58.73733
"009","7pm",40.07133,59.92867
"010","7pm",42.77829,57.22171
"011","7pm",35.86075,64.13925
"012","7pm",45.33936,54.66064
"013","7pm",51.30049,48.69951
"014","7pm",40.68653,59.31347
"015","7pm",41.80732,58.19268
"016","7pm",43.86132,56.13868
"017","7pm",44.76586,55.23414
"018","7pm",49.77009,50.22991
"019","7pm",48.00498,51.99502
"020","7pm",51.67194,48.32806
"021","7pm",56.32785,43.67215
"022","7pm",42.83751,57.16249
"023","7pm",47.77695,52.22305
"024","7pm",42.68529,57.31471
"025","7pm",47.2599,52.7401
"026","7pm",44.65106,55.34894
"027","7pm",46.79128,53.20872
"028","7pm",41.97556,58.02444
"029","7pm",48.27017,51.72983
"030","7pm",50.0607,49.9393
"031","7pm",43.81663,56.18337
"032","7pm",49.06,50.94
"033","7pm",48.68115,51.31885
"034","7pm",49.18039,50.81961
"035","7pm",45.75401,54.24599
"036","7pm",50.18077,49.81923
"037","7pm",47.79767,52.20233
"038","7pm",43.74307,56.25693
"039","7pm",49.08507,50.91493
"040","7pm",49.5657,50.4343
"041","7pm",40.04654,59.95346
"042","7pm",43.34946,56.65054
"043","7pm",46.57725,53.42275
"044","7pm",45.22312,54.77688
"045","7pm",49.56894,50.43106
"046","7pm",39.02931,60.97069
"047","7pm",50.48637,49.51363
"048","7pm",40.42766,59.57234
"049","7pm",40.08863,59.91137
"050","7pm",46.01997,53.98003
"051","7pm",55.37562,44.62438
"052","7pm",41.5981,58.4019
"053","7pm",47.37261,52.62739
"054","7pm",52.96839,47.03161
"055","7pm",49.71087,50.28913
"056","7pm",40.79339,59.20661
"057","7pm",46.36034,53.63966
"058","7pm",49.12769,50.87231
"059","7pm",41.86452,58.13548
"060","7pm",48.0329,51.9671
"061","7pm",40.89491,59.10509
"062","7pm",52.29099,47.70901
"063","7pm",52.43127,47.56873
"064","7pm",50.828,49.172
"065","7pm",48.84646,51.15354
"066","7pm",54.18024,45.81976
"067","7pm",47.79236,52.20764
"068","7pm",45.77603,54.22397
"069","7pm",46.53401,53.46599
"070","7pm",48.8389,51.1611
"071","7pm",48.97581,51.02419
"072","7pm",44.98302,55.01698
"073","7pm",51.56767,48.43233
"074","7pm",45.31321,54.68679
"075","7pm",49.26193,50.73807
"076","7pm",50.10252,49.89748
"077","7pm",44.57595,55.42405
"078","7pm",38.2735,61.7265
"079","7pm",48.88902,51.11098
"080","7pm",51.13751,48.86249
"001","8pm",50.45617,49.54383
"002","8pm",40.89639,59.10361
"003","8pm",50.52168,49.47832
"004","8pm",42.26133,57.73867
"005","8pm",48.14655,51.85345
"006","8pm",50.20197,49.79803
"007","8pm",46.69482,53.30518
"008","8pm",38.80692,61.19308
"009","8pm",38.32017,61.67983
"010","8pm",43.04722,56.95278
"011","8pm",37.90641,62.09359
"012","8pm",44.40514,55.59486
"013","8pm",49.91395,50.08605
"014","8pm",42.18617,57.81383
"015","8pm",41.67462,58.32538
"016","8pm",42.97569,57.02431
"017","8pm",45.03655,54.96345
"018","8pm",47.15116,52.84884
"019","8pm",50.87873,49.12127
"020","8pm",51.28224,48.71776
"021","8pm",55.75266,44.24734
"022","8pm",41.77745,58.22255
"023","8pm",48.12232,51.87768
"024","8pm",44.79976,55.20024
"025","8pm",47.33103,52.66897
"026","8pm",44.92711,55.07289
"027","8pm",46.78294,53.21706
"028","8pm",42.96256,57.03744
"029","8pm",49.51764,50.48236
"030","8pm",49.51404,50.48596
"031","8pm",44.25876,55.74124
"032","8pm",46.88096,53.11904
"033","8pm",50.28812,49.71188
"034","8pm",48.66007,51.33993
"035","8pm",45.98072,54.01928
"036","8pm",50.38867,49.61133
"037","8pm",49.59426,50.40574
"038","8pm",40.69553,59.30447
"039","8pm",49.21771,50.78229
"040","8pm",50.68492,49.31508
"041","8pm",42.54484,57.45516
"042","8pm",45.73398,54.26602
"043","8pm",46.80187,53.19813
"044","8pm",46.5322,53.4678
"045","8pm",49.84839,50.15161
"046","8pm",39.48601,60.51399
"047","8pm",54.21013,45.78987
"048","8pm",40.13817,59.86183
"049","8pm",41.4864,58.5136
"050","8pm",49.0812,50.9188
"051","8pm",54.09408,45.90592
"052","8pm",45.1958,54.8042
"053","8pm",46.86906,53.13094
"054","8pm",54.15049,45.84951
"055","8pm",50.36166,49.63834
"056","8pm",41.1487,58.8513
"057","8pm",45.77379,54.22621
"058","8pm",48.91452,51.08548
"059","8pm",43.12503,56.87497
"060","8pm",47.56404,52.43596
"061","8pm",41.48641,58.51359
"062","8pm",51.94202,48.05798
"063","8pm",51.05551,48.94449
"064","8pm",52.49789,47.50211
"065","8pm",47.82742,52.17258
"066","8pm",53.44055,46.55945
"067","8pm",47.82829,52.17171
"068","8pm",46.82604,53.17396
"069","8pm",49.63262,50.36738
"070","8pm",50.25296,49.74704
"071","8pm",47.17616,52.82384
"072","8pm",44.66877,55.33123
"073","8pm",48.47952,51.52048
"074","8pm",46.59448,53.40552
"075","8pm",48.59414,51.40586
"076","8pm",50.06485,49.93515
"077","8pm",44.35193,55.64807
"078","8pm",39.64332,60.35668
"079","8pm",49.28033,50.71967
"080","8pm",50.41133,49.58867
"001","9pm",49.89048,50.10952
"002","9pm",42.87795,57.12205
"003","9pm",49.80532,50.19468
"004","9pm",41.57684,58.42316
"005","9pm",48.96032,51.03968
"006","9pm",50.22923,49.77077
"007","9pm",46.93822,53.06178
"008","9pm",38.76373,61.23627
"009","9pm",38.29249,61.70751
"010","9pm",42.33641,57.66359
"011","9pm",37.57527,62.42473
"012","9pm",43.9324,56.0676
"013","9pm",48.50203,51.49797
"014","9pm",42.40153,57.59847
"015","9pm",41.17979,58.82021
"016","9pm",42.85053,57.14947
"017","9pm",46.94238,53.05762
"018","9pm",47.50793,52.49207
"019","9pm",51.68527,48.31473
"020","9pm",51.14546,48.85454
"021","9pm",55.96205,44.03795
"022","9pm",41.51979,58.48021
"023","9pm",45.62387,54.37613
"024","9pm",43.45506,56.54494
"025","9pm",47.26006,52.73994
"026","9pm",44.87328,55.12672
"027","9pm",47.42493,52.57507
"028","9pm",45.14216,54.85784
"029","9pm",49.60708,50.39292
"030","9pm",48.28908,51.71092
"031","9pm",41.64327,58.35673
"032","9pm",49.02043,50.97957
"033","9pm",49.51586,50.48414
"034","9pm",45.73677,54.26323
"035","9pm",47.20321,52.79679
"036","9pm",50.50101,49.49899
"037","9pm",49.07753,50.92247
"038","9pm",42.22084,57.77916
"039","9pm",49.99878,50.00122
"040","9pm",50.90176,49.09824
"041","9pm",44.75945,55.24055
"042","9pm",44.52322,55.47678
"043","9pm",46.78349,53.21651
"044","9pm",46.16038,53.83962
"045","9pm",49.33346,50.66654
"046","9pm",39.28795,60.71205
"047","9pm",54.11281,45.88719
"048","9pm",41.51251,58.48749
"049","9pm",41.75278,58.24722
"050","9pm",51.30221,48.69779
"051","9pm",52.92581,47.07419
"052","9pm",45.28595,54.71405
"053","9pm",47.19756,52.80244
"054","9pm",52.62546,47.37454
"055","9pm",51.13516,48.86484
"056","9pm",41.17427,58.82573
"057","9pm",45.62407,54.37593
"058","9pm",48.75909,51.24091
"059","9pm",44.20907,55.79093
"060","9pm",46.22327,53.77673
"061","9pm",41.78919,58.21081
"062","9pm",51.33372,48.66628
"063","9pm",50.35388,49.64612
"064","9pm",52.35677,47.64323
"065","9pm",48.11406,51.88594
"066","9pm",52.61976,47.38024
"067","9pm",48.15694,51.84306
"068","9pm",48.36485,51.63515
"069","9pm",47.68902,52.31098
"070","9pm",50.5064,49.4936
"071","9pm",46.31265,53.68735
"072","9pm",45.66286,54.33714
"073","9pm",46.84912,53.15088
"074","9pm",45.21213,54.78787
"075","9pm",49.37182,50.62818
"076","9pm",50.14563,49.85437
"077","9pm",44.75579,55.24421
"078","9pm",39.22523,60.77477
"079","9pm",49.28033,50.71967
"080","9pm",49.43947,50.56053
"001","10pm",50.0556,49.9444
"002","10pm",44.55354,55.44646
"003","10pm",48.36574,51.63426
"004","10pm",41.43973,58.56027
"005","10pm",48.20169,51.79831
"006","10pm",49.56366,50.43634
"007","10pm",49.50455,50.49545
"008","10pm",39.80465,60.19535
"009","10pm",36.7443,63.2557
"010","10pm",42.6218,57.3782
"011","10pm",38.5881,61.4119
"012","10pm",44.38024,55.61976
"013","10pm",47.56954,52.43046
"014","10pm",41.94011,58.05989
"015","10pm",41.54092,58.45908
"016","10pm",42.85053,57.14947
"017","10pm",46.1337,53.8663
"018","10pm",50.17399,49.82601
"019","10pm",48.33215,51.66785
"020","10pm",50.67054,49.32946
"021","10pm",55.68816,44.31184
"022","10pm",41.52983,58.47017
"023","10pm",45.07904,54.92096
"024","10pm",43.04215,56.95785
"025","10pm",47.13149,52.86851
"026","10pm",45.20978,54.79022
"027","10pm",48.60155,51.39845
"028","10pm",42.26383,57.73617
"029","10pm",50.1798,49.8202
"030","10pm",48.99745,51.00255
"031","10pm",41.85774,58.14226
"032","10pm",48.75106,51.24894
"033","10pm",49.58644,50.41356
"034","10pm",45.38876,54.61124
"035","10pm",47.73477,52.26523
"036","10pm",51.18167,48.81833
"037","10pm",49.84017,50.15983
"038","10pm",41.90533,58.09467
"039","10pm",48.88242,51.11758
"040","10pm",50.86946,49.13054
"041","10pm",45.31817,54.68183
"042","10pm",45.1717,54.8283
"043","10pm",46.75851,53.24149
"044","10pm",44.58774,55.41226
"045","10pm",49.89622,50.10378
"046","10pm",39.70227,60.29773
"047","10pm",51.93434,48.06566
"048","10pm",41.26553,58.73447
"049","10pm",42.30714,57.69286
"050","10pm",51.97582,48.02418
"051","10pm",53.63689,46.36311
"052","10pm",45.44736,54.55264
"053","10pm",46.62133,53.37867
"054","10pm",52.60177,47.39823
"055","10pm",51.4838,48.5162
"056","10pm",41.34165,58.65835
"057","10pm",47.13272,52.86728
"058","10pm",49.60803,50.39197
"059","10pm",43.74266,56.25734
"060","10pm",47.42439,52.57561
"061","10pm",41.8429,58.1571
"062","10pm",51.74671,48.25329
"063","10pm",50.3498,49.6502
"064","10pm",50.99147,49.00853
"065","10pm",50.14398,49.85602
"066","10pm",52.61976,47.38024
"067","10pm",48.58434,51.41566
"068","10pm",48.68969,51.31031
"069","10pm",47.68902,52.31098
"070","10pm",50.5064,49.4936
"071","10pm",46.58198,53.41802
"072","10pm",44.61313,55.38687
"073","10pm",46.51532,53.48468
"074","10pm",45.07861,54.92139
"075","10pm",50.03249,49.96751
"076","10pm",50.52835,49.47165
"077","10pm",44.50469,55.49531
"078","10pm",38.95115,61.04885
"079","10pm",49.28033,50.71967
"080","10pm",49.43947,50.56053
"001","11pm",51.05373,48.94627
"002","11pm",46.35014,53.64986
"003","11pm",46.45406,53.54594
"004","11pm",42.69817,57.30183
"005","11pm",50.05205,49.94795
"006","11pm",50.80263,49.19737
"007","11pm",49.74691,50.25309
"008","11pm",41.12933,58.87067
"009","11pm",37.51117,62.48883
"010","11pm",43.60813,56.39187
"011","11pm",37.82725,62.17275
"012","11pm",45.54588,54.45412
"013","11pm",48.26687,51.73313
"014","11pm",43.33412,56.66588
"015","11pm",42.1518,57.8482
"016","11pm",42.37403,57.62597
"017","11pm",45.47306,54.52694
"018","11pm",50.17399,49.82601
"019","11pm",48.20052,51.79948
"020","11pm",51.23471,48.76529
"021","11pm",55.9877,44.0123
"022","11pm",41.565,58.435
"023","11pm",44.84262,55.15738
"024","11pm",44.59212,55.40788
"025","11pm",46.64013,53.35987
"026","11pm",44.39312,55.60688
"027","11pm",45.62175,54.37825
"028","11pm",40.70307,59.29693
"029","11pm",49.8414,50.1586
"030","11pm",48.91235,51.08765
"031","11pm",44.57221,55.42779
"032","11pm",47.52182,52.47818
"033","11pm",47.69656,52.30344
"034","11pm",46.56332,53.43668
"035","11pm",48.1884,51.8116
"036","11pm",51.16621,48.83379
"037","11pm",50.17315,49.82685
"038","11pm",42.50608,57.49392
"039","11pm",49.37098,50.62902
"040","11pm",50.4584,49.5416
"041","11pm",45.18306,54.81694
"042","11pm",44.54278,55.45722
"043","11pm",48.29818,51.70182
"044","11pm",43.93914,56.06086
"045","11pm",49.89869,50.10131
"046","11pm",40.07406,59.92594
"047","11pm",50.51855,49.48145
"048","11pm",39.97269,60.02731
"049","11pm",41.93077,58.06923
"050","11pm",52.61599,47.38401
"051","11pm",52.56759,47.43241
"052","11pm",44.92532,55.07468
"053","11pm",46.30992,53.69008
"054","11pm",51.89025,48.10975
"055","11pm",50.22755,49.77245
"056","11pm",40.75053,59.24947
"057","11pm",47.52307,52.47693
"058","11pm",49.60803,50.39197
"059","11pm",44.34915,55.65085
"060","11pm",46.28788,53.71212
"061","11pm",43.87913,56.12087
"062","11pm",53.24127,46.75873
"063","11pm",50.34463,49.65537
"064","11pm",51.22562,48.77438
"065","11pm",50.33535,49.66465
"066","11pm",52.61976,47.38024
"067","11pm",49.17026,50.82974
"068","11pm",48.39977,51.60023
"069","11pm",47.68902,52.31098
"070","11pm",51.1191,48.8809
"071","11pm",46.68025,53.31975
"072","11pm",45.8848,54.1152
"073","11pm",45.96679,54.03321
"074","11pm",45.67706,54.32294
"075","11pm",49.65679,50.34321
"076","11pm",50.52835,49.47165
"077","11pm",44.55142,55.44858
"078","11pm",38.95115,61.04885
"079","11pm",48.05792,51.94208
"080","11pm",50.48092,49.51908
"001","12pm",52.11473,47.88527
"002","12pm",48.36975,51.63025
"003","12pm",46.00629,53.99371
"004","12pm",43.00512,56.99488
"005","12pm",48.32934,51.67066
"006","12pm",50.58547,49.41453
"007","12pm",48.84731,51.15269
"008","12pm",41.12933,58.87067
"009","12pm",37.71131,62.28869
"010","12pm",43.50833,56.49167
"011","12pm",38.02531,61.97469
"012","12pm",45.97661,54.02339
"013","12pm",47.79742,52.20258
"014","12pm",43.92443,56.07557
"015","12pm",42.39121,57.60879
"016","12pm",42.37403,57.62597
"017","12pm",45.47306,54.52694
"018","12pm",50.1271,49.8729
"019","12pm",47.03007,52.96993
"020","12pm",50.95802,49.04198
"021","12pm",53.78861,46.21139
"022","12pm",42.91846,57.08154
"023","12pm",45.86342,54.13658
"024","12pm",44.24336,55.75664
"025","12pm",47.42705,52.57295
"026","12pm",44.60478,55.39522
"027","12pm",43.83447,56.16553
"028","12pm",42.09765,57.90235
"029","12pm",49.21025,50.78975
"030","12pm",48.91235,51.08765
"031","12pm",43.3792,56.6208
"032","12pm",48.10702,51.89298
"033","12pm",47.52596,52.47404
"034","12pm",44.70223,55.29777
"035","12pm",49.38806,50.61194
"036","12pm",51.42848,48.57152
"037","12pm",50.17439,49.82561
"038","12pm",42.60139,57.39861
"039","12pm",49.37691,50.62309
"040","12pm",50.11499,49.88501
"041","12pm",45.61054,54.38946
"042","12pm",44.65166,55.34834
"043","12pm",48.63829,51.36171
"044","12pm",42.37695,57.62305
"045","12pm",49.89869,50.10131
"046","12pm",40.48057,59.51943
"047","12pm",50.51855,49.48145
"048","12pm",39.97269,60.02731
"049","12pm",41.93077,58.06923
"050","12pm",52.21891,47.78109
"051","12pm",52.56759,47.43241
"052","12pm",44.92532,55.07468
"053","12pm",47.43526,52.56474
"054","12pm",52.15844,47.84156
"055","12pm",49.39949,50.60051
"056","12pm",40.74498,59.25502
"057","12pm",47.91874,52.08126
"058","12pm",49.60803,50.39197
"059","12pm",44.34915,55.65085
"060","12pm",45.93914,54.06086
"061","12pm",43.87913,56.12087
"062","12pm",52.15679,47.84321
"063","12pm",50.34463,49.65537
"064","12pm",51.22562,48.77438
"065","12pm",49.45737,50.54263
"066","12pm",52.61976,47.38024
"067","12pm",49.17026,50.82974
"068","12pm",47.90493,52.09507
"069","12pm",47.68902,52.31098
"070","12pm",50.56302,49.43698
"071","12pm",46.68025,53.31975
"072","12pm",45.8848,54.1152
"073","12pm",45.96679,54.03321
"074","12pm",45.40619,54.59381
"075","12pm",49.86817,50.13183
"076","12pm",51.18206,48.81794
"077","12pm",44.55142,55.44858
"078","12pm",38.96475,61.03525
"079","12pm",48.75187,51.24813
"080","12pm",50.62341,49.37659
"001","1am",52.30101,47.69899
"002","1am",46.13145,53.86855
"003","1am",46.56913,53.43087
"004","1am",43.45927,56.54073
"005","1am",49.38768,50.61232
"006","1am",50.4615,49.5385
"007","1am",47.47672,52.52328
"008","1am",38.98609,61.01391
"009","1am",38.03587,61.96413
"010","1am",43.9963,56.0037
"011","1am",37.973,62.027
"012","1am",46.58966,53.41034
"013","1am",47.79742,52.20258
"014","1am",43.66177,56.33823
"015","1am",42.67784,57.32216
"016","1am",42.37403,57.62597
"017","1am",45.2774,54.7226
"018","1am",50.45832,49.54168
"019","1am",47.29649,52.70351
"020","1am",50.95802,49.04198
"021","1am",53.78861,46.21139
"022","1am",43.31857,56.68143
"023","1am",45.86342,54.13658
"024","1am",44.67605,55.32395
"025","1am",47.36796,52.63204
"026","1am",44.99613,55.00387
"027","1am",43.83447,56.16553
"028","1am",42.09765,57.90235
"029","1am",49.19099,50.80901
"030","1am",48.99853,51.00147
"031","1am",43.3792,56.6208
"032","1am",47.60863,52.39137
"033","1am",47.55217,52.44783
"034","1am",44.861,55.139
"035","1am",49.13545,50.86455
"036","1am",51.42848,48.57152
"037","1am",50.22778,49.77222
"038","1am",41.78232,58.21768
"039","1am",49.37691,50.62309
"040","1am",50.11499,49.88501
"041","1am",46.20326,53.79674
"042","1am",44.71686,55.28314
"043","1am",48.93444,51.06556
"044","1am",41.60801,58.39199
"045","1am",50.41421,49.58579
"046","1am",40.82596,59.17404
"047","1am",50.51855,49.48145
"048","1am",39.97269,60.02731
"049","1am",41.93077,58.06923
"050","1am",52.21891,47.78109
"051","1am",51.84406,48.15594
"052","1am",43.8415,56.1585
"053","1am",47.82891,52.17109
"054","1am",52.41299,47.58701
"055","1am",49.40809,50.59191
"056","1am",40.74498,59.25502
"057","1am",47.28164,52.71836
"058","1am",49.60803,50.39197
"059","1am",44.34915,55.65085
"060","1am",45.93914,54.06086
"061","1am",43.87913,56.12087
"062","1am",52.15679,47.84321
"063","1am",50.85464,49.14536
"064","1am",51.61572,48.38428
"065","1am",49.46231,50.53769
"066","1am",52.28221,47.71779
"067","1am",49.17026,50.82974
"068","1am",47.90493,52.09507
"069","1am",47.68902,52.31098
"070","1am",50.56302,49.43698
"071","1am",46.68025,53.31975
"072","1am",45.8848,54.1152
"073","1am",45.96679,54.03321
"074","1am",45.3593,54.6407
"075","1am",49.86817,50.13183
"076","1am",51.20817,48.79183
"077","1am",44.94153,55.05847
"078","1am",38.55854,61.44146
"079","1am",48.75187,51.24813
"080","1am",51.32941,48.67059
"001","2am",51.73314,48.26686
"002","2am",45.81948,54.18052
"003","2am",46.70501,53.29499
"004","2am",42.65386,57.34614
"005","2am",49.52309,50.47691
"006","2am",50.4615,49.5385
"007","2am",47.47672,52.52328
"008","2am",39.16349,60.83651
"009","2am",38.21863,61.78137
"010","2am",43.79558,56.20442
"011","2am",38.2906,61.7094
"012","2am",46.94423,53.05577
"013","2am",48.08397,51.91603
"014","2am",43.2335,56.7665
"015","2am",42.50904,57.49096
"016","2am",42.37403,57.62597
"017","2am",44.87319,55.12681
"018","2am",50.45832,49.54168
"019","2am",47.29649,52.70351
"020","2am",50.95802,49.04198
"021","2am",53.78861,46.21139
"022","2am",43.48248,56.51752
"023","2am",45.47123,54.52877
"024","2am",44.67605,55.32395
"025","2am",48.1176,51.8824
"026","2am",44.99613,55.00387
"027","2am",44.32297,55.67703
"028","2am",42.12204,57.87796
"029","2am",48.91122,51.08878
"030","2am",48.99853,51.00147
"031","2am",43.3792,56.6208
"032","2am",47.60863,52.39137
"033","2am",47.55217,52.44783
"034","2am",44.861,55.139
"035","2am",49.13545,50.86455
"036","2am",51.42848,48.57152
"037","2am",49.73432,50.26568
"038","2am",41.78232,58.21768
"039","2am",48.96145,51.03855
"040","2am",50.11499,49.88501
"041","2am",46.20326,53.79674
"042","2am",44.71686,55.28314
"043","2am",48.93444,51.06556
"044","2am",41.60801,58.39199
"045","2am",50.42441,49.57559
"046","2am",40.82596,59.17404
"047","2am",50.51855,49.48145
"048","2am",39.97269,60.02731
"049","2am",41.93077,58.06923
"050","2am",52.21891,47.78109
"051","2am",51.84406,48.15594
"052","2am",44.05113,55.94887
"053","2am",47.82891,52.17109
"054","2am",52.41299,47.58701
"055","2am",49.40809,50.59191
"056","2am",41.12016,58.87984
"057","2am",47.28164,52.71836
"058","2am",49.25741,50.74259
"059","2am",44.34915,55.65085
"060","2am",45.93914,54.06086
"061","2am",43.87913,56.12087
"062","2am",52.15679,47.84321
"063","2am",50.49223,49.50777
"064","2am",51.16608,48.83392
"065","2am",49.46231,50.53769
"066","2am",52.27002,47.72998
"067","2am",49.17026,50.82974
"068","2am",47.90493,52.09507
"069","2am",47.68902,52.31098
"070","2am",50.56302,49.43698
"071","2am",46.68025,53.31975
"072","2am",45.8848,54.1152
"073","2am",45.96679,54.03321
"074","2am",45.3593,54.6407
"075","2am",49.86817,50.13183
"076","2am",51.20817,48.79183
"077","2am",44.36353,55.63647
"078","2am",38.9896,61.0104
"079","2am",48.75187,51.24813
"080","2am",51.32941,48.67059
"001","3am",51.38637,48.61363
"002","3am",45.81948,54.18052
"003","3am",46.75248,53.24752
"004","3am",42.65386,57.34614
"005","3am",49.1539,50.8461
"006","3am",50.73509,49.26491
"007","3am",46.966,53.034
"008","3am",39.16349,60.83651
"009","3am",38.21863,61.78137
"010","3am",43.53489,56.46511
"011","3am",38.2906,61.7094
"012","3am",46.94423,53.05577
"013","3am",48.08397,51.91603
"014","3am",43.11001,56.88999
"015","3am",42.50904,57.49096
"016","3am",42.37403,57.62597
"017","3am",44.87319,55.12681
"018","3am",50.45832,49.54168
"019","3am",47.29649,52.70351
"020","3am",50.95802,49.04198
"021","3am",53.78861,46.21139
"022","3am",43.93712,56.06288
"023","3am",45.02421,54.97579
"024","3am",44.67605,55.32395
"025","3am",48.4437,51.5563
"026","3am",44.99613,55.00387
"027","3am",43.39059,56.60941
"028","3am",42.12204,57.87796
"029","3am",48.91122,51.08878
"030","3am",49.20166,50.79834
"031","3am",43.3792,56.6208
"032","3am",47.60863,52.39137
"033","3am",47.81859,52.18141
"034","3am",44.861,55.139
"035","3am",49.13545,50.86455
"036","3am",51.77824,48.22176
"037","3am",49.73432,50.26568
"038","3am",42.17651,57.82349
"039","3am",48.96145,51.03855
"040","3am",50.11499,49.88501
"041","3am",46.20326,53.79674
"042","3am",44.71686,55.28314
"043","3am",48.93444,51.06556
"044","3am",41.21661,58.78339
"045","3am",50.42441,49.57559
"046","3am",40.82596,59.17404
"047","3am",50.51855,49.48145
"048","3am",39.97269,60.02731
"049","3am",41.5263,58.4737
"050","3am",52.21891,47.78109
"051","3am",51.84406,48.15594
"052","3am",44.05113,55.94887
"053","3am",47.32639,52.67361
"054","3am",52.41299,47.58701
"055","3am",49.75754,50.24246
"056","3am",41.12016,58.87984
"057","3am",47.28164,52.71836
"058","3am",49.25741,50.74259
"059","3am",44.34915,55.65085
"060","3am",45.93914,54.06086
"061","3am",43.87913,56.12087
"062","3am",52.15679,47.84321
"063","3am",50.49223,49.50777
"064","3am",51.16608,48.83392
"065","3am",49.46231,50.53769
"066","3am",52.27002,47.72998
"067","3am",49.52031,50.47969
"068","3am",47.90493,52.09507
"069","3am",47.68902,52.31098
"070","3am",50.56302,49.43698
"071","3am",46.68025,53.31975
"072","3am",45.8848,54.1152
"073","3am",46.39346,53.60654
"074","3am",45.3593,54.6407
"075","3am",49.46264,50.53736
"076","3am",51.20817,48.79183
"077","3am",44.36353,55.63647
"078","3am",38.9896,61.0104
"079","3am",48.75187,51.24813
"080","3am",51.32941,48.67059
