"district","hour","sex1","sex2"
"7501","4am",0,0
"7502","4am",0,0
"7503","4am",0,0
"7504","4am",0,0
"7505","4am",0,0
"7506","4am",0,0
"7507","4am",0,0
"7508","4am",0,0
"7509","4am",0,0
"7510","4am",0,0
"7511","4am",0,0
"7512","4am",0,0
"7513","4am",0,0
"7514","4am",0,0
"7701","4am",0,0
"7702","4am",0,0
"7703","4am",0,0
"7704","4am",0,0
"7705","4am",0,0
"7706","4am",0,0
"7707","4am",0,0
"7708","4am",0,0
"7709","4am",0,0
"7710","4am",0,0
"7711","4am",0,0
"7712","4am",0,0
"7713","4am",0,0
"7714","4am",0,0
"7715","4am",0,0
"7716","4am",0,0
"7801","4am",0,0
"7802","4am",0,0
"7803","4am",5233.14,6627.301
"7804","4am",0,0
"7805","4am",0,0
"7806","4am",0,0
"7807","4am",0,0
"7808","4am",0,0
"7809","4am",0,0
"7810","4am",0,0
"7811","4am",0,0
"7812","4am",0,0
"7813","4am",0,0
"7814","4am",0,0
"7815","4am",0,0
"7816","4am",0,0
"9101","4am",0,0
"9102","4am",0,0
"9103","4am",0,0
"9104","4am",0,0
"9105","4am",0,0
"9106","4am",0,0
"9107","4am",0,0
"9108","4am",0,0
"9109","4am",0,0
"9110","4am",0,0
"9111","4am",0,0
"9112","4am",0,0
"9113","4am",7802.581,8101.764
"9114","4am",0,0
"9201","4am",0,0
"9202","4am",0,0
"9203","4am",0,0
"9204","4am",0,0
"9205","4am",0,0
"9206","4am",0,0
"9207","4am",0,0
"9208","4am",0,0
"9209","4am",0,0
"9210","4am",0,0
"9211","4am",0,0
"9212","4am",0,0
"9302","4am",0,0
"9303","4am",0,0
"9304","4am",0,0
"9305","4am",0,0
"9306","4am",0,0
"9307","4am",0,0
"9308","4am",0,0
"9309","4am",0,0
"9310","4am",0,0
"9311","4am",0,0
"9312","4am",0,0
"9402","4am",0,0
"9403","4am",0,0
"9404","4am",0,0
"9405","4am",0,0
"9406","4am",0,0
"9407","4am",0,0
"9408","4am",0,0
"9409","4am",0,0
"9410","4am",0,0
"9411","4am",0,0
"9412","4am",0,0
"9413","4am",0,0
"9414","4am",0,0
"9501","4am",0,0
"9502","4am",0,0
"9503","4am",0,0
"9504","4am",0,0
"9505","4am",0,0
"9506","4am",0,0
"9507","4am",0,0
"9508","4am",0,0
"9509","4am",0,0
"9510","4am",0,0
"9511","4am",0,0
"9512","4am",0,0
"9513","4am",0,0
"7501","5am",0,0
"7502","5am",0,0
"7503","5am",0,0
"7504","5am",0,0
"7505","5am",0,0
"7506","5am",0,0
"7507","5am",0,0
"7508","5am",0,0
"7509","5am",0,0
"7510","5am",0,0
"7511","5am",0,0
"7512","5am",0,0
"7513","5am",0,0
"7514","5am",0,0
"7701","5am",0,0
"7702","5am",0,0
"7703","5am",0,0
"7704","5am",0,0
"7705","5am",0,0
"7706","5am",0,0
"7707","5am",0,0
"7708","5am",0,0
"7709","5am",0,0
"7710","5am",0,0
"7711","5am",0,0
"7712","5am",0,0
"7713","5am",0,0
"7714","5am",0,0
"7715","5am",0,0
"7716","5am",0,0
"7801","5am",0,0
"7802","5am",0,0
"7803","5am",5233.14,6627.301
"7804","5am",0,0
"7805","5am",0,0
"7806","5am",0,0
"7807","5am",0,0
"7808","5am",0,0
"7809","5am",0,0
"7810","5am",0,0
"7811","5am",0,0
"7812","5am",0,0
"7813","5am",0,0
"7814","5am",0,0
"7815","5am",0,0
"7816","5am",0,0
"9101","5am",0,0
"9102","5am",0,0
"9103","5am",0,0
"9104","5am",0,0
"9105","5am",0,0
"9106","5am",0,0
"9107","5am",0,0
"9108","5am",0,0
"9109","5am",0,0
"9110","5am",0,0
"9111","5am",0,0
"9112","5am",0,0
"9113","5am",7802.581,8101.764
"9114","5am",0,0
"9201","5am",0,0
"9202","5am",0,0
"9203","5am",0,0
"9204","5am",0,0
"9205","5am",0,0
"9206","5am",0,0
"9207","5am",0,0
"9208","5am",0,0
"9209","5am",0,0
"9210","5am",0,0
"9211","5am",0,0
"9212","5am",0,0
"9302","5am",0,0
"9303","5am",0,0
"9304","5am",0,0
"9305","5am",0,0
"9306","5am",0,0
"9307","5am",0,0
"9308","5am",0,0
"9309","5am",0,0
"9310","5am",0,0
"9311","5am",0,0
"9312","5am",0,0
"9402","5am",0,0
"9403","5am",0,0
"9404","5am",0,0
"9405","5am",5255.321,0
"9406","5am",0,0
"9407","5am",0,0
"9408","5am",0,0
"9409","5am",0,0
"9410","5am",0,0
"9411","5am",0,0
"9412","5am",0,0
"9413","5am",0,0
"9414","5am",0,0
"9501","5am",0,0
"9502","5am",0,0
"9503","5am",0,0
"9504","5am",0,0
"9505","5am",0,0
"9506","5am",0,0
"9507","5am",0,0
"9508","5am",0,0
"9509","5am",0,0
"9510","5am",0,0
"9511","5am",0,0
"9512","5am",0,0
"9513","5am",0,0
"7501","6am",0,0
"7502","6am",0,0
"7503","6am",0,0
"7504","6am",0,0
"7505","6am",0,0
"7506","6am",0,0
"7507","6am",0,0
"7508","6am",0,0
"7509","6am",0,0
"7510","6am",0,0
"7511","6am",0,0
"7512","6am",0,0
"7513","6am",0,0
"7514","6am",0,0
"7701","6am",0,0
"7702","6am",0,0
"7703","6am",5803.949,0
"7704","6am",0,0
"7705","6am",0,0
"7706","6am",0,0
"7707","6am",0,0
"7708","6am",0,0
"7709","6am",0,0
"7710","6am",0,0
"7711","6am",0,0
"7712","6am",0,0
"7713","6am",0,0
"7714","6am",0,0
"7715","6am",0,0
"7716","6am",0,0
"7801","6am",0,0
"7802","6am",0,0
"7803","6am",5526.192,7090.1
"7804","6am",0,0
"7805","6am",0,0
"7806","6am",0,0
"7807","6am",0,0
"7808","6am",0,0
"7809","6am",0,0
"7810","6am",0,0
"7811","6am",0,0
"7812","6am",0,0
"7813","6am",0,0
"7814","6am",0,0
"7815","6am",0,0
"7816","6am",0,0
"9101","6am",0,0
"9102","6am",0,0
"9103","6am",0,0
"9104","6am",0,0
"9105","6am",0,0
"9106","6am",0,0
"9107","6am",0,0
"9108","6am",0,0
"9109","6am",0,0
"9110","6am",0,0
"9111","6am",0,0
"9112","6am",0,0
"9113","6am",7296.488,8101.764
"9114","6am",0,0
"9201","6am",2857.573,0
"9202","6am",0,0
"9203","6am",0,0
"9204","6am",0,0
"9205","6am",0,0
"9206","6am",0,0
"9207","6am",0,0
"9208","6am",0,0
"9209","6am",0,0
"9210","6am",0,0
"9211","6am",0,0
"9212","6am",0,0
"9302","6am",0,0
"9303","6am",0,0
"9304","6am",0,0
"9305","6am",0,0
"9306","6am",0,0
"9307","6am",0,0
"9308","6am",0,0
"9309","6am",3049.775,0
"9310","6am",0,0
"9311","6am",0,0
"9312","6am",0,0
"9402","6am",0,0
"9403","6am",0,0
"9404","6am",0,0
"9405","6am",6735.248,0
"9406","6am",0,0
"9407","6am",0,0
"9408","6am",0,0
"9409","6am",0,0
"9410","6am",0,0
"9411","6am",0,0
"9412","6am",0,0
"9413","6am",0,0
"9414","6am",0,0
"9501","6am",0,0
"9502","6am",0,0
"9503","6am",0,0
"9504","6am",0,0
"9505","6am",3393.997,0
"9506","6am",0,0
"9507","6am",0,0
"9508","6am",0,0
"9509","6am",0,0
"9510","6am",0,0
"9511","6am",0,0
"9512","6am",0,0
"9513","6am",0,0
"7501","7am",4871.683,0
"7502","7am",8031.467,4346.489
"7503","7am",8691.96,5351.536
"7504","7am",5672.632,8095.13
"7505","7am",0,0
"7506","7am",10039.217,4710.924
"7507","7am",8159.96,0
"7508","7am",4227.468,4180.013
"7509","7am",5471.592,0
"7510","7am",4963.808,0
"7511","7am",0,0
"7512","7am",0,0
"7513","7am",0,0
"7514","7am",0,0
"7701","7am",7283.388,0
"7702","7am",0,0
"7703","7am",5920.411,0
"7704","7am",0,0
"7705","7am",0,0
"7706","7am",0,0
"7707","7am",0,0
"7708","7am",0,0
"7709","7am",0,0
"7710","7am",0,0
"7711","7am",3855.331,0
"7712","7am",0,0
"7713","7am",0,0
"7714","7am",0,0
"7715","7am",0,0
"7716","7am",0,0
"7801","7am",0,0
"7802","7am",0,0
"7803","7am",5479.573,7147.634
"7804","7am",0,0
"7805","7am",0,0
"7806","7am",0,0
"7807","7am",0,0
"7808","7am",0,0
"7809","7am",0,0
"7810","7am",0,0
"7811","7am",0,0
"7812","7am",0,0
"7813","7am",0,0
"7814","7am",0,0
"7815","7am",0,0
"7816","7am",0,0
"9101","7am",0,0
"9102","7am",0,0
"9103","7am",0,0
"9104","7am",0,0
"9105","7am",0,0
"9106","7am",0,0
"9107","7am",0,0
"9108","7am",0,0
"9109","7am",0,0
"9110","7am",0,0
"9111","7am",4326.22,0
"9112","7am",0,0
"9113","7am",7724.646,7561.208
"9114","7am",0,0
"9201","7am",6070.698,4380.917
"9202","7am",0,0
"9203","7am",5497.334,0
"9204","7am",7686.013,0
"9205","7am",0,0
"9206","7am",0,0
"9207","7am",0,0
"9208","7am",0,0
"9209","7am",0,0
"9210","7am",0,0
"9211","7am",0,0
"9212","7am",0,0
"9302","7am",0,0
"9303","7am",0,0
"9304","7am",0,0
"9305","7am",0,0
"9306","7am",0,0
"9307","7am",0,0
"9308","7am",0,0
"9309","7am",5096.765,0
"9310","7am",0,0
"9311","7am",5006.952,0
"9312","7am",7127.96,0
"9402","7am",0,0
"9403","7am",0,0
"9404","7am",4924.604,0
"9405","7am",9096.99,0
"9406","7am",0,0
"9407","7am",3396.752,0
"9408","7am",0,0
"9409","7am",3939.989,0
"9410","7am",0,0
"9411","7am",0,0
"9412","7am",0,0
"9413","7am",0,0
"9414","7am",0,0
"9501","7am",0,0
"9502","7am",0,0
"9503","7am",0,0
"9504","7am",0,0
"9505","7am",5112.462,0
"9506","7am",0,0
"9507","7am",0,0
"9508","7am",0,0
"9509","7am",0,0
"9510","7am",0,0
"9511","7am",0,0
"9512","7am",0,0
"9513","7am",0,0
"7501","8am",18365.797,6694.433
"7502","8am",19470.741,12730.469
"7503","8am",23588.111,14263.343
"7504","8am",10548.805,14393.583
"7505","8am",5253.568,0
"7506","8am",17702.631,9878.937
"7507","8am",13692.723,10953.487
"7508","8am",8192.973,5307.502
"7509","8am",18367.216,7167.885
"7510","8am",10456.648,6956.641
"7511","8am",12536.171,6554.33
"7512","8am",8809.144,0
"7513","8am",10180.887,6409.113
"7514","8am",5695.61,0
"7701","8am",13085.555,3345.147
"7702","8am",6309.794,5265.475
"7703","8am",10844.943,0
"7704","8am",0,0
"7705","8am",0,0
"7706","8am",0,0
"7707","8am",0,0
"7708","8am",0,0
"7709","8am",5584.292,0
"7710","8am",0,0
"7711","8am",7647.158,2872.644
"7712","8am",0,0
"7713","8am",0,0
"7714","8am",1747.612,0
"7715","8am",0,0
"7716","8am",5680.375,0
"7801","8am",0,0
"7802","8am",0,0
"7803","8am",6750.759,9632.697
"7804","8am",0,0
"7805","8am",0,0
"7806","8am",5716.643,0
"7807","8am",0,0
"7808","8am",0,0
"7809","8am",0,0
"7810","8am",0,0
"7811","8am",0,0
"7812","8am",20553.392,7525.962
"7813","8am",0,0
"7814","8am",0,0
"7815","8am",0,0
"7816","8am",11777.928,4298.435
"9101","8am",5905.947,3090.672
"9102","8am",0,0
"9103","8am",0,0
"9104","8am",0,0
"9105","8am",5687.516,0
"9106","8am",6148.088,2434.259
"9107","8am",0,0
"9108","8am",0,0
"9109","8am",5736.605,0
"9110","8am",2669.649,0
"9111","8am",8002.854,3270.073
"9112","8am",3230.985,0
"9113","8am",10925.633,10345.013
"9114","8am",0,0
"9201","8am",10652.037,6081.051
"9202","8am",5665.205,0
"9203","8am",15113.436,8280.17
"9204","8am",15779.855,8295.953
"9205","8am",10984.014,10614.764
"9206","8am",8274.306,5642
"9207","8am",0,0
"9208","8am",4005.351,0
"9209","8am",9131.871,4706.676
"9210","8am",8017.174,4797.312
"9211","8am",8994.363,0
"9212","8am",4150.676,4308.58
"9302","8am",0,0
"9303","8am",8635.131,7895.671
"9304","8am",9324.48,0
"9305","8am",0,0
"9306","8am",5540.189,0
"9307","8am",0,0
"9308","8am",5327.844,0
"9309","8am",9818.621,5629.697
"9310","8am",5363.778,0
"9311","8am",9724.144,0
"9312","8am",21845.915,7140.188
"9402","8am",12612.69,0
"9403","8am",8932.814,4869.887
"9404","8am",10219.311,0
"9405","8am",12150.209,4246.606
"9406","8am",7218.63,3979.769
"9407","8am",5708.378,0
"9408","8am",5064.813,4338.808
"9409","8am",13364.397,0
"9410","8am",3562.609,0
"9411","8am",5360.035,0
"9412","8am",0,0
"9413","8am",4393.072,0
"9414","8am",0,0
"9501","8am",4022.109,0
"9502","8am",5365.634,3141.658
"9503","8am",0,0
"9504","8am",0,0
"9505","8am",6789.265,0
"9506","8am",0,0
"9507","8am",0,0
"9508","8am",5435.528,3061.584
"9509","8am",0,0
"9510","8am",0,0
"9511","8am",0,0
"9512","8am",0,0
"9513","8am",0,0
"7501","9am",46380.056,41001.257
"7502","9am",48720.62,41675.561
"7503","9am",63482.92,63915.427
"7504","9am",20967.801,24694.492
"7505","9am",16686.984,14113.448
"7506","9am",29121.636,26900.551
"7507","9am",32930.142,27098.186
"7508","9am",16891.684,14656.821
"7509","9am",39025.317,26905.721
"7510","9am",23507.718,22204.566
"7511","9am",25677.21,22028.793
"7512","9am",13764.662,11365.427
"7513","9am",16952.595,15604.609
"7514","9am",13571.497,11066.379
"7701","9am",25176.816,11889.84
"7702","9am",22318.963,14448.226
"7703","9am",15830.567,5862.828
"7704","9am",5408.705,4518.791
"7705","9am",3833.88,0
"7706","9am",0,0
"7707","9am",0,0
"7708","9am",0,0
"7709","9am",7672.991,3983.797
"7710","9am",2834.915,0
"7711","9am",10735.283,7922.561
"7712","9am",0,3663.173
"7713","9am",0,0
"7714","9am",3215.496,4169.953
"7715","9am",0,0
"7716","9am",13188.39,8735.229
"7801","9am",0,0
"7802","9am",4352.968,0
"7803","9am",9880.309,12153.618
"7804","9am",3603.985,0
"7805","9am",6953.014,5257.874
"7806","9am",8086.26,4905.829
"7807","9am",2855.88,3363.519
"7808","9am",3470.858,0
"7809","9am",5493.795,2615.314
"7810","9am",0,0
"7811","9am",5536.926,0
"7812","9am",35328.651,16431.217
"7813","9am",4006.744,0
"7814","9am",0,0
"7815","9am",2146.505,3179.184
"7816","9am",25043.118,14278.131
"9101","9am",16038.719,10108.998
"9102","9am",4043.451,0
"9103","9am",2979.336,2700.163
"9104","9am",3181.337,0
"9105","9am",10753.186,4744.524
"9106","9am",10674.211,4722.259
"9107","9am",3458.185,3438.416
"9108","9am",3394.257,3918.394
"9109","9am",8285.555,5581.715
"9110","9am",5153.709,0
"9111","9am",18405.387,8879.668
"9112","9am",7352.991,3153.983
"9113","9am",22239.448,15617.798
"9114","9am",5135.28,2724.34
"9201","9am",16156.612,13040.011
"9202","9am",9754.534,7918.684
"9203","9am",26464.64,25652.531
"9204","9am",32925.023,25234.525
"9205","9am",36071.46,37609.596
"9206","9am",16837.111,16202.354
"9207","9am",9936.768,8895.66
"9208","9am",12146.741,8519.504
"9209","9am",23851.096,13816.903
"9210","9am",15370.001,12249.417
"9211","9am",14569.731,5853.806
"9212","9am",11460.135,7059.324
"9302","9am",0,0
"9303","9am",14291.269,17495.315
"9304","9am",21007.932,9596.509
"9305","9am",6455.694,4344.831
"9306","9am",10626.703,4881.667
"9307","9am",4615.517,0
"9308","9am",7728.297,0
"9309","9am",20722.143,9439.009
"9310","9am",9069.715,5560.526
"9311","9am",15226.635,5890.303
"9312","9am",37923.187,20872.406
"9402","9am",19235.06,7993.365
"9403","9am",20715.541,14684.375
"9404","9am",14717.617,3698.414
"9405","9am",20246.145,9037.056
"9406","9am",13587.422,14245.689
"9407","9am",8087.887,10503.426
"9408","9am",9054.743,7701.081
"9409","9am",22584.286,8667.166
"9410","9am",6890.136,2853.572
"9411","9am",6737.94,5308.777
"9412","9am",0,3390.539
"9413","9am",5819.06,4271.832
"9414","9am",0,4128.654
"9501","9am",8650.947,9300.1
"9502","9am",11178.232,9416.931
"9503","9am",6057.439,1994.963
"9504","9am",0,0
"9505","9am",10402.873,5685.342
"9506","9am",6181.923,4188.853
"9507","9am",4125.287,4356.236
"9508","9am",9950.354,4766.441
"9509","9am",4536.793,0
"9510","9am",4195.693,4398.147
"9511","9am",5737.091,4318.986
"9512","9am",0,0
"9513","9am",0,0
"7501","10am",71473.526,73830.125
"7502","10am",71270.181,69993.398
"7503","10am",95902.855,110785.31
"7504","10am",36342.516,37199.852
"7505","10am",20513.522,25648.649
"7506","10am",42232.215,38072.813
"7507","10am",46030.277,39764.19
"7508","10am",25607.681,25210.774
"7509","10am",54250.796,43804.717
"7510","10am",37275.747,36319.248
"7511","10am",38283.136,37100.831
"7512","10am",21139.795,20278.016
"7513","10am",25432.59,24958.326
"7514","10am",16420.441,18697.823
"7701","10am",28759.79,17913.509
"7702","10am",26050.533,21267.47
"7703","10am",20068.862,7036.75
"7704","10am",5292.791,5979.11
"7705","10am",3833.88,0
"7706","10am",0,0
"7707","10am",3317.256,0
"7708","10am",4331.154,4317.797
"7709","10am",9644.264,3181.846
"7710","10am",3612.939,4943.953
"7711","10am",11851.853,9348.078
"7712","10am",4867.858,4681.587
"7713","10am",0,0
"7714","10am",3533.119,5175.022
"7715","10am",0,0
"7716","10am",14576.342,10241.561
"7801","10am",3974.694,0
"7802","10am",6397.814,4094.419
"7803","10am",11362.989,14742.039
"7804","10am",3553.752,0
"7805","10am",10380.608,7189.533
"7806","10am",8997.034,6485.751
"7807","10am",3940.588,5062.295
"7808","10am",3380.931,0
"7809","10am",6267.927,3623.259
"7810","10am",0,0
"7811","10am",6137.056,6336.842
"7812","10am",44106.171,27562.054
"7813","10am",3683.236,2734.616
"7814","10am",3500.098,0
"7815","10am",2858.267,3624.803
"7816","10am",34350.981,20095.465
"9101","10am",21947.831,17049.844
"9102","10am",4352.438,3973.393
"9103","10am",3090.951,3150.209
"9104","10am",3916.607,2892.874
"9105","10am",13061.713,7008.275
"9106","10am",12670.13,5238.228
"9107","10am",4629.751,4521.047
"9108","10am",5225.086,5213.017
"9109","10am",9397.056,8298.407
"9110","10am",5578.973,3074.852
"9111","10am",20060.744,11793.313
"9112","10am",8541.873,4696.336
"9113","10am",27913.696,21609.63
"9114","10am",6446.422,4102.329
"9201","10am",21400.326,17364.803
"9202","10am",15127.892,9179.132
"9203","10am",40355.344,39907.642
"9204","10am",42182.408,40227.652
"9205","10am",65320.602,62349.831
"9206","10am",23734.515,22868.235
"9207","10am",15914.178,14997.442
"9208","10am",17177.322,14488.449
"9209","10am",33566.031,23506.824
"9210","10am",22310.526,18866.455
"9211","10am",15983.842,9061.692
"9212","10am",13462.725,9621.228
"9302","10am",0,4096.915
"9303","10am",20547.711,20551.865
"9304","10am",31168.8,15563.505
"9305","10am",8417.4,5424.456
"9306","10am",13094.041,6626.335
"9307","10am",6090.629,7040.612
"9308","10am",8704.259,4299.821
"9309","10am",23775.84,13046.488
"9310","10am",8899.698,6716.544
"9311","10am",19718.616,11809.699
"9312","10am",54777.441,40172.056
"9402","10am",23726.136,10834.745
"9403","10am",28398.422,18671.875
"9404","10am",14867.185,5723.592
"9405","10am",22667.695,10029.534
"9406","10am",18703.031,19291.463
"9407","10am",14202.167,14693.066
"9408","10am",11897.791,10359.796
"9409","10am",25321.227,14374.661
"9410","10am",7617.72,4602.366
"9411","10am",7424.591,5350.295
"9412","10am",0,5154.429
"9413","10am",5574.556,4614.497
"9414","10am",0,5522.181
"9501","10am",9766.949,12725.69
"9502","10am",12211.881,14307.854
"9503","10am",6839.097,2939.772
"9504","10am",0,0
"9505","10am",11206.565,7312.883
"9506","10am",7695.288,5795.327
"9507","10am",6079.642,8008.571
"9508","10am",13364.719,6785.457
"9509","10am",5121.591,0
"9510","10am",7349.102,5916.68
"9511","10am",8409.795,6789.617
"9512","10am",5207.884,2379.209
"9513","10am",4076.525,0
"7501","11am",79613.962,89636.25
"7502","11am",81741.295,81388.062
"7503","11am",104876.612,117208.585
"7504","11am",37540.035,41424.872
"7505","11am",25254.855,28391.895
"7506","11am",45649.918,39138.396
"7507","11am",50055.175,43436.396
"7508","11am",27474.123,28741.759
"7509","11am",58632.348,51965.947
"7510","11am",36902.702,40685.509
"7511","11am",39259.358,41468.884
"7512","11am",23467.645,23922.519
"7513","11am",25496.827,24971.581
"7514","11am",18476.569,20882.164
"7701","11am",29824.655,19564.244
"7702","11am",27254.226,21597.448
"7703","11am",22458.171,10168.47
"7704","11am",5618.5,6978.096
"7705","11am",3521.951,0
"7706","11am",0,0
"7707","11am",3477.898,0
"7708","11am",4240.772,5356.072
"7709","11am",10932.938,4746.898
"7710","11am",3944.489,5285.187
"7711","11am",12365.149,9093.154
"7712","11am",5568.32,4949.204
"7713","11am",2755.733,0
"7714","11am",3780.468,6655.725
"7715","11am",0,0
"7716","11am",15368.964,11025.8
"7801","11am",0,3736.391
"7802","11am",5431.706,0
"7803","11am",12485.897,17198.903
"7804","11am",3284.87,0
"7805","11am",11561.627,7037.079
"7806","11am",9574.199,6832.765
"7807","11am",5465.193,5879.307
"7808","11am",3560.916,3810.155
"7809","11am",7777.803,4784.147
"7810","11am",0,0
"7811","11am",7057.863,6565.059
"7812","11am",47049.083,31971.679
"7813","11am",4941.861,3385.979
"7814","11am",3090.566,0
"7815","11am",2711.011,4198.865
"7816","11am",35717.063,20564.619
"9101","11am",24336.106,17031.615
"9102","11am",5090.503,4743.019
"9103","11am",2855.743,5817.058
"9104","11am",4307.136,3037.631
"9105","11am",13639.349,7692.871
"9106","11am",13923.936,6287.052
"9107","11am",5768.951,4564.959
"9108","11am",5626.653,4748.169
"9109","11am",10482.761,8796.41
"9110","11am",5559.589,3481.052
"9111","11am",20942.928,12715.242
"9112","11am",10393.21,5500.407
"9113","11am",27150.276,23217.85
"9114","11am",7178.5,4884.766
"9201","11am",23111.886,19589.139
"9202","11am",17521.376,9635.16
"9203","11am",41188.294,41935.885
"9204","11am",42941.47,42790.815
"9205","11am",75575.485,68437.666
"9206","11am",26275.689,25936.734
"9207","11am",16551.149,15344.638
"9208","11am",17740.663,17400.428
"9209","11am",36996.398,26364.309
"9210","11am",23097.662,21981.034
"9211","11am",16293.532,9188.843
"9212","11am",14941.597,10205.862
"9302","11am",0,4270.169
"9303","11am",22522.948,18981.892
"9304","11am",32968.12,20081.071
"9305","11am",7710.673,5629.729
"9306","11am",14304.205,7764.53
"9307","11am",7501.222,4000.213
"9308","11am",8485.386,6120.82
"9309","11am",23921.429,14080.723
"9310","11am",7896.12,8547.467
"9311","11am",19047.933,11450.992
"9312","11am",58834.47,43146.474
"9402","11am",24657.559,12084.093
"9403","11am",29422.983,19927.949
"9404","11am",16174.092,6623.477
"9405","11am",22534.317,11012.43
"9406","11am",17576.39,21336.232
"9407","11am",14970.446,16465.499
"9408","11am",12590.492,9977.301
"9409","11am",24702.201,14314.614
"9410","11am",7231.626,4582.626
"9411","11am",7842.867,5880.202
"9412","11am",0,5498.2
"9413","11am",6877.139,4736.041
"9414","11am",0,5738.725
"9501","11am",11438.943,12664.143
"9502","11am",13915.217,14645.748
"9503","11am",7404.088,2587.281
"9504","11am",0,5939.275
"9505","11am",13082.069,9033.604
"9506","11am",8544.483,6246.194
"9507","11am",6557.393,7078.177
"9508","11am",14848.75,8627.058
"9509","11am",6420.882,0
"9510","11am",8068.061,6428.63
"9511","11am",7888.667,6237.47
"9512","11am",6110.468,2550.29
"9513","11am",4506.847,0
"7501","12am",86568.107,90386.261
"7502","12am",83702.443,82251.222
"7503","12am",104194.284,113065.119
"7504","12am",38231.395,41476.302
"7505","12am",25089.244,28397.782
"7506","12am",49714.662,39146.262
"7507","12am",48652.99,44248.529
"7508","12am",30245.609,29350.124
"7509","12am",62860.68,57235.317
"7510","12am",37336.17,39173.506
"7511","12am",39755.37,36791.521
"7512","12am",24792.905,25204.842
"7513","12am",28356.887,26121.971
"7514","12am",18790.124,22887.579
"7701","12am",28204.431,21653.909
"7702","12am",26018.097,22711.125
"7703","12am",21109.422,7912.155
"7704","12am",5044.587,7458.949
"7705","12am",0,0
"7706","12am",0,0
"7707","12am",3351.954,0
"7708","12am",3858.72,6450.36
"7709","12am",10207.068,4421.419
"7710","12am",4051.31,5852.735
"7711","12am",14282.185,8910.984
"7712","12am",4144.59,4185.556
"7713","12am",0,0
"7714","12am",3580.712,6160.419
"7715","12am",0,0
"7716","12am",14933.809,11896.668
"7801","12am",0,0
"7802","12am",4953.957,4328.747
"7803","12am",12172.956,16222.935
"7804","12am",3548.769,0
"7805","12am",11763.472,6573.378
"7806","12am",9232.097,7717.021
"7807","12am",4582.759,4782.06
"7808","12am",3341.605,3018.082
"7809","12am",7461.908,4314.626
"7810","12am",0,0
"7811","12am",6385.744,5438.115
"7812","12am",49430.971,33299.929
"7813","12am",4898.668,4231.137
"7814","12am",0,0
"7815","12am",3378.765,4217.763
"7816","12am",36250.478,21051.909
"9101","12am",24094.572,16417.997
"9102","12am",4623.079,4192.576
"9103","12am",2542.131,6147.393
"9104","12am",5656.844,0
"9105","12am",12246.731,6914.815
"9106","12am",11514.567,6128.732
"9107","12am",3861.492,5089.559
"9108","12am",6097.313,5856.925
"9109","12am",10986.052,8765.623
"9110","12am",6585.246,3141.988
"9111","12am",19644.218,13306.503
"9112","12am",10043.363,5946.562
"9113","12am",28651.06,21005.655
"9114","12am",6766.514,5951.528
"9201","12am",22394.571,21322.624
"9202","12am",16612.413,10188.591
"9203","12am",42331.641,44613.464
"9204","12am",41016.718,41690.513
"9205","12am",75230.566,68375.372
"9206","12am",26955.754,26033.101
"9207","12am",16114.009,16144.844
"9208","12am",19567.166,17454.752
"9209","12am",36486.954,28038.869
"9210","12am",23222.516,22489.878
"9211","12am",16960.299,8808.874
"9212","12am",15307.892,10291.034
"9302","12am",0,0
"9303","12am",22583.711,21466.676
"9304","12am",34985.165,19932.297
"9305","12am",8635.963,5454.526
"9306","12am",15742.305,10145.086
"9307","12am",6758.695,0
"9308","12am",8450.708,6368.742
"9309","12am",23307.344,14000.807
"9310","12am",9028.448,9247.216
"9311","12am",18781.095,11375.62
"9312","12am",55797.38,44551.058
"9402","12am",24291.069,10994.287
"9403","12am",28454.789,20307.933
"9404","12am",16493.358,6071.5
"9405","12am",23126.158,10018.728
"9406","12am",16875.273,22593.19
"9407","12am",16089.001,15353.118
"9408","12am",12383.631,11174.537
"9409","12am",24006.64,15333.241
"9410","12am",7118.129,4650.683
"9411","12am",7956.316,6240.237
"9412","12am",0,4204.379
"9413","12am",6561.313,4649.528
"9414","12am",0,4997.909
"9501","12am",10522.823,12050.485
"9502","12am",15015.988,13758.726
"9503","12am",7566.59,0
"9504","12am",0,6631.237
"9505","12am",12727.928,9222.185
"9506","12am",7997.29,6728.923
"9507","12am",5449.382,6827.732
"9508","12am",14073.803,7701.382
"9509","12am",5290.902,0
"9510","12am",8850.774,5938.162
"9511","12am",8278.014,6345.738
"9512","12am",5677.407,2588.303
"9513","12am",0,0
"7501","1pm",86851.532,96163.754
"7502","1pm",87024.985,84815.968
"7503","1pm",103077.484,115641.161
"7504","1pm",40441.072,39930.808
"7505","1pm",29322.426,29866.178
"7506","1pm",50208.363,36477.775
"7507","1pm",52144.312,39674.993
"7508","1pm",29164.092,30136.262
"7509","1pm",60241.429,55171.705
"7510","1pm",38946.721,39039.726
"7511","1pm",42811.102,38726.764
"7512","1pm",26172.199,29245.023
"7513","1pm",24734.629,23521.639
"7514","1pm",15836.124,20350.936
"7701","1pm",27921.276,21480.817
"7702","1pm",25391.19,22577.334
"7703","1pm",18586.678,6771.765
"7704","1pm",4446.268,6638.302
"7705","1pm",0,0
"7706","1pm",0,0
"7707","1pm",0,0
"7708","1pm",0,5801.154
"7709","1pm",9282.268,3882.031
"7710","1pm",2479.23,5603.588
"7711","1pm",12845.773,8498.747
"7712","1pm",3653.65,4547.303
"7713","1pm",0,0
"7714","1pm",2584.075,6003.21
"7715","1pm",0,0
"7716","1pm",13039.024,9505.321
"7801","1pm",5372.585,4193.974
"7802","1pm",6011.973,4425.48
"7803","1pm",10852.478,14951.707
"7804","1pm",0,0
"7805","1pm",10844.097,7059.457
"7806","1pm",8065.797,6380.48
"7807","1pm",3509.741,3299.832
"7808","1pm",3076.201,0
"7809","1pm",5944.168,4909.595
"7810","1pm",0,0
"7811","1pm",6903.922,0
"7812","1pm",48081.606,29463.717
"7813","1pm",5061.895,2920.785
"7814","1pm",0,0
"7815","1pm",3860.386,4217.763
"7816","1pm",31214.408,19383.622
"9101","1pm",21546.958,16700.196
"9102","1pm",4162.506,4062.128
"9103","1pm",0,5170.114
"9104","1pm",6413.166,3452.156
"9105","1pm",11468.144,6299.705
"9106","1pm",12761.823,6457.845
"9107","1pm",2837.609,4689.612
"9108","1pm",5747.175,5242.064
"9109","1pm",8690.947,6132.896
"9110","1pm",5623.512,3569.285
"9111","1pm",19486.367,12494.764
"9112","1pm",9468.213,3568.019
"9113","1pm",25641.986,21553.322
"9114","1pm",7773.642,6132.152
"9201","1pm",20915.976,20148.94
"9202","1pm",16276.069,9961.974
"9203","1pm",43839.149,43006.933
"9204","1pm",38681.097,37566.779
"9205","1pm",76258.763,69715.097
"9206","1pm",27827.836,25791.084
"9207","1pm",17055.087,16796.702
"9208","1pm",20897.32,18414.785
"9209","1pm",34443.599,27109.653
"9210","1pm",21137.028,19745.552
"9211","1pm",16640.129,8067.019
"9212","1pm",13532.454,10347.399
"9302","1pm",6428.053,0
"9303","1pm",20939.066,18549.419
"9304","1pm",32904.932,16730.737
"9305","1pm",8756.524,6668.003
"9306","1pm",15486.947,6965.945
"9307","1pm",5524.882,0
"9308","1pm",8117.63,5936.026
"9309","1pm",21758.319,13950.175
"9310","1pm",10593.535,8377.663
"9311","1pm",17691.084,10475.67
"9312","1pm",52917.694,45480.023
"9402","1pm",22646.278,12826.562
"9403","1pm",28538.985,21443.362
"9404","1pm",14292.283,8548.224
"9405","1pm",21566.356,10544.351
"9406","1pm",15438.726,21960.914
"9407","1pm",15476.239,15396.603
"9408","1pm",11115.745,10537.025
"9409","1pm",24903.924,17236.019
"9410","1pm",7290.83,4401.261
"9411","1pm",8674.732,5734.85
"9412","1pm",0,4088.586
"9413","1pm",7312.068,4200.096
"9414","1pm",0,5110.422
"9501","1pm",9024.68,12980.282
"9502","1pm",12498.187,11668.81
"9503","1pm",6683.401,0
"9504","1pm",3312.123,6177.003
"9505","1pm",11286.661,7182.234
"9506","1pm",6189.114,4235.921
"9507","1pm",5666.704,6724.828
"9508","1pm",13470.055,6961.83
"9509","1pm",7062.073,0
"9510","1pm",8726.674,5677.174
"9511","1pm",7370.427,6344.181
"9512","1pm",4902.212,2932.437
"9513","1pm",4030.982,0
"7501","2pm",92161.712,99449.75
"7502","2pm",86494.678,93045.154
"7503","2pm",100481.642,115782.913
"7504","2pm",38828.33,37990.875
"7505","2pm",30647.476,32349.193
"7506","2pm",51263.408,37327.025
"7507","2pm",50056.702,41145.738
"7508","2pm",26846.087,31796.222
"7509","2pm",64884.516,57832.009
"7510","2pm",40269.393,43796.651
"7511","2pm",41347.632,38410.022
"7512","2pm",25844.52,27896.099
"7513","2pm",26251.668,23300.448
"7514","2pm",15059.879,20343.214
"7701","2pm",29966.83,20592.335
"7702","2pm",27382.269,24026.402
"7703","2pm",21281.421,7899.565
"7704","2pm",5245.529,7464.82
"7705","2pm",4041.009,0
"7706","2pm",0,0
"7707","2pm",3554.864,0
"7708","2pm",5328.879,6577.946
"7709","2pm",8427.112,3006.737
"7710","2pm",2468.546,5945.637
"7711","2pm",13679.853,8386.907
"7712","2pm",4418.621,4778.334
"7713","2pm",0,0
"7714","2pm",3423.149,6186.397
"7715","2pm",0,0
"7716","2pm",14973.028,11373.975
"7801","2pm",5684.747,4576.624
"7802","2pm",5489.012,5225.281
"7803","2pm",11974.273,16466.36
"7804","2pm",3963.865,0
"7805","2pm",9526.508,7768.411
"7806","2pm",7543.389,7629.899
"7807","2pm",0,3523.243
"7808","2pm",3318.939,0
"7809","2pm",5656.716,4531.712
"7810","2pm",0,0
"7811","2pm",6638.542,0
"7812","2pm",52795.456,31367.243
"7813","2pm",4981.15,2991.992
"7814","2pm",0,0
"7815","2pm",3780.662,2255.321
"7816","2pm",31780.491,22746.056
"9101","2pm",21619.46,16981.242
"9102","2pm",4105.972,4370.767
"9103","2pm",0,4911.128
"9104","2pm",5337.389,3746.444
"9105","2pm",12452.263,6033.855
"9106","2pm",14228.626,5836.336
"9107","2pm",4067.33,4829.972
"9108","2pm",5603.073,6500.361
"9109","2pm",8485.929,8109.956
"9110","2pm",6576.568,3189.966
"9111","2pm",19742.349,12259.602
"9112","2pm",8204.264,3109.104
"9113","2pm",25160.859,20821.69
"9114","2pm",7970.128,5189.57
"9201","2pm",21378.953,18396.506
"9202","2pm",18134.514,10149.353
"9203","2pm",42999.961,43652.841
"9204","2pm",42567.361,39726.487
"9205","2pm",76336.627,73620.839
"9206","2pm",28671.694,25428.386
"9207","2pm",16876.538,17827.371
"9208","2pm",20589.285,18175.859
"9209","2pm",34362.648,29119.96
"9210","2pm",20142.92,21093.122
"9211","2pm",15801.108,9507.083
"9212","2pm",15072.026,10878.562
"9302","2pm",6581.977,4315.879
"9303","2pm",21184.672,20708.876
"9304","2pm",34070.972,16935.126
"9305","2pm",9865.132,5049.095
"9306","2pm",15569.163,7238.743
"9307","2pm",6303.139,0
"9308","2pm",9528.087,7197.408
"9309","2pm",23482.767,13072.134
"9310","2pm",10906.168,9151.725
"9311","2pm",16243.771,8619.71
"9312","2pm",57802.983,47412.912
"9402","2pm",21610.159,13392.326
"9403","2pm",29864.027,22724.667
"9404","2pm",15471.415,7872.459
"9405","2pm",24347.896,11095.588
"9406","2pm",16913.379,22670.217
"9407","2pm",16750.285,16646.83
"9408","2pm",12306.836,9237.557
"9409","2pm",26271.082,16948.534
"9410","2pm",6544.827,5138.476
"9411","2pm",7873.908,5917.854
"9412","2pm",0,4130.736
"9413","2pm",8894.577,5522.134
"9414","2pm",0,5841.383
"9501","2pm",9327.821,13841.294
"9502","2pm",13112.476,12547.514
"9503","2pm",6776.278,0
"9504","2pm",3763.412,6379.141
"9505","2pm",12529.323,7883.374
"9506","2pm",6144.418,4846.273
"9507","2pm",4747.993,8356.697
"9508","2pm",15452.97,8286.631
"9509","2pm",6064.989,0
"9510","2pm",8813.026,7047.209
"9511","2pm",8278.415,6805.484
"9512","2pm",6299.302,2952.499
"9513","2pm",3599.56,0
"7501","3pm",93568.898,102365.941
"7502","3pm",90433.434,104038.922
"7503","3pm",104539.924,120530.506
"7504","3pm",37520.488,41031.344
"7505","3pm",29539.583,31108.314
"7506","3pm",45020.065,39033.1
"7507","3pm",51951.806,45541.914
"7508","3pm",25606.104,36984.255
"7509","3pm",63169.226,59430.454
"7510","3pm",40635.262,44526.727
"7511","3pm",37809.414,39527.711
"7512","3pm",27927.325,28541.574
"7513","3pm",25878.08,22359.728
"7514","3pm",17140.594,21728.69
"7701","3pm",30546.282,22030.407
"7702","3pm",30251.619,26189.765
"7703","3pm",22339.391,8868.203
"7704","3pm",4642.034,8375.361
"7705","3pm",3675.725,0
"7706","3pm",0,0
"7707","3pm",3166.934,0
"7708","3pm",4636.927,7334.861
"7709","3pm",9610.03,4113.348
"7710","3pm",2942.011,4991.29
"7711","3pm",13608.498,10709.146
"7712","3pm",0,5492.165
"7713","3pm",0,0
"7714","3pm",5158.797,7098.891
"7715","3pm",0,0
"7716","3pm",14257.289,13278.426
"7801","3pm",5392.604,5151.423
"7802","3pm",5237.595,5244.125
"7803","3pm",13958.515,17721.998
"7804","3pm",0,0
"7805","3pm",10806.048,9674.774
"7806","3pm",6122.561,7538.02
"7807","3pm",4530.745,3864.115
"7808","3pm",3342.093,0
"7809","3pm",6514.949,8514.219
"7810","3pm",0,0
"7811","3pm",7769.884,0
"7812","3pm",51950.754,36183.968
"7813","3pm",4425.929,3441.252
"7814","3pm",0,0
"7815","3pm",3970.241,2449.709
"7816","3pm",32281.006,23265.432
"9101","3pm",21769.84,17157.081
"9102","3pm",4975.52,5346.098
"9103","3pm",2509.988,4737.954
"9104","3pm",6110.869,3327.275
"9105","3pm",13378.178,7056.749
"9106","3pm",13737.138,4970.058
"9107","3pm",3477.305,3839.525
"9108","3pm",5515.65,6207.365
"9109","3pm",10525.104,7783.017
"9110","3pm",6199.183,2894.592
"9111","3pm",21581.124,11543.742
"9112","3pm",9340.512,4535.864
"9113","3pm",24859.341,20616.398
"9114","3pm",8827.593,5365.89
"9201","3pm",19316.846,19465.99
"9202","3pm",17945.596,9488.631
"9203","3pm",43792.67,44016.971
"9204","3pm",40913.767,39731.447
"9205","3pm",73808.356,73056.505
"9206","3pm",25105.383,26480.098
"9207","3pm",18445.516,15366.858
"9208","3pm",21226.138,21261.866
"9209","3pm",34856.325,28617.076
"9210","3pm",21578.431,19819.257
"9211","3pm",14806.467,9424.354
"9212","3pm",14713.768,11696.542
"9302","3pm",0,4708.198
"9303","3pm",20609.84,21380.677
"9304","3pm",35290.633,17390.314
"9305","3pm",9468.116,4833.337
"9306","3pm",13790.075,10047.312
"9307","3pm",7026.967,0
"9308","3pm",9709.597,7026.401
"9309","3pm",24806.561,12463.106
"9310","3pm",10543.907,7545.877
"9311","3pm",16624.649,9187.113
"9312","3pm",59780.856,49493.649
"9402","3pm",23502.616,13553.178
"9403","3pm",28939.593,21276.477
"9404","3pm",19098.172,8293.092
"9405","3pm",22822.277,11064.713
"9406","3pm",17084.09,24225.028
"9407","3pm",17900.607,16547.667
"9408","3pm",13726.174,12068.649
"9409","3pm",26951.763,16996.276
"9410","3pm",5864,5178.91
"9411","3pm",8830.364,7028.74
"9412","3pm",0,4240.73
"9413","3pm",7303.075,4188.816
"9414","3pm",0,6018.002
"9501","3pm",9628.136,13800.605
"9502","3pm",14332.907,14977.563
"9503","3pm",6348.645,2705.602
"9504","3pm",3817.035,7060.536
"9505","3pm",12543.518,7448.435
"9506","3pm",5200.557,4868.569
"9507","3pm",5009.39,9511.192
"9508","3pm",15139.884,10473.332
"9509","3pm",8513.609,0
"9510","3pm",7489.552,7258.339
"9511","3pm",9147.537,6951.488
"9512","3pm",6839.18,3136.15
"9513","3pm",4038.045,0
"7501","4pm",96717.516,97493.726
"7502","4pm",84571.665,99973.32
"7503","4pm",101065.597,117275.515
"7504","4pm",35854.652,42085.262
"7505","4pm",25118.611,31673.265
"7506","4pm",49107.587,38138.485
"7507","4pm",51958.205,42776.607
"7508","4pm",23187.919,31030.66
"7509","4pm",59913.265,53323.901
"7510","4pm",34009.203,39676.298
"7511","4pm",32943.038,34590.942
"7512","4pm",22340.558,24626.906
"7513","4pm",26700.746,21310.635
"7514","4pm",15294.381,20318.198
"7701","4pm",29326.866,21169.946
"7702","4pm",28966.002,21380.594
"7703","4pm",19443.739,8306.401
"7704","4pm",6432.729,7568.66
"7705","4pm",3675.725,0
"7706","4pm",0,0
"7707","4pm",2562.83,0
"7708","4pm",4633.067,6356.842
"7709","4pm",8831.577,4420.479
"7710","4pm",3304.803,5209.576
"7711","4pm",13519.508,9352.673
"7712","4pm",3931.821,6405.38
"7713","4pm",0,0
"7714","4pm",5560.996,7030.213
"7715","4pm",0,0
"7716","4pm",15608.66,13349.576
"7801","4pm",4412.728,4185.837
"7802","4pm",4450.734,5367.231
"7803","4pm",12625.905,18833.869
"7804","4pm",0,0
"7805","4pm",8569.739,8485.687
"7806","4pm",4970.53,6496.446
"7807","4pm",4619.018,4220.192
"7808","4pm",3224.873,0
"7809","4pm",7856.179,7851.261
"7810","4pm",0,0
"7811","4pm",6906.419,4474.36
"7812","4pm",48343.063,31420.883
"7813","4pm",4506.508,0
"7814","4pm",0,0
"7815","4pm",3568.308,2040.875
"7816","4pm",31453.631,21754.117
"9101","4pm",19681.729,15019.977
"9102","4pm",4717.939,5359.56
"9103","4pm",4182.801,5050.617
"9104","4pm",7557.08,3559.18
"9105","4pm",13098.042,6386.749
"9106","4pm",12962.173,5055.798
"9107","4pm",3269.003,3695.953
"9108","4pm",5970.957,5867.431
"9109","4pm",9146.816,7876.815
"9110","4pm",6505.699,3177.296
"9111","4pm",19363.847,11594.55
"9112","4pm",9700.384,4067.757
"9113","4pm",24224.848,19047.673
"9114","4pm",6814.78,5412.064
"9201","4pm",19733.332,19293.771
"9202","4pm",16284.324,9646.157
"9203","4pm",44478.145,42176.811
"9204","4pm",39803.074,39377.223
"9205","4pm",72304.667,72087.951
"9206","4pm",24063.946,23989.144
"9207","4pm",18250.43,16509.788
"9208","4pm",16826.622,19124.715
"9209","4pm",31047.82,27805.271
"9210","4pm",21165.643,21097.262
"9211","4pm",14139.573,9236.825
"9212","4pm",14629.284,11049.97
"9302","4pm",7758.222,4003.355
"9303","4pm",21005.319,22250.387
"9304","4pm",31241.63,16789.416
"9305","4pm",7844.116,4631.643
"9306","4pm",10636.295,8697.269
"9307","4pm",6951.773,0
"9308","4pm",8086.744,6569.01
"9309","4pm",24323.356,10032.799
"9310","4pm",10602.453,7814.891
"9311","4pm",17710.163,9830.109
"9312","4pm",57065.859,48400.89
"9402","4pm",22545.637,14844.943
"9403","4pm",27189.713,21970.364
"9404","4pm",16669.078,7307.708
"9405","4pm",20130.433,10183.922
"9406","4pm",16746.31,22050.357
"9407","4pm",17139.786,16213.433
"9408","4pm",12825.375,11861.368
"9409","4pm",24021.986,17364.473
"9410","4pm",5236.045,5003.73
"9411","4pm",7633.284,6246.245
"9412","4pm",0,3835.828
"9413","4pm",6370.006,3821.44
"9414","4pm",0,5468.535
"9501","4pm",9659.456,12723.061
"9502","4pm",17044.421,14752.793
"9503","4pm",6430.286,0
"9504","4pm",5546.757,6893.349
"9505","4pm",10905.08,6403.339
"9506","4pm",5904.889,4069.688
"9507","4pm",5431.938,9059.379
"9508","4pm",13497.017,10089.711
"9509","4pm",8782.58,5104.455
"9510","4pm",6497.629,5885.34
"9511","4pm",9141.688,6361.763
"9512","4pm",6716.92,4030.291
"9513","4pm",0,0
"7501","5pm",86095.015,88054.308
"7502","5pm",72116.098,85297.432
"7503","5pm",95578.256,109920.545
"7504","5pm",35799.536,37463.026
"7505","5pm",21418.184,26563.384
"7506","5pm",39170.744,35419.487
"7507","5pm",41286.943,37054.989
"7508","5pm",18612.531,24000.071
"7509","5pm",49565.36,46885.144
"7510","5pm",28273.962,33923.062
"7511","5pm",29740.245,26410.894
"7512","5pm",20585.487,17280.215
"7513","5pm",17764.454,20045.233
"7514","5pm",13796.235,18324.808
"7701","5pm",23173.887,16056.709
"7702","5pm",22373.907,19060.9
"7703","5pm",17547.997,7918.752
"7704","5pm",5469.184,5306.551
"7705","5pm",0,0
"7706","5pm",0,0
"7707","5pm",0,0
"7708","5pm",6649.115,5836.419
"7709","5pm",6899.275,3129.557
"7710","5pm",3519.647,3455.764
"7711","5pm",9236.214,7743.848
"7712","5pm",4066.741,6057.251
"7713","5pm",0,0
"7714","5pm",2198.614,4676.391
"7715","5pm",0,0
"7716","5pm",12565.213,10165.697
"7801","5pm",0,0
"7802","5pm",0,0
"7803","5pm",7947.73,14862.545
"7804","5pm",3571.412,0
"7805","5pm",7464.719,6203.216
"7806","5pm",3727.113,5971.803
"7807","5pm",0,4550.229
"7808","5pm",3394.703,0
"7809","5pm",6726.032,3892.083
"7810","5pm",0,0
"7811","5pm",7654.046,0
"7812","5pm",39346.426,26056.146
"7813","5pm",4193.653,0
"7814","5pm",0,0
"7815","5pm",2270.452,1599.837
"7816","5pm",28457.975,21370.561
"9101","5pm",17319.875,13643.435
"9102","5pm",3531.68,4509.945
"9103","5pm",3728.783,3395.951
"9104","5pm",4681.986,0
"9105","5pm",9525.666,4590.457
"9106","5pm",8236.736,3567.33
"9107","5pm",0,0
"9108","5pm",5057.595,4662.224
"9109","5pm",8449.811,6432.029
"9110","5pm",5212.353,2981.271
"9111","5pm",16230.89,9903.683
"9112","5pm",7383.546,2231.036
"9113","5pm",25245.852,17967.483
"9114","5pm",6993.165,5359.584
"9201","5pm",18250.636,17232.625
"9202","5pm",12617.426,8741.218
"9203","5pm",36966.837,37040.723
"9204","5pm",34605.545,32662.482
"9205","5pm",66496.356,63228.13
"9206","5pm",21413.219,22335.881
"9207","5pm",15812.029,13109.621
"9208","5pm",16830.192,16066.035
"9209","5pm",31819.08,27333.07
"9210","5pm",17135.137,15948.724
"9211","5pm",11512.484,9321.217
"9212","5pm",11923.993,8037.092
"9302","5pm",0,0
"9303","5pm",15644.726,16769.031
"9304","5pm",31832.219,14014.642
"9305","5pm",6769.257,6491.922
"9306","5pm",9070.74,11568.96
"9307","5pm",5602.979,0
"9308","5pm",4999.869,6617.869
"9309","5pm",20516.706,9397.697
"9310","5pm",9624.249,6468.825
"9311","5pm",15193.372,8252.989
"9312","5pm",47440.83,42031.319
"9402","5pm",17868.157,11577.381
"9403","5pm",21168.042,18235.203
"9404","5pm",12091.226,5676.198
"9405","5pm",16367.885,8597.09
"9406","5pm",14610.274,20420.218
"9407","5pm",13592.089,16513.842
"9408","5pm",10021.158,8385.919
"9409","5pm",20750.988,15766.156
"9410","5pm",3204.693,3925.872
"9411","5pm",6688.335,3556.979
"9412","5pm",0,3188.875
"9413","5pm",3249.582,3545.627
"9414","5pm",0,0
"9501","5pm",7583.117,10418.59
"9502","5pm",13233.386,9437.951
"9503","5pm",3673.822,0
"9504","5pm",0,5156.959
"9505","5pm",7740.471,5089.206
"9506","5pm",6552.343,4155.868
"9507","5pm",4627.361,6270.834
"9508","5pm",10211.597,7633.261
"9509","5pm",7657.085,0
"9510","5pm",6795.683,4222.465
"9511","5pm",7725.389,7820.756
"9512","5pm",7289.089,3529.265
"9513","5pm",3264.304,0
"7501","6pm",70741.576,63337.9736
"7502","6pm",51924.617,55925.7329
"7503","6pm",68493.736,70752.6357
"7504","6pm",27534.033,25268.0796
"7505","6pm",23797.418,18775.6475
"7506","6pm",23928.023,26327.0889
"7507","6pm",28229.159,24248.6835
"7508","6pm",16061.126,16253.0339
"7509","6pm",33923.818,36564.9396
"7510","6pm",22694.607,25706.0426
"7511","6pm",25274.543,19474.4255
"7512","6pm",14347.019,14930.3451
"7513","6pm",12118.67,13784.7477
"7514","6pm",6949.476,11618.9309
"7701","6pm",13211.645,12455.2047
"7702","6pm",11225.332,10550.2823
"7703","6pm",14410.525,5041.9887
"7704","6pm",0,4121.8301
"7705","6pm",0,0
"7706","6pm",0,0
"7707","6pm",0,0
"7708","6pm",6778.335,4631.0975
"7709","6pm",3602.231,0
"7710","6pm",0,0
"7711","6pm",5727.542,3890.277
"7712","6pm",0,3120.6501
"7713","6pm",0,0
"7714","6pm",0,2288.3454
"7715","6pm",0,0
"7716","6pm",8141.34,5187.3978
"7801","6pm",0,0
"7802","6pm",0,0
"7803","6pm",8886.304,9651.5058
"7804","6pm",0,0
"7805","6pm",4809.296,4951.3379
"7806","6pm",0,5355.8615
"7807","6pm",0,0
"7808","6pm",0,0
"7809","6pm",4111.696,0
"7810","6pm",0,0
"7811","6pm",6089.24,0
"7812","6pm",28225.956,17741.1824
"7813","6pm",3289.189,4498.5854
"7814","6pm",0,0
"7815","6pm",0,991.5713
"7816","6pm",20144.605,13378.2943
"9101","6pm",11764.462,6402.0734
"9102","6pm",0,0
"9103","6pm",0,2519.2708
"9104","6pm",3872.627,0
"9105","6pm",6980.303,3279.7698
"9106","6pm",4891.401,0
"9107","6pm",0,0
"9108","6pm",0,3302.9858
"9109","6pm",7669.338,5288.4478
"9110","6pm",4667.599,0
"9111","6pm",10998.942,6049.8478
"9112","6pm",4503.705,0
"9113","6pm",18136.81,14281.9282
"9114","6pm",3866.631,0
"9201","6pm",10275.522,7737.8779
"9202","6pm",11212.708,5667.2217
"9203","6pm",32022.071,23724.3977
"9204","6pm",28886.116,19011.4362
"9205","6pm",53898.791,39487.8778
"9206","6pm",15485.295,12934.0467
"9207","6pm",13408.209,9597.1729
"9208","6pm",12787.802,11704.9105
"9209","6pm",22510.189,21267.3684
"9210","6pm",11480.094,12196.6036
"9211","6pm",8121.195,6181.6687
"9212","6pm",7368.034,6281.8465
"9302","6pm",0,0
"9303","6pm",11525.775,10718.3267
"9304","6pm",20263.951,7835.3201
"9305","6pm",4742.199,0
"9306","6pm",6259.003,6372.9099
"9307","6pm",6226.157,0
"9308","6pm",0,3990.7782
"9309","6pm",15078.588,5194.2222
"9310","6pm",5269.692,7023.9091
"9311","6pm",8816.244,0
"9312","6pm",33106.407,27234.5154
"9402","6pm",12845.244,8196.256
"9403","6pm",18326.338,9559.6656
"9404","6pm",6224.004,0
"9405","6pm",12297.64,8431.7051
"9406","6pm",10842.222,11197.1722
"9407","6pm",8271.793,10989.3188
"9408","6pm",6576.663,4378.3928
"9409","6pm",14392.805,11943.9017
"9410","6pm",0,0
"9411","6pm",3691.46,0
"9412","6pm",0,0
"9413","6pm",0,0
"9414","6pm",0,0
"9501","6pm",3933.01,5463.9711
"9502","6pm",8653.274,6400.3605
"9503","6pm",0,0
"9504","6pm",0,0
"9505","6pm",7308.852,0
"9506","6pm",0,0
"9507","6pm",0,5191.6083
"9508","6pm",6466.273,3680.4444
"9509","6pm",5208.929,0
"9510","6pm",0,3553.4661
"9511","6pm",0,4999.4165
"9512","6pm",3925.496,0
"9513","6pm",0,0
"7501","7pm",45795.685,42755.156
"7502","7pm",39286.997,38204.999
"7503","7pm",46061.894,47037.548
"7504","7pm",18875.742,19345.161
"7505","7pm",18241.878,13229.662
"7506","7pm",20128.114,21043.33
"7507","7pm",15276.407,13526.976
"7508","7pm",15762.247,11825.288
"7509","7pm",18606.893,21663.901
"7510","7pm",16156.943,11140.566
"7511","7pm",16765.171,15136.158
"7512","7pm",10591.082,12302.36
"7513","7pm",8758.564,9498.051
"7514","7pm",8384.485,8743.543
"7701","7pm",4972.971,6611.093
"7702","7pm",6113.946,4253.641
"7703","7pm",10015.601,0
"7704","7pm",0,3599.161
"7705","7pm",0,0
"7706","7pm",0,0
"7707","7pm",0,0
"7708","7pm",0,4163.228
"7709","7pm",0,0
"7710","7pm",0,0
"7711","7pm",0,3427.339
"7712","7pm",0,0
"7713","7pm",0,0
"7714","7pm",0,0
"7715","7pm",0,0
"7716","7pm",5542.197,0
"7801","7pm",0,0
"7802","7pm",0,0
"7803","7pm",7715.281,8318.154
"7804","7pm",0,0
"7805","7pm",0,3677.537
"7806","7pm",0,3589.066
"7807","7pm",0,0
"7808","7pm",0,0
"7809","7pm",0,0
"7810","7pm",0,0
"7811","7pm",4621.141,0
"7812","7pm",15291.735,7673.179
"7813","7pm",0,0
"7814","7pm",0,0
"7815","7pm",0,0
"7816","7pm",8709.683,5800.271
"9101","7pm",5824.822,0
"9102","7pm",0,0
"9103","7pm",0,0
"9104","7pm",0,0
"9105","7pm",3325.244,0
"9106","7pm",4091.808,0
"9107","7pm",0,0
"9108","7pm",0,0
"9109","7pm",3814.935,0
"9110","7pm",3099.237,0
"9111","7pm",5638.294,0
"9112","7pm",0,0
"9113","7pm",12835.432,12087.353
"9114","7pm",0,0
"9201","7pm",7348.615,5367.58
"9202","7pm",9749.433,0
"9203","7pm",17928.31,11902.723
"9204","7pm",16426.987,6629.576
"9205","7pm",28653.212,19880.025
"9206","7pm",8915.443,7777.138
"9207","7pm",8310.655,0
"9208","7pm",9407.643,9117.325
"9209","7pm",15907.21,11720.877
"9210","7pm",6046.452,9060.438
"9211","7pm",0,0
"9212","7pm",3834.132,0
"9302","7pm",0,0
"9303","7pm",9419.319,6693.729
"9304","7pm",12579.002,0
"9305","7pm",5210.725,0
"9306","7pm",5236.538,0
"9307","7pm",0,0
"9308","7pm",0,0
"9309","7pm",8434.899,0
"9310","7pm",7515.515,6283.547
"9311","7pm",8656.916,0
"9312","7pm",17601.572,12233.508
"9402","7pm",9070.848,3737.443
"9403","7pm",5255.357,8548.161
"9404","7pm",3618.953,0
"9405","7pm",8983.424,0
"9406","7pm",6992.831,4401.726
"9407","7pm",3395.579,6761.864
"9408","7pm",4169.939,2853.824
"9409","7pm",6936.097,7377.958
"9410","7pm",0,0
"9411","7pm",0,0
"9412","7pm",0,0
"9413","7pm",0,0
"9414","7pm",0,0
"9501","7pm",2843.687,3478.217
"9502","7pm",5334.805,2972.737
"9503","7pm",0,0
"9504","7pm",0,0
"9505","7pm",3247.657,0
"9506","7pm",0,0
"9507","7pm",0,0
"9508","7pm",5522.451,0
"9509","7pm",0,0
"9510","7pm",0,0
"9511","7pm",0,0
"9512","7pm",3488.579,0
"9513","7pm",0,0
"7501","8pm",34120.229,33996.79
"7502","8pm",25563.531,26882.734
"7503","8pm",28932.158,32404.187
"7504","8pm",13366.111,16400.323
"7505","8pm",14341.188,10126.484
"7506","8pm",15278.601,17299.041
"7507","8pm",6423.967,9550.204
"7508","8pm",10413.57,9225.76
"7509","8pm",17249.789,15813.679
"7510","8pm",10623.57,8707.689
"7511","8pm",13653.366,9099.771
"7512","8pm",11028.538,11672.16
"7513","8pm",12111.001,11699.265
"7514","8pm",5946.063,4023.407
"7701","8pm",0,0
"7702","8pm",0,0
"7703","8pm",5745.81,0
"7704","8pm",0,0
"7705","8pm",0,0
"7706","8pm",0,0
"7707","8pm",0,0
"7708","8pm",0,0
"7709","8pm",0,0
"7710","8pm",0,0
"7711","8pm",0,0
"7712","8pm",0,0
"7713","8pm",0,0
"7714","8pm",0,0
"7715","8pm",0,0
"7716","8pm",4118.55,0
"7801","8pm",0,0
"7802","8pm",0,0
"7803","8pm",8144.397,5899.174
"7804","8pm",0,0
"7805","8pm",0,0
"7806","8pm",0,0
"7807","8pm",0,0
"7808","8pm",0,0
"7809","8pm",0,0
"7810","8pm",0,0
"7811","8pm",0,0
"7812","8pm",7881.371,9839.352
"7813","8pm",0,0
"7814","8pm",0,0
"7815","8pm",0,0
"7816","8pm",5376.635,3736.719
"9101","8pm",0,0
"9102","8pm",0,0
"9103","8pm",0,0
"9104","8pm",3053.807,0
"9105","8pm",0,0
"9106","8pm",2649.702,0
"9107","8pm",0,0
"9108","8pm",0,0
"9109","8pm",0,0
"9110","8pm",0,0
"9111","8pm",0,0
"9112","8pm",4282.575,0
"9113","8pm",8351.748,10322.157
"9114","8pm",0,0
"9201","8pm",4577.213,4991.447
"9202","8pm",0,0
"9203","8pm",9982.054,5314.101
"9204","8pm",9571.42,0
"9205","8pm",10657.236,8446.205
"9206","8pm",4323.523,5869.027
"9207","8pm",4632.56,0
"9208","8pm",6928.424,4753.773
"9209","8pm",7813.264,5256.496
"9210","8pm",3923.171,4800.501
"9211","8pm",0,0
"9212","8pm",0,0
"9302","8pm",0,0
"9303","8pm",0,5115.074
"9304","8pm",3994.635,0
"9305","8pm",0,0
"9306","8pm",0,0
"9307","8pm",0,0
"9308","8pm",0,0
"9309","8pm",5817.863,0
"9310","8pm",7090.529,5020.57
"9311","8pm",0,0
"9312","8pm",9840.293,7318.861
"9402","8pm",6346.621,0
"9403","8pm",0,4711.954
"9404","8pm",3181.618,0
"9405","8pm",5613.263,0
"9406","8pm",0,0
"9407","8pm",3110.442,0
"9408","8pm",0,0
"9409","8pm",3943.981,4043.682
"9410","8pm",0,0
"9411","8pm",0,0
"9412","8pm",0,0
"9413","8pm",0,0
"9414","8pm",0,0
"9501","8pm",0,0
"9502","8pm",5284.756,0
"9503","8pm",0,0
"9504","8pm",0,0
"9505","8pm",3005.324,0
"9506","8pm",0,0
"9507","8pm",0,0
"9508","8pm",5632.123,0
"9509","8pm",0,0
"9510","8pm",0,0
"9511","8pm",0,0
"9512","8pm",0,0
"9513","8pm",0,0
"7501","9pm",29621.082,26692.229
"7502","9pm",21053.017,24938.772
"7503","9pm",25955.729,20730.195
"7504","9pm",13858.177,19845.277
"7505","9pm",16466.673,7252.542
"7506","9pm",11329.771,16172.715
"7507","9pm",7533.76,6616.107
"7508","9pm",9818.513,8508.166
"7509","9pm",12333.349,14258.513
"7510","9pm",10368.313,9782.001
"7511","9pm",11104.291,8365.923
"7512","9pm",11653.345,9301.596
"7513","9pm",7059.818,7529.45
"7514","9pm",4865.95,3787.769
"7701","9pm",0,0
"7702","9pm",0,0
"7703","9pm",0,0
"7704","9pm",0,0
"7705","9pm",0,0
"7706","9pm",0,0
"7707","9pm",0,0
"7708","9pm",0,0
"7709","9pm",0,0
"7710","9pm",0,0
"7711","9pm",0,0
"7712","9pm",0,0
"7713","9pm",0,0
"7714","9pm",0,0
"7715","9pm",0,0
"7716","9pm",0,0
"7801","9pm",0,0
"7802","9pm",0,0
"7803","9pm",5600.346,5381.437
"7804","9pm",0,0
"7805","9pm",0,0
"7806","9pm",0,0
"7807","9pm",0,0
"7808","9pm",0,0
"7809","9pm",0,0
"7810","9pm",0,0
"7811","9pm",0,0
"7812","9pm",6227.937,7309.036
"7813","9pm",0,0
"7814","9pm",0,0
"7815","9pm",0,0
"7816","9pm",0,0
"9101","9pm",0,0
"9102","9pm",0,0
"9103","9pm",0,0
"9104","9pm",2798.98,0
"9105","9pm",0,0
"9106","9pm",2595.896,0
"9107","9pm",0,0
"9108","9pm",0,0
"9109","9pm",0,0
"9110","9pm",0,0
"9111","9pm",0,0
"9112","9pm",0,0
"9113","9pm",7680.826,9519.061
"9114","9pm",0,0
"9201","9pm",4055.977,4716.528
"9202","9pm",0,0
"9203","9pm",5843.036,0
"9204","9pm",9025.517,0
"9205","9pm",4895.938,5496.904
"9206","9pm",0,0
"9207","9pm",5192.52,5126.042
"9208","9pm",5191.119,5747.348
"9209","9pm",0,0
"9210","9pm",0,0
"9211","9pm",0,0
"9212","9pm",0,4236.962
"9302","9pm",0,0
"9303","9pm",0,4574.892
"9304","9pm",3938.582,0
"9305","9pm",0,0
"9306","9pm",0,0
"9307","9pm",0,0
"9308","9pm",0,0
"9309","9pm",3590.876,0
"9310","9pm",7450.013,0
"9311","9pm",0,0
"9312","9pm",3812.271,0
"9402","9pm",0,0
"9403","9pm",0,3879.067
"9404","9pm",3090.926,0
"9405","9pm",0,0
"9406","9pm",3650.55,0
"9407","9pm",0,0
"9408","9pm",0,0
"9409","9pm",0,0
"9410","9pm",0,0
"9411","9pm",0,0
"9412","9pm",0,0
"9413","9pm",0,0
"9414","9pm",0,0
"9501","9pm",0,0
"9502","9pm",0,0
"9503","9pm",0,0
"9504","9pm",0,0
"9505","9pm",0,0
"9506","9pm",0,0
"9507","9pm",0,0
"9508","9pm",0,0
"9509","9pm",0,0
"9510","9pm",0,0
"9511","9pm",0,0
"9512","9pm",0,0
"9513","9pm",0,0
"7501","10pm",23806.489,24406.504
"7502","10pm",16167.963,21938.743
"7503","10pm",21963.608,14828.12
"7504","10pm",13212.786,16639.756
"7505","10pm",11434.275,4364.418
"7506","10pm",9926.055,14975.581
"7507","10pm",8015.832,6848.7
"7508","10pm",8305.471,5870.827
"7509","10pm",9058.743,10584.438
"7510","10pm",7794.484,7031.431
"7511","10pm",9458.987,7411.88
"7512","10pm",7418.066,5347.727
"7513","10pm",8597.443,7855.449
"7514","10pm",3821.706,0
"7701","10pm",0,0
"7702","10pm",0,0
"7703","10pm",0,0
"7704","10pm",0,0
"7705","10pm",0,0
"7706","10pm",0,0
"7707","10pm",0,0
"7708","10pm",0,0
"7709","10pm",0,0
"7710","10pm",0,0
"7711","10pm",0,0
"7712","10pm",0,0
"7713","10pm",0,0
"7714","10pm",0,0
"7715","10pm",0,0
"7716","10pm",0,0
"7801","10pm",0,0
"7802","10pm",0,0
"7803","10pm",5796.664,5381.437
"7804","10pm",0,0
"7805","10pm",0,0
"7806","10pm",0,0
"7807","10pm",0,0
"7808","10pm",0,0
"7809","10pm",0,0
"7810","10pm",0,0
"7811","10pm",0,0
"7812","10pm",6720.113,4172.967
"7813","10pm",0,0
"7814","10pm",0,0
"7815","10pm",0,0
"7816","10pm",0,0
"9101","10pm",0,0
"9102","10pm",0,0
"9103","10pm",0,0
"9104","10pm",0,0
"9105","10pm",0,0
"9106","10pm",2595.896,0
"9107","10pm",0,0
"9108","10pm",0,0
"9109","10pm",0,0
"9110","10pm",0,0
"9111","10pm",3007.408,0
"9112","10pm",0,0
"9113","10pm",8287.748,10463.635
"9114","10pm",0,0
"9201","10pm",3572.148,4668.103
"9202","10pm",0,0
"9203","10pm",4154.15,0
"9204","10pm",5151.553,0
"9205","10pm",0,0
"9206","10pm",0,0
"9207","10pm",0,0
"9208","10pm",0,0
"9209","10pm",0,0
"9210","10pm",0,0
"9211","10pm",0,0
"9212","10pm",0,0
"9302","10pm",0,0
"9303","10pm",0,0
"9304","10pm",4204.377,0
"9305","10pm",0,0
"9306","10pm",0,0
"9307","10pm",0,0
"9308","10pm",0,0
"9309","10pm",0,0
"9310","10pm",0,0
"9311","10pm",0,0
"9312","10pm",0,0
"9402","10pm",0,0
"9403","10pm",0,0
"9404","10pm",3253.432,0
"9405","10pm",0,0
"9406","10pm",3646.76,0
"9407","10pm",0,0
"9408","10pm",0,0
"9409","10pm",0,0
"9410","10pm",0,0
"9411","10pm",0,0
"9412","10pm",0,0
"9413","10pm",0,0
"9414","10pm",0,0
"9501","10pm",0,0
"9502","10pm",0,0
"9503","10pm",0,0
"9504","10pm",0,0
"9505","10pm",0,0
"9506","10pm",0,0
"9507","10pm",0,0
"9508","10pm",0,0
"9509","10pm",0,0
"9510","10pm",0,0
"9511","10pm",0,0
"9512","10pm",0,0
"9513","10pm",0,0
"7501","11pm",16011.995,14177.691
"7502","11pm",10499.097,13104.913
"7503","11pm",16674.825,9100.041
"7504","11pm",9718.937,8988.671
"7505","11pm",9909.354,0
"7506","11pm",7728.283,5952.93
"7507","11pm",0,0
"7508","11pm",4849.394,3574.07
"7509","11pm",9308.16,8586.315
"7510","11pm",5579.061,0
"7511","11pm",5445.58,0
"7512","11pm",4936.729,0
"7513","11pm",5530.642,6343.414
"7514","11pm",0,0
"7701","11pm",0,0
"7702","11pm",0,0
"7703","11pm",0,0
"7704","11pm",0,0
"7705","11pm",0,0
"7706","11pm",0,0
"7707","11pm",0,0
"7708","11pm",0,0
"7709","11pm",0,0
"7710","11pm",0,0
"7711","11pm",0,0
"7712","11pm",0,0
"7713","11pm",0,0
"7714","11pm",0,0
"7715","11pm",0,0
"7716","11pm",0,0
"7801","11pm",0,0
"7802","11pm",0,0
"7803","11pm",5299.439,5683.283
"7804","11pm",0,0
"7805","11pm",0,0
"7806","11pm",0,0
"7807","11pm",0,0
"7808","11pm",0,0
"7809","11pm",0,0
"7810","11pm",0,0
"7811","11pm",0,0
"7812","11pm",5430.452,0
"7813","11pm",0,0
"7814","11pm",0,0
"7815","11pm",0,0
"7816","11pm",0,0
"9101","11pm",0,0
"9102","11pm",0,0
"9103","11pm",0,0
"9104","11pm",0,0
"9105","11pm",0,0
"9106","11pm",0,0
"9107","11pm",0,0
"9108","11pm",0,0
"9109","11pm",0,0
"9110","11pm",0,0
"9111","11pm",0,0
"9112","11pm",0,0
"9113","11pm",8475.069,10023.399
"9114","11pm",0,0
"9201","11pm",2917.27,3243.562
"9202","11pm",0,0
"9203","11pm",0,0
"9204","11pm",3698.471,0
"9205","11pm",0,0
"9206","11pm",0,0
"9207","11pm",0,0
"9208","11pm",0,0
"9209","11pm",0,0
"9210","11pm",0,0
"9211","11pm",0,0
"9212","11pm",0,0
"9302","11pm",0,0
"9303","11pm",0,0
"9304","11pm",0,0
"9305","11pm",0,0
"9306","11pm",0,0
"9307","11pm",0,0
"9308","11pm",0,0
"9309","11pm",0,0
"9310","11pm",0,0
"9311","11pm",0,0
"9312","11pm",0,0
"9402","11pm",0,0
"9403","11pm",0,0
"9404","11pm",0,0
"9405","11pm",0,0
"9406","11pm",0,0
"9407","11pm",0,0
"9408","11pm",0,0
"9409","11pm",0,0
"9410","11pm",0,0
"9411","11pm",0,0
"9412","11pm",0,0
"9413","11pm",0,0
"9414","11pm",0,0
"9501","11pm",0,0
"9502","11pm",0,0
"9503","11pm",0,0
"9504","11pm",0,0
"9505","11pm",0,0
"9506","11pm",0,0
"9507","11pm",0,0
"9508","11pm",0,0
"9509","11pm",0,0
"9510","11pm",0,0
"9511","11pm",0,0
"9512","11pm",0,0
"9513","11pm",0,0
"7501","12pm",11582.309,4006.96
"7502","12pm",8246.233,7592.014
"7503","12pm",10175.002,0
"7504","12pm",6019.023,0
"7505","12pm",0,0
"7506","12pm",0,0
"7507","12pm",0,0
"7508","12pm",0,4253.412
"7509","12pm",6393.167,5180.615
"7510","12pm",0,0
"7511","12pm",0,0
"7512","12pm",0,0
"7513","12pm",0,0
"7514","12pm",0,0
"7701","12pm",0,0
"7702","12pm",0,0
"7703","12pm",0,0
"7704","12pm",0,0
"7705","12pm",0,0
"7706","12pm",0,0
"7707","12pm",0,0
"7708","12pm",0,0
"7709","12pm",0,0
"7710","12pm",0,0
"7711","12pm",0,0
"7712","12pm",0,0
"7713","12pm",0,0
"7714","12pm",0,0
"7715","12pm",0,0
"7716","12pm",0,0
"7801","12pm",0,0
"7802","12pm",0,0
"7803","12pm",5299.439,5683.283
"7804","12pm",0,0
"7805","12pm",0,0
"7806","12pm",0,0
"7807","12pm",0,0
"7808","12pm",0,0
"7809","12pm",0,0
"7810","12pm",0,0
"7811","12pm",0,0
"7812","12pm",0,0
"7813","12pm",0,0
"7814","12pm",0,0
"7815","12pm",0,0
"7816","12pm",0,0
"9101","12pm",0,0
"9102","12pm",0,0
"9103","12pm",0,0
"9104","12pm",0,0
"9105","12pm",0,0
"9106","12pm",0,0
"9107","12pm",0,0
"9108","12pm",0,0
"9109","12pm",0,0
"9110","12pm",0,0
"9111","12pm",0,0
"9112","12pm",0,0
"9113","12pm",7539.489,8475.62
"9114","12pm",0,0
"9201","12pm",0,0
"9202","12pm",0,0
"9203","12pm",0,0
"9204","12pm",0,0
"9205","12pm",0,0
"9206","12pm",0,0
"9207","12pm",0,0
"9208","12pm",0,0
"9209","12pm",0,0
"9210","12pm",0,0
"9211","12pm",0,0
"9212","12pm",0,0
"9302","12pm",0,0
"9303","12pm",0,0
"9304","12pm",0,0
"9305","12pm",0,0
"9306","12pm",0,0
"9307","12pm",0,0
"9308","12pm",0,0
"9309","12pm",0,0
"9310","12pm",0,0
"9311","12pm",0,0
"9312","12pm",0,0
"9402","12pm",0,0
"9403","12pm",0,0
"9404","12pm",0,0
"9405","12pm",0,0
"9406","12pm",0,0
"9407","12pm",0,0
"9408","12pm",0,0
"9409","12pm",0,0
"9410","12pm",0,0
"9411","12pm",0,0
"9412","12pm",0,0
"9413","12pm",0,0
"9414","12pm",0,0
"9501","12pm",0,0
"9502","12pm",0,0
"9503","12pm",0,0
"9504","12pm",0,0
"9505","12pm",0,0
"9506","12pm",0,0
"9507","12pm",0,0
"9508","12pm",0,0
"9509","12pm",0,0
"9510","12pm",0,0
"9511","12pm",0,0
"9512","12pm",0,0
"9513","12pm",0,0
"7501","1am",7772.267,0
"7502","1am",0,0
"7503","1am",6232.041,0
"7504","1am",4188.07,0
"7505","1am",0,0
"7506","1am",0,0
"7507","1am",0,0
"7508","1am",0,0
"7509","1am",0,0
"7510","1am",0,0
"7511","1am",0,0
"7512","1am",0,0
"7513","1am",0,0
"7514","1am",0,0
"7701","1am",0,0
"7702","1am",0,0
"7703","1am",0,0
"7704","1am",0,0
"7705","1am",0,0
"7706","1am",0,0
"7707","1am",0,0
"7708","1am",0,0
"7709","1am",0,0
"7710","1am",0,0
"7711","1am",0,0
"7712","1am",0,0
"7713","1am",0,0
"7714","1am",0,0
"7715","1am",0,0
"7716","1am",0,0
"7801","1am",0,0
"7802","1am",0,0
"7803","1am",4614.681,5567.79
"7804","1am",0,0
"7805","1am",0,0
"7806","1am",0,0
"7807","1am",0,0
"7808","1am",0,0
"7809","1am",0,0
"7810","1am",0,0
"7811","1am",0,0
"7812","1am",0,0
"7813","1am",0,0
"7814","1am",0,0
"7815","1am",0,0
"7816","1am",0,0
"9101","1am",0,0
"9102","1am",0,0
"9103","1am",0,0
"9104","1am",0,0
"9105","1am",0,0
"9106","1am",0,0
"9107","1am",0,0
"9108","1am",0,0
"9109","1am",0,0
"9110","1am",0,0
"9111","1am",0,0
"9112","1am",0,0
"9113","1am",7427.621,8475.62
"9114","1am",0,0
"9201","1am",0,0
"9202","1am",0,0
"9203","1am",0,0
"9204","1am",0,0
"9205","1am",0,0
"9206","1am",0,0
"9207","1am",0,0
"9208","1am",0,0
"9209","1am",0,0
"9210","1am",0,0
"9211","1am",0,0
"9212","1am",0,0
"9302","1am",0,0
"9303","1am",0,0
"9304","1am",0,0
"9305","1am",0,0
"9306","1am",0,0
"9307","1am",0,0
"9308","1am",0,0
"9309","1am",0,0
"9310","1am",0,0
"9311","1am",0,0
"9312","1am",0,0
"9402","1am",0,0
"9403","1am",0,0
"9404","1am",0,0
"9405","1am",0,0
"9406","1am",0,0
"9407","1am",0,0
"9408","1am",0,0
"9409","1am",0,0
"9410","1am",0,0
"9411","1am",0,0
"9412","1am",0,0
"9413","1am",0,0
"9414","1am",0,0
"9501","1am",0,0
"9502","1am",0,0
"9503","1am",0,0
"9504","1am",0,0
"9505","1am",0,0
"9506","1am",0,0
"9507","1am",0,0
"9508","1am",0,0
"9509","1am",0,0
"9510","1am",0,0
"9511","1am",0,0
"9512","1am",0,0
"9513","1am",0,0
"7501","2am",6564.148,0
"7502","2am",0,0
"7503","2am",3840.021,0
"7504","2am",0,0
"7505","2am",0,0
"7506","2am",0,0
"7507","2am",0,0
"7508","2am",0,0
"7509","2am",0,0
"7510","2am",0,0
"7511","2am",0,0
"7512","2am",0,0
"7513","2am",0,0
"7514","2am",0,0
"7701","2am",0,0
"7702","2am",0,0
"7703","2am",0,0
"7704","2am",0,0
"7705","2am",0,0
"7706","2am",0,0
"7707","2am",0,0
"7708","2am",0,0
"7709","2am",0,0
"7710","2am",0,0
"7711","2am",0,0
"7712","2am",0,0
"7713","2am",0,0
"7714","2am",0,0
"7715","2am",0,0
"7716","2am",0,0
"7801","2am",0,0
"7802","2am",0,0
"7803","2am",4614.681,5567.79
"7804","2am",0,0
"7805","2am",0,0
"7806","2am",0,0
"7807","2am",0,0
"7808","2am",0,0
"7809","2am",0,0
"7810","2am",0,0
"7811","2am",0,0
"7812","2am",0,0
"7813","2am",0,0
"7814","2am",0,0
"7815","2am",0,0
"7816","2am",0,0
"9101","2am",0,0
"9102","2am",0,0
"9103","2am",0,0
"9104","2am",0,0
"9105","2am",0,0
"9106","2am",0,0
"9107","2am",0,0
"9108","2am",0,0
"9109","2am",0,0
"9110","2am",0,0
"9111","2am",0,0
"9112","2am",0,0
"9113","2am",7578.342,8475.62
"9114","2am",0,0
"9201","2am",0,0
"9202","2am",0,0
"9203","2am",0,0
"9204","2am",0,0
"9205","2am",0,0
"9206","2am",0,0
"9207","2am",0,0
"9208","2am",0,0
"9209","2am",0,0
"9210","2am",0,0
"9211","2am",0,0
"9212","2am",0,0
"9302","2am",0,0
"9303","2am",0,0
"9304","2am",0,0
"9305","2am",0,0
"9306","2am",0,0
"9307","2am",0,0
"9308","2am",0,0
"9309","2am",0,0
"9310","2am",0,0
"9311","2am",0,0
"9312","2am",0,0
"9402","2am",0,0
"9403","2am",0,0
"9404","2am",0,0
"9405","2am",0,0
"9406","2am",0,0
"9407","2am",0,0
"9408","2am",0,0
"9409","2am",0,0
"9410","2am",0,0
"9411","2am",0,0
"9412","2am",0,0
"9413","2am",0,0
"9414","2am",0,0
"9501","2am",0,0
"9502","2am",0,0
"9503","2am",0,0
"9504","2am",0,0
"9505","2am",0,0
"9506","2am",0,0
"9507","2am",0,0
"9508","2am",0,0
"9509","2am",0,0
"9510","2am",0,0
"9511","2am",0,0
"9512","2am",0,0
"9513","2am",0,0
"7501","3am",0,0
"7502","3am",0,0
"7503","3am",3212.301,0
"7504","3am",0,0
"7505","3am",0,0
"7506","3am",0,0
"7507","3am",0,0
"7508","3am",0,0
"7509","3am",0,0
"7510","3am",0,0
"7511","3am",0,0
"7512","3am",0,0
"7513","3am",0,0
"7514","3am",0,0
"7701","3am",0,0
"7702","3am",0,0
"7703","3am",0,0
"7704","3am",0,0
"7705","3am",0,0
"7706","3am",0,0
"7707","3am",0,0
"7708","3am",0,0
"7709","3am",0,0
"7710","3am",0,0
"7711","3am",0,0
"7712","3am",0,0
"7713","3am",0,0
"7714","3am",0,0
"7715","3am",0,0
"7716","3am",0,0
"7801","3am",0,0
"7802","3am",0,0
"7803","3am",4614.681,5567.79
"7804","3am",0,0
"7805","3am",0,0
"7806","3am",0,0
"7807","3am",0,0
"7808","3am",0,0
"7809","3am",0,0
"7810","3am",0,0
"7811","3am",0,0
"7812","3am",0,0
"7813","3am",0,0
"7814","3am",0,0
"7815","3am",0,0
"7816","3am",0,0
"9101","3am",0,0
"9102","3am",0,0
"9103","3am",0,0
"9104","3am",0,0
"9105","3am",0,0
"9106","3am",0,0
"9107","3am",0,0
"9108","3am",0,0
"9109","3am",0,0
"9110","3am",0,0
"9111","3am",0,0
"9112","3am",0,0
"9113","3am",7578.342,8475.62
"9114","3am",0,0
"9201","3am",0,0
"9202","3am",0,0
"9203","3am",0,0
"9204","3am",0,0
"9205","3am",0,0
"9206","3am",0,0
"9207","3am",0,0
"9208","3am",0,0
"9209","3am",0,0
"9210","3am",0,0
"9211","3am",0,0
"9212","3am",0,0
"9302","3am",0,0
"9303","3am",0,0
"9304","3am",0,0
"9305","3am",0,0
"9306","3am",0,0
"9307","3am",0,0
"9308","3am",0,0
"9309","3am",0,0
"9310","3am",0,0
"9311","3am",0,0
"9312","3am",0,0
"9402","3am",0,0
"9403","3am",0,0
"9404","3am",0,0
"9405","3am",0,0
"9406","3am",0,0
"9407","3am",0,0
"9408","3am",0,0
"9409","3am",0,0
"9410","3am",0,0
"9411","3am",0,0
"9412","3am",0,0
"9413","3am",0,0
"9414","3am",0,0
"9501","3am",0,0
"9502","3am",0,0
"9503","3am",0,0
"9504","3am",0,0
"9505","3am",0,0
"9506","3am",0,0
"9507","3am",0,0
"9508","3am",0,0
"9509","3am",0,0
"9510","3am",0,0
"9511","3am",0,0
"9512","3am",0,0
"9513","3am",0,0
