"district","hour","age1","age2","age3","age4"
"001","4am",41.94808,26.396328,25.1643,6.49129
"002","4am",39.905685,21.236918,25.93711,12.920283
"003","4am",28.140146,19.525372,38.31606,14.018422
"004","4am",17.886909,16.817219,46.65245,18.643423
"005","4am",29.094729,19.984169,33.45574,17.465359
"006","4am",40.123094,18.473574,28.08483,13.318498
"007","4am",23.572018,18.390591,41.97249,16.064901
"008","4am",11.142901,16.886358,44.94105,27.029687
"009","4am",15.437824,31.248148,32.64248,20.671543
"010","4am",14.218405,23.237854,42.66324,19.880501
"011","4am",13.966482,20.621803,46.24673,19.164981
"012","4am",14.324585,16.502413,40.28944,28.883557
"013","4am",16.589139,17.755597,50.76866,14.886607
"014","4am",14.054263,19.30847,46.69278,19.944484
"015","4am",15.581553,15.692432,47.05266,21.673352
"016","4am",10.722541,16.239371,54.00626,19.031832
"017","4am",18.957232,16.71643,41.78944,22.536896
"018","4am",26.800224,24.832464,34.47856,13.888747
"019","4am",18.160664,17.826587,47.07864,16.93411
"020","4am",21.928297,19.109487,44.04944,14.912771
"021","4am",23.626398,28.594517,34.16218,13.616907
"022","4am",55.544847,21.914784,16.44926,6.091108
"023","4am",24.630678,24.579047,43.95747,6.832805
"024","4am",19.167897,17.82305,49.93897,13.07008
"025","4am",52.001466,20.26442,21.03542,6.698698
"026","4am",25.197322,21.876299,38.15527,14.771114
"027","4am",11.854385,24.7332,46.14551,17.266907
"028","4am",28.230517,31.68768,29.09393,10.987871
"029","4am",14.541069,17.067091,47.85207,20.539772
"030","4am",13.748315,4.578289,54.32027,27.353124
"031","4am",13.648906,9.44688,51.83116,25.073059
"032","4am",11.187668,18.902982,52.45471,17.454642
"033","4am",13.238907,16.307828,49.90399,20.549278
"034","4am",7.570564,11.723121,55.60367,25.102645
"035","4am",13.54737,13.35666,49.94267,23.153299
"036","4am",11.538316,9.562764,53.65747,25.241448
"037","4am",11.284211,15.585729,53.58274,19.547318
"038","4am",11.479928,11.363671,54.02724,23.129166
"039","4am",16.941733,21.80859,45.54446,15.705217
"040","4am",17.401775,8.757093,53.25055,20.590582
"041","4am",13.941944,13.42891,51.15948,21.46967
"042","4am",14.395906,13.649102,55.34479,16.610201
"043","4am",10.702629,12.47737,51.57701,25.242989
"044","4am",7.509667,10.389291,51.45262,30.648419
"045","4am",13.32869,10.098856,58.90649,17.665961
"046","4am",14.413589,10.767554,54.96572,19.853141
"047","4am",10.981017,10.752932,58.44122,19.824828
"048","4am",15.78108,14.554496,53.26839,16.396037
"049","4am",8.934277,12.570791,60.59748,17.897453
"050","4am",6.720886,17.264379,60.42365,15.591081
"051","4am",12.431844,8.861682,57.03219,21.674283
"052","4am",12.965766,8.723262,60.7601,17.550869
"053","4am",10.054542,12.491312,60.16031,17.293834
"054","4am",13.16136,14.87376,54.45001,17.514869
"055","4am",12.253145,8.511885,62.52627,16.708703
"056","4am",4.99649,8.699344,49.23044,37.073725
"057","4am",13.935028,9.129268,57.45173,19.483976
"058","4am",13.13915,9.263813,56.94158,20.655459
"059","4am",13.132411,13.890171,48.79238,24.185037
"060","4am",10.172964,15.766403,54.68468,19.375958
"061","4am",10.960617,17.860355,54.56355,16.615483
"062","4am",11.250442,9.917019,62.21418,16.618359
"063","4am",11.665902,11.218637,62.3882,14.727257
"064","4am",10.082598,12.271026,56.0882,21.558179
"065","4am",11.016372,15.493101,53.47503,20.015497
"066","4am",13.440389,8.391033,56.59338,21.575195
"067","4am",10.101298,16.235189,52.93616,20.727354
"068","4am",10.312394,5.33589,57.8096,26.542114
"069","4am",5.610393,7.068748,69.46192,17.858943
"070","4am",10.762768,13.224021,53.46771,22.5455
"071","4am",6.174831,21.112744,49.46442,23.248005
"072","4am",10.349522,9.281625,57.33924,23.029615
"073","4am",10.565157,12.782008,45.71594,30.936896
"074","4am",3.265354,16.423649,45.44027,34.870733
"075","4am",15.247893,13.650869,46.82031,24.280929
"076","4am",10.898275,11.251796,48.6611,29.188832
"077","4am",7.639883,17.192627,49.81931,25.348181
"078","4am",10.08291,10.676713,54.83663,24.403745
"079","4am",9.584773,13.188032,52.43252,24.794678
"080","4am",8.29749,9.160672,53.98518,28.556658
"001","5am",40.746189,26.855813,26.00153,6.396466
"002","5am",39.51123,21.026998,26.6692,12.79257
"003","5am",28.449888,19.243723,38.49018,13.816209
"004","5am",17.982671,16.907254,46.36684,18.743235
"005","5am",29.094729,19.984169,33.45574,17.465359
"006","5am",40.123094,18.473574,28.08483,13.318498
"007","5am",23.499213,18.333789,42.15172,16.015283
"008","5am",11.193272,16.962692,44.69216,27.151873
"009","5am",17.300884,29.219771,33.64447,19.834878
"010","5am",14.524055,23.737393,41.43068,20.307867
"011","5am",13.822524,20.409245,46.80079,18.967439
"012","5am",13.854787,16.757178,40.05857,29.329461
"013","5am",16.917885,18.599781,50.03053,14.451809
"014","5am",14.239164,18.575774,46.97818,20.206877
"015","5am",15.723232,15.835118,46.57123,21.870421
"016","5am",10.928086,15.637016,54.03824,19.396662
"017","5am",18.820101,17.311945,41.49408,22.37387
"018","5am",27.183717,24.304419,34.42438,14.087486
"019","5am",18.160664,17.826587,47.07864,16.93411
"020","5am",22.448656,19.562956,42.72174,15.266652
"021","5am",23.760178,28.756428,33.78938,13.69401
"022","5am",54.907523,22.454295,16.61696,6.021218
"023","5am",23.769705,25.52372,44.11261,6.593962
"024","5am",17.824651,17.894776,51.15789,13.122679
"025","5am",51.70009,20.146977,21.49306,6.659876
"026","5am",25.197322,21.876299,38.15527,14.771114
"027","5am",12.061599,24.312811,46.05686,17.568731
"028","5am",28.715538,30.992307,29.27272,11.019432
"029","5am",14.966279,17.030524,47.97449,20.028703
"030","5am",13.748315,4.578289,54.32027,27.353124
"031","5am",13.835708,9.576172,51.17191,25.416215
"032","5am",11.119175,17.884209,53.64884,17.347781
"033","5am",13.191495,16.249426,50.08339,20.475685
"034","5am",7.476901,11.578082,56.15294,24.792073
"035","5am",13.16729,14.412837,49.91615,22.503719
"036","5am",11.431007,9.473828,54.08847,25.006698
"037","5am",11.352649,16.779094,52.20238,19.665872
"038","5am",11.538583,12.194089,53.01999,23.247341
"039","5am",17.051109,21.949386,45.19289,15.806611
"040","5am",17.304116,9.209325,53.01153,20.475027
"041","5am",13.941944,13.42891,51.15948,21.46967
"042","5am",14.564117,13.808587,54.82301,16.804285
"043","5am",10.657077,12.424264,51.78311,25.13555
"044","5am",7.544783,10.437873,51.22561,30.791736
"045","5am",13.508219,9.469395,59.11848,17.90391
"046","5am",14.209717,10.615253,55.6027,19.57233
"047","5am",11.466671,10.326063,57.50565,20.701614
"048","5am",15.78108,14.554496,53.26839,16.396037
"049","5am",9.473229,12.329294,60.64385,17.553626
"050","5am",6.759444,17.363424,60.19661,15.680526
"051","5am",12.751138,8.108077,56.90983,22.230955
"052","5am",13.050624,9.301109,59.98253,17.665735
"053","5am",10.054542,12.491312,60.16031,17.293834
"054","5am",13.309445,14.778745,54.19987,17.711937
"055","5am",12.491946,8.677772,61.79594,17.034338
"056","5am",5.072199,8.83116,48.46116,37.635482
"057","5am",13.762175,9.016027,57.9795,19.242293
"058","5am",13.455904,9.487142,55.90354,21.153414
"059","5am",13.134455,13.892333,48.78441,24.188802
"060","5am",9.963528,15.441813,55.6176,18.977056
"061","5am",11.122467,18.124089,53.89261,16.860835
"062","5am",9.812552,9.943097,63.58229,16.662059
"063","5am",10.942079,10.688893,63.24349,15.125542
"064","5am",10.082598,12.271026,56.0882,21.558179
"065","5am",11.090323,14.925824,53.834,20.149857
"066","5am",13.440389,8.391033,56.59338,21.575195
"067","5am",9.651249,15.154708,53.8461,21.347945
"068","5am",10.581874,5.475326,56.7071,27.235703
"069","5am",5.795453,7.301911,68.45461,18.448022
"070","5am",10.49269,13.833607,53.69395,21.979749
"071","5am",6.28513,19.703614,50.34798,23.663274
"072","5am",10.561433,10.48892,55.44849,23.501157
"073","5am",8.907096,12.911328,46.93168,31.249896
"074","5am",3.350679,16.852806,44.01459,35.78192
"075","5am",15.812942,13.580545,46.45067,24.155844
"076","5am",10.956913,11.312337,48.38487,29.345884
"077","5am",7.681848,17.287063,49.54367,25.487415
"078","5am",10.164436,10.763041,54.47146,24.601065
"079","5am",9.584773,13.188032,52.43252,24.794678
"080","5am",8.421091,9.297132,53.29973,28.982046
"001","6am",40.19755,26.949162,26.54295,6.310339
"002","6am",39.911513,20.226933,26.93938,12.92217
"003","6am",27.795638,18.801184,39.90469,13.498484
"004","6am",18.225389,16.592856,46.18554,18.996219
"005","6am",29.370093,20.91928,32.07997,17.630658
"006","6am",39.690748,18.993253,27.62284,13.693161
"007","6am",23.569064,18.731787,41.63626,16.062888
"008","6am",11.319205,16.028456,45.19499,27.457353
"009","6am",16.718347,29.053284,35.06135,19.167019
"010","6am",14.2389,22.769284,42.32318,20.668632
"011","6am",13.656057,21.75529,45.06869,19.519966
"012","6am",14.030016,16.254308,40.01527,29.700406
"013","6am",17.132942,19.484125,49.54944,13.833493
"014","6am",14.863993,19.62216,45.05027,20.463574
"015","6am",16.196191,16.311443,44.96408,22.528289
"016","6am",10.56224,15.113525,55.57693,18.747307
"017","6am",19.249625,15.385744,42.48013,22.884501
"018","6am",26.357364,24.340683,35.19345,14.108506
"019","6am",17.936883,18.255407,46.73698,17.07073
"020","6am",22.337918,19.220595,44.33194,14.109548
"021","6am",24.419901,28.792538,32.71332,14.074237
"022","6am",54.027834,20.666028,19.22078,6.085356
"023","6am",23.321146,26.279054,43.77202,6.627784
"024","6am",15.923437,17.47037,52.86695,13.739245
"025","6am",51.174991,19.351566,22.88121,6.592234
"026","6am",25.668988,21.256953,38.02645,15.047613
"027","6am",14.056736,23.218282,45.41905,17.305936
"028","6am",27.951048,30.49907,30.82382,10.726063
"029","6am",14.978489,17.293787,46.95598,20.771746
"030","6am",13.468021,5.565413,54.17111,26.79546
"031","6am",13.757504,9.522044,51.00115,25.719299
"032","6am",8.939989,17.913932,56.70925,16.436829
"033","6am",13.508261,15.372053,50.15232,20.967366
"034","6am",7.52853,11.65803,55.85017,24.963266
"035","6am",12.459113,15.277259,50.97023,21.293401
"036","6am",10.890791,11.224133,51.73966,26.145415
"037","6am",9.048187,15.452305,56.00993,19.489577
"038","6am",12.008488,11.976573,51.82086,24.194081
"039","6am",16.519082,21.107454,46.0094,16.364065
"040","6am",17.32123,9.561134,52.62236,20.495277
"041","6am",14.207237,14.379919,49.53464,21.878204
"042","6am",14.927335,13.758263,54.09103,17.223371
"043","6am",9.58141,12.402975,52.92314,25.092479
"044","6am",7.922477,10.960396,48.78395,32.333179
"045","6am",13.924832,8.97235,58.64673,18.456092
"046","6am",12.51897,11.131734,55.82468,20.524614
"047","6am",11.008878,10.463298,57.55108,20.976742
"048","6am",12.138308,14.824989,55.03316,18.003545
"049","6am",7.872537,11.930488,61.88272,18.314258
"050","6am",6.83153,17.120146,59.47262,16.575702
"051","6am",12.101674,7.442483,57.2404,23.215443
"052","6am",9.525385,10.054714,61.7294,18.690502
"053","6am",7.223138,13.469857,61.17019,18.136812
"054","6am",12.848255,14.972016,54.23616,17.943567
"055","6am",10.583066,9.096974,62.46273,17.857225
"056","6am",5.072199,8.83116,48.46116,37.635482
"057","6am",13.146518,9.188871,58.05343,19.611182
"058","6am",12.306574,9.398814,57.33814,20.956471
"059","6am",11.262748,14.919479,47.02663,26.79114
"060","6am",10.248156,14.793649,55.43902,19.519174
"061","6am",12.272065,19.343694,50.38881,17.995433
"062","6am",8.580106,11.428067,62.31448,17.677352
"063","6am",10.635695,11.139929,63.29913,14.925242
"064","6am",9.137931,10.495092,57.68618,22.680797
"065","6am",9.963325,16.829892,51.80753,21.399255
"066","6am",13.720999,8.955071,54.29847,23.025462
"067","6am",8.50147,15.039464,55.27346,21.185605
"068","6am",10.810647,5.593698,56.36093,27.234724
"069","6am",3.642864,7.587412,69.60039,19.16933
"070","6am",10.18671,13.986646,54.48785,21.338793
"071","6am",4.58295,18.995914,52.01668,24.404451
"072","6am",10.610422,11.435238,54.34417,23.610166
"073","6am",8.220192,12.987769,47.09876,31.693278
"074","6am",3.273864,16.466453,44.84684,35.41284
"075","6am",15.906913,14.033804,44.09362,25.965658
"076","6am",9.268964,8.299994,50.26461,32.166429
"077","6am",7.950888,16.074277,49.59478,26.380057
"078","6am",9.372749,11.11947,54.09203,25.415754
"079","6am",9.621884,12.793414,53.27968,24.305025
"080","6am",8.93456,6.010993,54.30525,30.7492
"001","7am",44.550552,21.935809,27.87873,5.634907
"002","7am",35.704994,24.755569,26.06571,13.47373
"003","7am",28.099336,19.745127,39.3904,12.765133
"004","7am",15.352009,17.821701,47.44535,19.380938
"005","7am",34.209385,13.742178,34.7225,17.32594
"006","7am",39.235198,18.92511,27.62243,14.217265
"007","7am",17.888811,19.490136,45.17884,17.442209
"008","7am",10.590829,15.627886,42.71787,31.063419
"009","7am",30.649676,19.765447,34.69483,14.89005
"010","7am",9.849913,23.480167,44.18349,22.48643
"011","7am",11.123289,21.333262,48.82235,18.721096
"012","7am",10.023943,16.138036,40.35107,33.48695
"013","7am",17.854618,17.874093,49.60122,14.670069
"014","7am",9.791671,17.855715,45.58203,26.770585
"015","7am",14.730114,16.448279,41.3333,27.488312
"016","7am",7.679335,18.451851,51.96881,21.900001
"017","7am",29.367605,11.064294,38.41055,21.157555
"018","7am",20.171392,26.4571,38.39877,14.972741
"019","7am",25.276168,15.910211,43.29899,15.514627
"020","7am",10.809545,20.53411,53.33181,15.324536
"021","7am",21.928368,29.206204,32.48697,16.378459
"022","7am",46.489271,22.023711,25.01045,6.476569
"023","7am",28.618081,22.811594,42.33439,6.235935
"024","7am",15.103103,18.304856,53.21213,13.37991
"025","7am",65.495795,12.565144,18.07542,3.863644
"026","7am",20.783037,25.927378,35.28773,18.001856
"027","7am",13.299873,18.887655,52.89204,14.920429
"028","7am",23.386441,27.649388,39.2312,9.732971
"029","7am",12.303143,16.29952,52.64795,18.749391
"030","7am",11.996284,6.780137,54.26275,26.960832
"031","7am",11.934914,10.053441,47.40611,30.605535
"032","7am",5.516023,19.71104,60.24513,14.527811
"033","7am",17.272606,14.350956,46.93333,21.443111
"034","7am",6.340891,13.264918,57.51065,22.883537
"035","7am",9.258671,16.371781,54.48856,19.880991
"036","7am",12.0984,10.068756,49.23008,28.602765
"037","7am",7.085846,18.263075,53.84794,20.803139
"038","7am",12.025997,13.603286,43.98422,30.386498
"039","7am",17.428735,17.671278,47.17191,17.72808
"040","7am",16.577081,11.919639,49.67295,21.830327
"041","7am",11.477483,13.232285,51.21082,24.079414
"042","7am",14.253171,16.204618,48.75917,20.783041
"043","7am",6.275551,15.21506,52.60862,25.900769
"044","7am",8.878536,11.082838,43.67915,36.359477
"045","7am",10.786208,12.301929,55.88768,21.024185
"046","7am",6.153126,11.458423,56.94536,25.443091
"047","7am",8.505045,10.488051,59.32459,21.682318
"048","7am",12.038161,16.417325,52.10076,19.44375
"049","7am",4.371202,15.059852,58.96608,21.602869
"050","7am",7.461425,17.076931,57.17185,18.289799
"051","7am",7.47556,12.136546,52.81724,27.570656
"052","7am",7.604731,12.183404,56.3775,23.834361
"053","7am",3.925738,12.796517,58.26592,25.011828
"054","7am",5.588966,16.974419,55.70832,21.728297
"055","7am",8.596998,9.358138,62.18714,19.857727
"056","7am",4.553259,7.807936,48.39247,39.246335
"057","7am",11.706834,8.982856,56.14207,23.168238
"058","7am",11.625777,8.720327,55.24593,24.407962
"059","7am",8.342024,16.044388,49.06602,26.547567
"060","7am",21.542832,13.207607,48.3076,16.941966
"061","7am",8.528319,21.060735,49.24684,21.164106
"062","7am",8.018924,11.761397,59.38589,20.833791
"063","7am",7.915609,11.619814,63.05984,17.404742
"064","7am",5.180001,10.513304,57.73313,26.573569
"065","7am",6.46133,18.140083,53.10786,22.290723
"066","7am",10.731415,8.514912,53.34533,27.408347
"067","7am",5.424789,12.52885,57.14199,24.90437
"068","7am",8.215527,5.935147,56.95215,28.897176
"069","7am",3.061401,5.014364,71.39134,20.532898
"070","7am",12.041714,14.826098,49.79759,23.334595
"071","7am",3.909595,18.200977,52.21067,25.678753
"072","7am",8.343015,10.932823,53.63093,27.093234
"073","7am",6.980957,13.060702,47.82029,32.138051
"074","7am",5.408845,15.790634,43.56142,35.239097
"075","7am",18.136741,12.379681,45.58343,23.900144
"076","7am",8.407878,7.384014,52.33973,31.868382
"077","7am",7.251358,15.655598,46.69756,30.395485
"078","7am",12.807739,12.284476,49.67694,25.230848
"079","7am",11.517992,11.949534,52.44885,24.083624
"080","7am",8.4228,4.745942,52.72484,34.106414
"001","8am",41.843346,18.212969,35.91746,4.026225
"002","8am",31.198503,23.674408,33.19485,11.932238
"003","8am",22.784145,18.087399,45.27435,13.854108
"004","8am",14.328678,19.059819,46.52376,20.08774
"005","8am",36.498815,10.492207,34.66103,18.347951
"006","8am",41.45522,18.993512,24.33527,15.215997
"007","8am",20.556631,11.12484,48.29413,20.024395
"008","8am",9.16666,16.373915,38.66421,35.795215
"009","8am",30.36673,13.717311,42.9137,13.002258
"010","8am",9.068478,22.136846,48.44597,20.348702
"011","8am",12.599544,21.984421,48.76815,16.647886
"012","8am",9.251319,13.518683,41.42974,35.800256
"013","8am",16.41585,19.360606,51.5693,12.654239
"014","8am",11.626901,20.954165,39.38047,28.038466
"015","8am",16.515262,15.752991,40.13926,27.592488
"016","8am",10.216682,17.56647,51.60725,20.609602
"017","8am",28.705392,11.510965,41.86392,17.919727
"018","8am",16.437099,24.839911,45.25863,13.464355
"019","8am",21.894347,17.449087,47.18029,13.476278
"020","8am",10.409366,20.121821,53.54581,15.923004
"021","8am",20.387784,24.005314,33.65953,21.947376
"022","8am",40.884055,19.542436,32.74171,6.8318
"023","8am",27.363393,21.413822,47.24863,3.974151
"024","8am",13.812943,19.421027,52.53679,14.229239
"025","8am",59.69527,16.228187,21.37755,2.698997
"026","8am",19.986961,21.364704,38.12265,20.525687
"027","8am",13.924887,20.790646,55.91958,9.364887
"028","8am",25.177581,24.765322,42.63073,7.426371
"029","8am",11.815973,15.83706,54.76537,17.581597
"030","8am",22.662332,8.068212,42.85787,26.411587
"031","8am",10.766523,12.939609,42.65001,33.643857
"032","8am",5.469738,18.229875,62.67468,13.625711
"033","8am",22.785817,9.381243,45.11761,22.715331
"034","8am",5.117698,17.304061,61.01715,16.561091
"035","8am",5.508436,18.581555,53.59777,22.312242
"036","8am",8.726136,11.277235,44.80029,35.196343
"037","8am",6.805408,15.598098,54.27947,23.317028
"038","8am",8.230255,16.688835,44.08323,30.997678
"039","8am",12.508485,14.552259,49.0622,23.877057
"040","8am",18.480926,13.86601,48.30813,19.344934
"041","8am",10.836214,14.021907,51.95204,23.18984
"042","8am",15.73993,17.463836,46.20204,20.594195
"043","8am",6.637978,17.023162,50.92106,25.417796
"044","8am",11.309111,9.395167,47.7664,31.529319
"045","8am",12.219358,14.098504,49.09253,24.589608
"046","8am",7.2514,11.830274,52.992,27.926331
"047","8am",7.255198,13.259734,57.38282,22.10225
"048","8am",10.646568,17.501862,48.83506,23.016506
"049","8am",1.03544,15.479596,57.90652,25.578443
"050","8am",11.109201,16.955119,50.45466,21.481016
"051","8am",7.671909,10.394201,49.43155,32.502341
"052","8am",11.174969,10.591737,51.95311,26.280182
"053","8am",2.459709,9.398929,59.97171,28.169648
"054","8am",9.277745,16.566306,50.51464,23.641305
"055","8am",8.374656,9.336089,58.24124,24.048016
"056","8am",5.233275,7.928163,48.03572,38.802841
"057","8am",11.851766,10.296426,52.7675,25.084308
"058","8am",10.574988,6.572165,56.25,26.602846
"059","8am",8.109625,12.2176,51.49865,28.174129
"060","8am",22.739577,16.020276,44.26459,16.975552
"061","8am",8.877736,22.581168,44.24161,24.299482
"062","8am",4.301609,12.256241,58.24838,25.193769
"063","8am",5.305408,11.359658,62.63227,20.702666
"064","8am",4.190785,11.19403,51.42093,33.19426
"065","8am",9.261228,14.980251,51.06749,24.691033
"066","8am",9.639859,11.585388,49.15806,29.616692
"067","8am",3.740083,13.111202,54.02555,29.12316
"068","8am",8.813625,7.515288,55.26144,28.409646
"069","8am",1.946111,6.4709,70.58064,21.002353
"070","8am",12.097064,13.670489,47.95767,26.274782
"071","8am",3.961264,17.270319,54.13879,24.629628
"072","8am",9.536022,14.811545,49.4932,26.159228
"073","8am",6.347279,11.696183,49.04858,32.907963
"074","8am",5.833608,14.443237,47.28562,32.437534
"075","8am",17.963626,12.295676,45.26205,24.478644
"076","8am",8.204698,5.060205,53.52105,33.214045
"077","8am",8.495508,12.603578,46.21604,32.684876
"078","8am",13.030369,13.658976,50.47426,22.836391
"079","8am",13.494485,12.47703,50.37568,23.652802
"080","8am",7.361901,4.621124,47.48754,40.529432
"001","9am",40.683362,19.071031,34.39723,5.848378
"002","9am",25.242176,24.382431,37.13847,13.236925
"003","9am",23.583057,16.11411,42.16102,18.141814
"004","9am",14.04081,18.863976,46.67835,20.416867
"005","9am",36.774756,7.536845,43.85745,11.830949
"006","9am",39.346068,19.876288,25.64405,15.133593
"007","9am",19.764387,11.66618,47.32091,21.248521
"008","9am",8.255775,14.546186,40.24793,36.950113
"009","9am",29.387583,14.973455,42.23498,13.403982
"010","9am",9.764204,16.662607,54.54784,19.025349
"011","9am",11.300734,20.239301,51.70101,16.758951
"012","9am",9.749831,14.48654,39.03888,36.724754
"013","9am",12.144482,21.832651,54.49672,11.526149
"014","9am",9.930948,22.126121,41.73052,26.212406
"015","9am",19.200016,13.688233,34.13321,32.97854
"016","9am",12.010791,19.884419,48.38691,19.717879
"017","9am",28.419192,11.511179,42.12495,17.944683
"018","9am",14.963431,24.186838,47.81196,13.037768
"019","9am",23.278036,18.760373,47.32565,10.635936
"020","9am",6.073581,19.166295,58.89651,15.86361
"021","9am",16.859582,23.111784,37.49443,22.5342
"022","9am",36.670842,18.806795,38.04261,6.479753
"023","9am",27.422784,22.554488,46.84208,3.180646
"024","9am",15.25503,16.667649,50.77657,17.300752
"025","9am",61.804693,16.96733,19.11026,2.117714
"026","9am",12.802097,21.763627,45.45063,19.983648
"027","9am",11.55793,21.835961,59.81315,6.792957
"028","9am",23.21453,22.848039,46.92537,7.012056
"029","9am",10.617085,15.699163,55.9828,17.700955
"030","9am",24.957563,9.184015,40.2649,25.59352
"031","9am",12.643473,13.764374,41.4055,32.186654
"032","9am",4.880213,20.173725,61.43397,13.512095
"033","9am",20.388906,12.015393,47.10825,20.487447
"034","9am",5.202139,18.587967,56.3117,19.898193
"035","9am",7.16124,14.154641,55.85171,22.832405
"036","9am",5.025866,12.991293,46.9772,35.005641
"037","9am",5.575129,18.164562,53.47482,22.785489
"038","9am",6.795114,13.850521,45.6657,33.688665
"039","9am",13.127441,13.461411,49.93908,23.472068
"040","9am",17.724067,11.937029,50.59816,19.740742
"041","9am",9.633322,13.564933,53.70811,23.093636
"042","9am",16.019609,18.787088,37.29987,27.893428
"043","9am",6.683538,16.106092,49.14873,28.061636
"044","9am",10.065222,9.774378,42.46442,37.695982
"045","9am",11.659119,14.202502,47.27393,26.864444
"046","9am",7.871729,10.944079,52.23016,28.954027
"047","9am",8.211435,14.800395,55.19488,21.793291
"048","9am",6.127548,19.621114,46.15924,28.092096
"049","9am",1.131245,17.297329,54.3493,27.222121
"050","9am",10.563994,21.712536,46.35856,21.364908
"051","9am",8.255933,9.58146,49.91498,32.247631
"052","9am",11.146827,12.581861,52.41392,23.857388
"053","9am",5.684855,10.861357,55.43101,28.022779
"054","9am",9.087212,15.916605,51.98816,23.008025
"055","9am",4.096812,11.127879,55.81394,28.961367
"056","9am",6.698372,6.465561,51.00334,35.832729
"057","9am",9.498895,11.766319,52.95813,25.776658
"058","9am",10.693664,8.386658,54.58421,26.335464
"059","9am",7.635674,11.902363,51.41809,29.043868
"060","9am",23.139295,12.422447,46.97466,17.463597
"061","9am",9.458125,22.097205,44.61367,23.830997
"062","9am",4.728977,12.05331,58.00724,25.210471
"063","9am",6.266723,11.409019,59.55447,22.769791
"064","9am",3.124101,8.516463,55.27757,33.081868
"065","9am",9.26827,14.911634,49.75718,26.062913
"066","9am",10.076134,10.712427,49.51282,29.698623
"067","9am",4.483881,12.426224,56.17035,26.919541
"068","9am",8.974319,9.387275,53.39438,28.244025
"069","9am",2.346575,6.321154,69.64941,21.68286
"070","9am",12.048231,14.251913,48.55081,25.149047
"071","9am",4.193062,18.280911,51.13059,26.395438
"072","9am",9.191024,16.371924,48.74047,25.696585
"073","9am",6.006159,12.215036,49.77423,32.004573
"074","9am",6.457228,15.552326,47.20493,30.785515
"075","9am",16.868794,12.485312,47.33257,23.313326
"076","9am",8.465169,5.22085,53.12128,33.192703
"077","9am",8.995444,10.366002,46.11618,34.522375
"078","9am",12.824185,13.340789,52.34576,21.489268
"079","9am",13.981698,13.665662,49.89341,22.459229
"080","9am",6.308118,5.752214,49.76193,38.177738
"001","10am",39.797751,18.32681,33.65879,8.216653
"002","10am",22.021021,21.972158,40.41454,15.592282
"003","10am",22.089735,17.046905,45.17591,15.687454
"004","10am",12.786734,15.82648,50.74867,20.638118
"005","10am",39.748053,11.87359,36.7306,11.647757
"006","10am",35.635929,21.79029,28.04066,14.533123
"007","10am",20.22029,7.676148,46.49611,25.607452
"008","10am",6.85373,14.675437,36.3819,42.088935
"009","10am",28.52325,16.434488,42.1602,12.882057
"010","10am",7.743457,16.239544,55.10042,20.916575
"011","10am",11.037311,21.44665,51.05604,16.459997
"012","10am",9.685969,16.703398,38.33995,35.270678
"013","10am",12.048384,18.567353,57.3378,12.046461
"014","10am",10.799079,23.857431,38.88073,26.462759
"015","10am",18.268291,10.722536,37.79381,33.21536
"016","10am",12.314987,17.278946,50.17192,20.234145
"017","10am",26.175055,11.874524,43.28531,18.665113
"018","10am",17.405078,22.626883,46.0742,13.893841
"019","10am",22.398045,16.18674,49.79585,11.619366
"020","10am",10.080371,22.476348,54.67428,12.768997
"021","10am",17.411193,23.672663,39.29578,19.620359
"022","10am",34.710389,16.592058,41.5635,7.134048
"023","10am",25.02212,24.555059,46.76148,3.661345
"024","10am",16.848848,16.735209,51.81338,14.602568
"025","10am",64.96404,15.179635,17.90991,1.946411
"026","10am",7.835792,21.593576,51.25012,19.320516
"027","10am",11.71722,21.713691,60.93114,5.637944
"028","10am",23.024093,22.619976,46.24613,8.109796
"029","10am",11.744171,19.608866,53.28434,15.362627
"030","10am",24.778887,5.831069,42.74486,26.645186
"031","10am",10.609476,16.07968,42.05203,31.25881
"032","10am",5.696353,16.799636,60.41617,17.087842
"033","10am",19.842886,14.535471,46.03379,19.587849
"034","10am",4.281255,18.591748,56.07595,21.051051
"035","10am",8.837165,14.042061,54.19318,22.927598
"036","10am",4.152141,14.49837,45.04843,36.30106
"037","10am",6.461931,19.449062,53.23973,20.84928
"038","10am",8.502267,12.225239,43.35318,35.919317
"039","10am",13.358127,12.584813,53.28059,20.776467
"040","10am",16.651695,12.032575,50.21967,21.096061
"041","10am",9.482312,12.055372,56.43782,22.024495
"042","10am",16.34199,18.183586,39.20744,26.26698
"043","10am",6.872225,16.391167,49.09659,27.640021
"044","10am",9.000746,9.790467,45.74482,35.463967
"045","10am",13.214136,14.307747,46.69145,25.786664
"046","10am",8.003522,12.074038,52.29122,27.631217
"047","10am",7.425351,15.319663,53.10038,24.154608
"048","10am",4.778328,19.693732,47.22212,28.305822
"049","10am",2.704611,17.798664,52.22956,27.267162
"050","10am",9.472218,22.142247,48.57689,19.808648
"051","10am",6.916994,11.620295,46.64814,34.814577
"052","10am",11.801784,13.321136,51.014,23.863077
"053","10am",5.886069,13.061158,55.87084,25.181932
"054","10am",8.275464,19.118796,49.75281,22.85293
"055","10am",4.293967,13.670932,56.75788,25.277223
"056","10am",8.080524,5.812126,50.79732,35.310033
"057","10am",8.229621,11.756601,55.10363,24.91015
"058","10am",9.840505,10.130018,53.4665,26.562982
"059","10am",8.076393,10.196099,51.84326,29.884245
"060","10am",22.399836,9.925893,49.50816,18.166106
"061","10am",9.152285,22.080298,45.39346,23.373959
"062","10am",4.778544,12.179645,57.78094,25.260875
"063","10am",6.3622,11.582842,58.17562,23.87934
"064","10am",4.004959,8.846536,53.73218,33.416329
"065","10am",10.49208,13.906176,50.313,25.28874
"066","10am",9.502423,12.577333,49.22662,28.69362
"067","10am",4.546572,10.23219,55.5099,29.711341
"068","10am",7.856125,9.279892,53.44897,29.415016
"069","10am",2.209254,7.195762,72.51837,18.076616
"070","10am",12.136233,16.216719,48.32572,23.321324
"071","10am",4.213354,19.005544,50.31036,26.470743
"072","10am",9.555467,14.60002,48.60285,27.241658
"073","10am",6.744372,11.827913,50.36396,31.063753
"074","10am",6.367586,15.336422,47.01369,31.282307
"075","10am",16.867512,13.034207,45.34702,24.751264
"076","10am",8.757909,6.60919,52.56105,32.071851
"077","10am",9.216122,11.470055,43.50809,35.805738
"078","10am",11.705833,14.570261,51.97052,21.75339
"079","10am",14.481949,12.595553,49.90869,23.013806
"080","10am",6.085231,5.548969,51.97909,36.386706
"001","11am",40.235874,18.262169,35.12145,6.380511
"002","11am",25.499659,24.927914,38.26941,11.303021
"003","11am",21.567858,16.186796,47.61511,14.630238
"004","11am",14.245129,15.233857,48.32,22.201016
"005","11am",36.18196,10.77235,35.98669,17.058999
"006","11am",34.189031,21.967235,29.04652,14.797212
"007","11am",18.908154,7.077996,48.19035,25.823504
"008","11am",7.529362,15.939788,35.85266,40.67819
"009","11am",28.603356,16.082163,41.6067,13.707778
"010","11am",7.091346,19.568067,51.70908,21.631505
"011","11am",12.047207,21.771627,48.17019,18.010973
"012","11am",11.294701,16.070867,37.33548,35.298953
"013","11am",10.894714,20.545915,55.93339,12.625986
"014","11am",10.505891,23.14075,40.53251,25.82085
"015","11am",17.933332,12.059859,40.82433,29.182477
"016","11am",10.963099,15.56409,50.081,23.391812
"017","11am",27.724755,12.538097,42.68409,17.05306
"018","11am",16.43469,22.746426,46.6654,14.153488
"019","11am",25.019193,17.632038,48.24253,9.106238
"020","11am",10.178528,17.796235,55.97652,16.048719
"021","11am",19.51204,21.018435,38.8221,20.647421
"022","11am",37.809373,14.343497,39.52705,8.320083
"023","11am",24.932593,22.55237,47.64112,4.873916
"024","11am",17.440202,16.911361,49.97877,15.669667
"025","11am",61.349175,16.715575,20.2126,1.722649
"026","11am",10.028047,20.372404,52.11983,17.479714
"027","11am",12.016913,22.451556,58.30561,7.225924
"028","11am",23.04289,23.340809,44.8705,8.745796
"029","11am",10.277671,17.211957,56.4656,16.044771
"030","11am",27.038749,10.134065,37.31428,25.512908
"031","11am",9.776263,13.614661,46.05085,30.558222
"032","11am",6.25268,17.672008,60.7844,15.290907
"033","11am",19.715154,13.397127,44.79996,22.087756
"034","11am",4.590278,22.577384,52.9622,19.870139
"035","11am",9.620082,14.309428,57.77059,18.299902
"036","11am",4.169089,13.306291,48.54947,33.975146
"037","11am",6.238934,19.512286,52.11346,22.13532
"038","11am",9.717597,12.45767,42.04534,35.779392
"039","11am",11.228162,15.402733,54.86311,18.505995
"040","11am",16.402379,12.200655,49.95639,21.44058
"041","11am",9.317834,11.809672,58.08256,20.789939
"042","11am",16.019896,13.980009,41.57245,28.427648
"043","11am",7.821288,16.790578,50.17416,25.213973
"044","11am",10.163376,14.002618,44.82867,31.005337
"045","11am",10.867518,15.933551,46.20259,26.996337
"046","11am",10.067566,11.627844,50.0823,28.222287
"047","11am",8.5455,17.248342,54.91382,19.292339
"048","11am",5.720217,20.898207,46.55641,26.825169
"049","11am",1.152418,17.621068,55.0747,26.151818
"050","11am",10.653956,17.963156,52.33144,19.051446
"051","11am",8.419229,11.003082,48.48357,32.094115
"052","11am",12.103987,13.662245,48.40106,25.832711
"053","11am",5.710258,13.196406,56.86841,24.224931
"054","11am",8.157198,16.461578,52.51393,22.867293
"055","11am",5.859998,9.400795,59.71086,25.028348
"056","11am",8.128072,7.796042,47.68471,36.391177
"057","11am",6.055338,16.212945,56.23224,21.499479
"058","11am",10.459473,9.306203,53.26546,26.968859
"059","11am",7.719258,11.146381,52.92654,28.207822
"060","11am",24.183811,11.235784,45.85702,18.72339
"061","11am",8.443257,23.108869,45.33762,23.110258
"062","11am",4.433601,14.253959,55.74885,25.563587
"063","11am",5.786209,10.534208,60.32943,23.350151
"064","11am",3.877457,10.663789,50.15474,35.304016
"065","11am",10.910537,14.460798,48.12401,26.504653
"066","11am",8.098326,13.255765,50.091,28.554912
"067","11am",4.821728,8.324232,58.21736,28.636679
"068","11am",7.732704,9.134103,54.32058,28.812612
"069","11am",3.411041,6.153668,71.23354,19.201749
"070","11am",11.8506,14.940179,48.18235,25.026875
"071","11am",3.724589,20.403433,50.41362,25.458357
"072","11am",9.55839,15.691511,48.00366,26.746437
"073","11am",8.982485,10.612785,47.56526,32.839467
"074","11am",5.320444,17.574956,45.18911,31.915489
"075","11am",17.244047,12.668001,46.82355,23.264401
"076","11am",8.937992,6.745091,52.11433,32.202583
"077","11am",8.53085,10.617189,44.54523,36.306732
"078","11am",13.062376,13.655526,53.76137,19.520729
"079","11am",14.563151,11.081995,50.31433,24.040521
"080","11am",6.20497,4.382351,52.30999,37.102686
"001","12am",41.3771734,19.195539,34.98249,4.444794
"002","12am",31.0365492,21.303324,37.54543,10.1147
"003","12am",24.6665051,17.250727,44.56187,13.520899
"004","12am",13.4561599,15.046918,50.37925,21.117668
"005","12am",30.4132757,12.974507,37.92506,18.687162
"006","12am",36.4254742,17.983218,30.16276,15.428549
"007","12am",21.1712782,10.057369,45.89692,22.874429
"008","12am",7.6309177,13.981489,42.71604,35.671556
"009","12am",25.7362399,16.410039,43.54325,14.310475
"010","12am",7.4277878,18.247177,50.6606,23.66444
"011","12am",13.5303978,19.6592,48.7134,18.097
"012","12am",10.9567601,16.945761,38.73079,33.366688
"013","12am",12.3621556,15.871726,57.61218,14.153936
"014","12am",7.2490747,23.641039,42.54813,26.561758
"015","12am",15.8290979,13.979515,40.42089,29.770499
"016","12am",8.633496,14.687128,56.06018,20.619197
"017","12am",28.3626954,10.50985,43.56402,17.563434
"018","12am",14.3606072,20.619362,49.43017,15.58986
"019","12am",22.2087676,18.413594,47.88107,11.496567
"020","12am",20.8339066,17.795764,45.25505,16.115283
"021","12am",19.9666573,24.860895,32.31139,22.861062
"022","12am",38.1091671,16.776609,36.88074,8.233484
"023","12am",24.6871169,22.468343,47.51972,5.32482
"024","12am",15.9337224,16.994569,52.92315,14.14856
"025","12am",61.1830849,17.133392,19.45925,2.224274
"026","12am",12.4557236,20.504139,50.06768,16.97246
"027","12am",12.5663941,21.307373,57.1472,8.979033
"028","12am",27.1422072,24.049782,41.2633,7.544708
"029","12am",10.8149321,20.8464,50.0629,18.275764
"030","12am",24.3628119,8.468472,42.66417,24.504543
"031","12am",11.6952809,11.838854,48.43043,28.035438
"032","12am",6.9425886,19.767233,58.30484,14.985335
"033","12am",18.4166905,14.928218,46.12912,20.525975
"034","12am",4.515847,27.723265,47.07663,20.684259
"035","12am",11.2996596,16.558563,51.5188,20.622979
"036","12am",1.6952718,14.08591,52.37675,31.842067
"037","12am",4.8297836,18.16573,55.35848,21.646007
"038","12am",11.0672455,13.397604,45.2832,30.251948
"039","12am",13.6365117,12.827898,52.42252,21.113066
"040","12am",15.1859877,13.30124,51.84581,19.666961
"041","12am",12.6710007,13.799005,52.51981,21.010181
"042","12am",17.9384062,15.571574,43.01568,23.474336
"043","12am",7.7831904,16.140262,53.93204,22.144512
"044","12am",11.268895,12.913086,45.38043,30.437584
"045","12am",9.4531697,12.59262,49.69695,28.257263
"046","12am",9.4941068,8.540689,55.35049,26.614715
"047","12am",9.0196401,19.590957,49.34204,22.047363
"048","12am",6.3117549,23.393235,47.26205,23.032956
"049","12am",0.9992941,16.537382,60.98274,21.480583
"050","12am",10.4371919,18.472084,51.65449,19.436236
"051","12am",9.9393749,12.931983,46.80876,30.319878
"052","12am",8.2405541,13.107276,54.38961,24.262561
"053","12am",5.2873081,10.423649,58.13622,26.15282
"054","12am",8.6541525,18.229832,51.24948,21.866537
"055","12am",6.5535392,8.319041,59.18773,25.939685
"056","12am",6.7179525,7.032266,48.40437,37.845408
"057","12am",7.8938916,13.568133,53.91884,24.619138
"058","12am",9.3301761,9.018121,53.13369,28.518017
"059","12am",6.9969642,11.052386,51.61556,30.335085
"060","12am",22.4347882,11.978921,47.67207,17.914219
"061","12am",8.3737531,23.587324,45.78844,22.250486
"062","12am",7.1665556,11.596583,55.2718,25.965061
"063","12am",5.8311463,10.629658,60.92189,22.617306
"064","12am",3.6149903,13.255938,49.89209,33.236979
"065","12am",10.5758541,14.01721,49.06281,26.344129
"066","12am",8.6669724,14.009996,50.5373,26.785731
"067","12am",4.4762116,14.420853,54.31073,26.792203
"068","12am",5.1243719,8.834697,57.39372,28.647212
"069","12am",3.4441052,4.622901,69.48119,22.451808
"070","12am",11.5167053,14.709916,49.47251,24.300864
"071","12am",3.6734416,19.169815,52.04799,25.10875
"072","12am",9.1325921,14.16455,51.78199,24.920871
"073","12am",8.9983434,11.796587,47.36844,31.836632
"074","12am",3.9522521,16.627046,48.46867,30.952029
"075","12am",18.8303893,12.057171,41.94378,27.168662
"076","12am",12.6480924,6.178582,50.11061,31.062715
"077","12am",8.1086855,10.091779,46.11822,35.681315
"078","12am",12.581142,14.187061,51.43088,21.800913
"079","12am",13.6988353,10.759617,52.20037,23.341177
"080","12am",7.900933,4.093056,52.59329,35.412722
"001","1pm",39.938325,20.171689,35.11383,4.776153
"002","1pm",23.345671,23.127771,40.39279,13.133771
"003","1pm",21.837355,15.132189,49.96494,13.065516
"004","1pm",15.748759,15.399157,46.7592,22.092888
"005","1pm",34.402833,12.764933,37.63349,15.19874
"006","1pm",36.4463,20.906894,27.48319,15.163617
"007","1pm",25.592841,9.115995,41.40169,23.88947
"008","1pm",7.488617,12.644626,47.50271,32.364044
"009","1pm",27.670331,17.388748,41.60549,13.335433
"010","1pm",5.731366,20.199888,47.91749,26.151252
"011","1pm",14.688231,23.361702,44.71775,17.232315
"012","1pm",12.696598,14.496034,40.54335,32.264017
"013","1pm",11.982502,18.399729,56.27702,13.340749
"014","1pm",8.174755,23.55705,42.52724,25.740956
"015","1pm",18.259181,13.911807,40.56374,27.265273
"016","1pm",9.409765,12.432876,55.47219,22.685164
"017","1pm",27.192936,11.005788,45.72687,16.074401
"018","1pm",14.100881,22.654616,48.70297,14.541533
"019","1pm",23.964708,17.335292,46.74736,11.952643
"020","1pm",13.69212,19.196726,49.34115,17.770007
"021","1pm",14.362612,26.988191,32.76963,25.879563
"022","1pm",34.844192,17.557902,39.40314,8.194767
"023","1pm",26.543853,20.686618,47.48884,5.280689
"024","1pm",13.891348,18.363098,55.08742,12.658136
"025","1pm",61.942831,15.161254,20.3522,2.543718
"026","1pm",15.301183,20.796543,47.40115,16.501121
"027","1pm",11.473098,21.817051,57.9664,8.743447
"028","1pm",31.881896,20.015882,41.05983,7.042391
"029","1pm",7.514114,17.952954,55.06369,19.469238
"030","1pm",26.386,8.148756,37.7321,27.733141
"031","1pm",6.519681,14.387368,44.29148,34.801467
"032","1pm",7.009403,17.555115,59.13345,16.30203
"033","1pm",19.515658,14.878768,43.69382,21.911755
"034","1pm",5.164535,21.245278,54.7439,18.846287
"035","1pm",10.760432,14.037104,54.66721,20.535257
"036","1pm",5.711259,12.858252,50.65967,30.770815
"037","1pm",7.96881,17.717295,50.23443,24.079468
"038","1pm",12.737892,12.069191,46.36714,28.82578
"039","1pm",13.475968,13.682802,53.14736,19.693875
"040","1pm",12.64623,12.907079,54.15237,20.294321
"041","1pm",13.404937,12.383755,52.90596,21.30535
"042","1pm",17.390321,22.557432,40.48399,19.568256
"043","1pm",11.265196,16.813408,50.68517,21.236229
"044","1pm",11.277926,9.509022,50.00858,29.204468
"045","1pm",9.076341,13.270633,51.69182,25.961206
"046","1pm",5.971103,11.435552,55.5708,27.022546
"047","1pm",8.887331,19.257463,52.03075,19.824455
"048","1pm",8.638613,24.869334,44.54571,21.946341
"049","1pm",3.01921,18.950939,56.51762,21.51223
"050","1pm",11.585801,19.911131,44.45988,24.043187
"051","1pm",10.393672,12.428671,44.44347,32.734186
"052","1pm",8.614551,13.702147,52.31959,25.363714
"053","1pm",3.434574,10.489722,57.36656,28.709144
"054","1pm",9.795567,16.59536,52.50335,21.105723
"055","1pm",6.406962,8.132976,61.03497,24.425092
"056","1pm",5.770543,6.988389,49.78475,37.456317
"057","1pm",8.957384,15.004043,54.20882,21.829756
"058","1pm",10.57411,5.417502,54.93035,29.078042
"059","1pm",10.631636,8.19757,51.94215,29.228645
"060","1pm",23.277258,15.39159,43.64684,17.684314
"061","1pm",7.054083,20.117558,48.33093,24.497433
"062","1pm",7.060102,12.936385,53.54201,26.461501
"063","1pm",4.618358,8.517478,61.75644,25.107724
"064","1pm",3.699979,13.923228,48.59282,33.783977
"065","1pm",11.391763,12.150602,50.938,25.519631
"066","1pm",8.910573,13.101182,51.34338,26.644865
"067","1pm",3.394169,13.731353,56.44968,26.424801
"068","1pm",5.631208,9.708511,56.61545,28.044826
"069","1pm",4.869292,8.513708,65.26889,21.348107
"070","1pm",11.954362,12.292462,50.00245,25.750726
"071","1pm",3.634667,22.93615,46.75751,26.67167
"072","1pm",9.233341,10.391572,53.86537,26.509721
"073","1pm",8.093602,11.581039,46.70747,33.617884
"074","1pm",4.579657,16.746161,47.9643,30.709877
"075","1pm",16.921649,12.474513,46.70202,23.901823
"076","1pm",9.49285,6.024836,53.68527,30.797042
"077","1pm",8.135858,10.125597,45.44176,36.296782
"078","1pm",10.115996,15.168076,54.4416,20.274326
"079","1pm",14.898518,10.702976,50.36047,24.038033
"080","1pm",7.873763,4.07898,53.10003,34.947223
"001","2pm",36.869425,20.735629,37.59921,4.795734
"002","2pm",22.905575,23.062997,37.48898,16.542452
"003","2pm",20.86382,16.473693,48.81427,13.848216
"004","2pm",14.21411,15.59278,47.92245,22.270664
"005","2pm",31.689821,9.557521,41.58844,17.164217
"006","2pm",36.510993,18.149838,30.23328,15.105885
"007","2pm",29.778373,11.920252,38.3737,19.927675
"008","2pm",5.518814,15.301408,44.46279,34.716988
"009","2pm",29.100728,17.932415,39.41259,13.554262
"010","2pm",7.027602,16.965013,47.73489,28.272493
"011","2pm",14.313087,23.381816,43.87122,18.433878
"012","2pm",9.123387,13.801462,42.6404,34.434751
"013","2pm",11.371153,19.775566,55.34676,13.506522
"014","2pm",12.367994,19.67552,46.10612,21.850367
"015","2pm",18.780755,12.532135,41.81146,26.875655
"016","2pm",10.663116,15.553941,52.05672,21.726223
"017","2pm",25.993657,11.455254,46.69589,15.855204
"018","2pm",17.230876,24.982072,41.60391,16.183142
"019","2pm",22.846046,17.83624,47.30148,12.016236
"020","2pm",10.130517,24.922521,50.32223,14.62473
"021","2pm",16.750651,26.664753,34.32204,22.262552
"022","2pm",32.744753,20.267281,37.6689,9.319066
"023","2pm",26.436451,21.52599,47.6514,4.386158
"024","2pm",15.878458,15.546506,54.289,14.286037
"025","2pm",61.574644,16.010172,20.66092,1.754263
"026","2pm",12.448987,18.335122,52.54957,16.666318
"027","2pm",11.683967,22.506136,57.5813,8.228601
"028","2pm",31.248117,17.862167,42.21221,8.677509
"029","2pm",7.860788,16.001774,56.36092,19.776514
"030","2pm",24.613366,11.101155,38.15631,26.129165
"031","2pm",7.218405,17.701984,44.52997,30.549638
"032","2pm",6.974828,19.329627,57.87843,15.817115
"033","2pm",20.003526,13.987676,43.26671,22.742085
"034","2pm",6.367336,24.950323,50.45617,18.226175
"035","2pm",8.71565,14.472797,56.00192,20.809636
"036","2pm",6.46965,14.062088,46.81389,32.654367
"037","2pm",9.738676,17.336674,51.23091,21.693737
"038","2pm",9.636329,12.11431,45.14443,33.104931
"039","2pm",14.780599,13.588185,52.20869,19.422522
"040","2pm",14.309871,12.998845,51.60984,21.081448
"041","2pm",12.751191,12.787958,55.90774,18.553115
"042","2pm",16.351891,14.654831,47.35442,21.638855
"043","2pm",8.334961,18.761788,49.25258,23.650673
"044","2pm",10.472297,9.907147,48.59036,31.030196
"045","2pm",9.113823,13.427772,52.68192,24.776489
"046","2pm",5.889106,13.145031,55.04082,25.925043
"047","2pm",9.520807,17.143202,50.58043,22.75556
"048","2pm",8.302244,23.276378,48.27097,20.150409
"049","2pm",3.606216,14.39496,59.32215,22.676672
"050","2pm",10.975546,18.862359,44.59855,25.563545
"051","2pm",9.519128,12.106726,43.42098,34.953163
"052","2pm",8.494642,13.511423,54.62304,23.370896
"053","2pm",3.440407,9.818554,58.06397,28.677072
"054","2pm",9.898808,16.962177,53.07224,20.066771
"055","2pm",5.107569,6.960904,63.49514,24.436385
"056","2pm",6.913686,6.764728,48.18611,38.135479
"057","2pm",8.011782,12.129756,63.32925,16.52921
"058","2pm",8.948086,5.925986,57.66813,27.457797
"059","2pm",13.015329,7.188626,54.13332,25.662729
"060","2pm",23.053207,17.147704,42.66669,17.1324
"061","2pm",2.204385,21.428288,52.99572,23.371611
"062","2pm",8.633346,11.065346,54.83468,25.466626
"063","2pm",3.093292,9.055352,58.38528,29.466076
"064","2pm",5.001953,10.904065,46.52394,37.570043
"065","2pm",9.886067,12.237364,52.27834,25.598225
"066","2pm",7.765921,14.418764,51.62198,26.193331
"067","2pm",3.164902,13.330607,54.14841,29.356079
"068","2pm",5.834085,10.058281,55.30496,28.802678
"069","2pm",6.902001,8.507391,67.23122,17.35939
"070","2pm",11.460549,10.96724,55.73604,21.83617
"071","2pm",4.153632,20.194638,47.1196,28.532126
"072","2pm",7.217462,11.269218,55.23862,26.274704
"073","2pm",8.659379,14.248579,45.28016,31.811877
"074","2pm",6.142892,15.33502,47.50636,31.015728
"075","2pm",18.142591,11.40108,45.96499,24.491334
"076","2pm",6.943267,7.475075,54.20775,31.373913
"077","2pm",8.305036,9.521678,48.66588,33.507403
"078","2pm",10.06657,15.591848,51.62491,22.71667
"079","2pm",16.173773,9.166169,50.6375,24.022556
"080","2pm",7.98404,4.136109,54.1913,33.688554
"001","3pm",34.872823,18.22122,40.5828,6.323159
"002","3pm",20.453456,21.442167,35.74681,22.35757
"003","3pm",22.916437,18.335524,45.08176,13.666275
"004","3pm",10.724862,16.716972,52.32762,20.230546
"005","3pm",31.917118,10.623341,41.49791,15.961629
"006","3pm",38.53417,18.161905,30.29845,13.005479
"007","3pm",28.587281,10.551508,41.01681,19.844402
"008","3pm",5.432615,22.293669,43.734,28.539713
"009","3pm",30.1777,17.673847,38.19034,13.958109
"010","3pm",9.657988,19.755108,46.33662,24.250288
"011","3pm",12.617862,24.62722,45.76131,16.993606
"012","3pm",9.668916,13.345283,45.12788,31.857925
"013","3pm",15.078869,19.315462,52.29213,13.31354
"014","3pm",13.263662,19.160996,44.75182,22.823519
"015","3pm",19.976063,13.968743,41.03232,25.022878
"016","3pm",11.026261,15.844288,53.87625,19.253197
"017","3pm",24.036051,13.630701,48.14856,14.184688
"018","3pm",18.109845,22.372796,42.55153,16.965825
"019","3pm",21.692802,19.416243,47.37442,11.516539
"020","3pm",10.538785,24.211412,50.55428,14.695526
"021","3pm",17.59687,27.179899,32.66399,22.559246
"022","3pm",32.356198,19.279336,39.36888,8.99559
"023","3pm",23.222433,20.996394,48.38281,7.398358
"024","3pm",16.303506,17.679541,55.48417,10.532784
"025","3pm",60.53342,16.050176,20.65265,2.763752
"026","3pm",15.37076,20.349064,47.89651,16.383664
"027","3pm",11.592369,22.658663,57.27335,8.475623
"028","3pm",30.728368,19.291874,41.70687,8.272887
"029","3pm",10.126218,15.945283,57.54457,16.383931
"030","3pm",25.110628,11.456507,37.53528,25.897583
"031","3pm",9.903266,15.045703,40.08686,34.96417
"032","3pm",5.02015,19.802439,59.57207,15.605346
"033","3pm",21.149908,14.274986,42.71936,21.855747
"034","3pm",5.394619,21.220728,54.70439,18.680266
"035","3pm",9.449515,17.303685,52.23768,21.009126
"036","3pm",6.52983,12.423568,47.28891,33.757696
"037","3pm",10.247796,16.809608,51.67169,21.270906
"038","3pm",9.030994,10.266072,48.6295,32.073433
"039","3pm",12.370747,12.138281,55.61744,19.873532
"040","3pm",16.479234,11.575409,50.63363,21.311724
"041","3pm",12.809224,14.082385,53.9121,19.196288
"042","3pm",15.004076,14.553882,48.96075,21.481296
"043","3pm",8.379342,17.904002,48.67662,25.040038
"044","3pm",9.389893,11.58759,48.85111,30.171404
"045","3pm",9.376037,13.241433,53.46056,23.921973
"046","3pm",7.472384,11.772337,52.99655,27.758727
"047","3pm",9.705936,19.036381,52.39183,18.865848
"048","3pm",13.465339,19.079047,50.40833,17.047286
"049","3pm",0,20.087715,59.66635,20.245939
"050","3pm",8.202649,14.811967,50.50066,26.484729
"051","3pm",9.244522,13.443501,43.02111,34.290867
"052","3pm",8.081269,17.148602,49.49436,25.275773
"053","3pm",9.070002,9.960963,57.47028,23.498758
"054","3pm",10.60531,14.982125,53.75457,20.657998
"055","3pm",4.889358,7.261857,59.20708,28.641704
"056","3pm",6.319889,6.709712,51.56896,35.401435
"057","3pm",12.396509,13.58833,55.827,18.188157
"058","3pm",8.6481,5.242405,59.92653,26.182967
"059","3pm",13.465458,7.910994,55.38987,23.233679
"060","3pm",22.657731,15.926221,44.52611,16.889937
"061","3pm",2.314374,19.926829,52.17327,25.585529
"062","3pm",9.38667,12.03088,53.65001,24.932441
"063","3pm",5.237005,8.49049,63.03083,23.241675
"064","3pm",6.8624,6.60311,48.75463,37.779862
"065","3pm",9.619213,16.351857,50.78745,23.241479
"066","3pm",6.174916,13.352309,54.66876,25.804017
"067","3pm",3.273182,13.786688,55.23601,27.704118
"068","3pm",6.792474,9.394459,54.27518,29.537884
"069","3pm",3.937372,12.354126,66.57812,17.130378
"070","3pm",10.215267,11.663524,53.83948,24.281724
"071","3pm",4.132664,17.907808,51.34097,26.618562
"072","3pm",7.633049,10.810265,53.83053,27.726151
"073","3pm",10.103747,12.67263,44.87288,32.350744
"074","3pm",5.633652,19.155776,44.75988,30.450696
"075","3pm",16.481824,10.302326,48.30633,24.909516
"076","3pm",7.611936,5.524873,54.74198,32.121211
"077","3pm",8.035394,11.132943,47.35998,33.471681
"078","3pm",10.210359,13.04964,53.76168,22.978317
"079","3pm",15.948748,10.472165,49.75572,23.823369
"080","3pm",8.068236,4.179726,54.99204,32.759999
"001","4pm",37.2265177,18.575275,37.83828,6.359923
"002","4pm",26.3735249,21.161773,33.29402,19.170684
"003","4pm",24.4922384,20.234547,39.21589,16.057329
"004","4pm",11.7276059,18.308039,50.48444,19.479917
"005","4pm",29.184583,13.904167,42.93632,13.974932
"006","4pm",40.2781335,15.939968,29.38034,14.401556
"007","4pm",26.9003601,11.107925,42.32776,19.663957
"008","4pm",7.9567884,18.145204,42.62921,31.268801
"009","4pm",26.1606505,19.506569,38.33029,16.002489
"010","4pm",10.3755253,23.192813,44.09957,22.332095
"011","4pm",15.0573345,19.351883,50.29506,15.295727
"012","4pm",9.3098179,14.191093,41.40686,35.092231
"013","4pm",16.9470428,17.508446,53.19328,12.351232
"014","4pm",14.8603496,18.986575,43.25458,22.898494
"015","4pm",18.5601213,16.416017,41.81313,23.210729
"016","4pm",11.6140126,17.032659,51.91618,19.437144
"017","4pm",23.3101785,15.933906,47.17802,13.577891
"018","4pm",19.3353649,20.907179,41.90217,17.85529
"019","4pm",17.7730787,20.24875,48.90589,13.072278
"020","4pm",13.5618531,22.39317,49.13046,14.914513
"021","4pm",20.8004042,27.200827,30.57965,21.419118
"022","4pm",35.7234635,19.142282,36.14989,8.984369
"023","4pm",25.5676125,18.669114,47.62181,8.141463
"024","4pm",20.0165344,21.276953,47.9024,10.804112
"025","4pm",58.2385275,18.462895,21.0632,2.235382
"026","4pm",17.8441525,18.709553,46.44838,16.997918
"027","4pm",9.7722783,23.951953,58.16615,8.109617
"028","4pm",28.2939129,21.523669,41.09317,9.089243
"029","4pm",10.2065036,14.029633,54.94757,20.81629
"030","4pm",17.6849901,8.692418,46.69988,26.922716
"031","4pm",10.1994055,11.188914,46.98881,31.622867
"032","4pm",7.3785784,20.429025,56.35432,15.838079
"033","4pm",19.4532781,15.490339,42.69455,22.36183
"034","4pm",4.5364957,19.13162,57.16697,19.164913
"035","4pm",11.0275228,18.471812,48.56594,21.93473
"036","4pm",7.9285262,13.448357,50.34037,28.282752
"037","4pm",11.9691535,16.539976,50.60843,20.882437
"038","4pm",5.1340489,13.836286,45.71722,35.312446
"039","4pm",9.0308279,16.53034,50.31926,24.119573
"040","4pm",16.8874782,14.379531,48.33008,20.40291
"041","4pm",14.3460352,12.706859,53.53237,19.414738
"042","4pm",15.0846332,17.992568,49.97448,16.948314
"043","4pm",8.130275,14.304018,52.19351,25.372199
"044","4pm",10.9887824,9.528128,50.10789,29.375201
"045","4pm",8.777354,10.497197,56.01036,24.715093
"046","4pm",5.9689039,12.123909,51.29303,30.614162
"047","4pm",8.2511579,13.416557,61.12083,17.211456
"048","4pm",18.3939137,15.890485,50.86157,14.854029
"049","4pm",0.6573053,16.45059,61.467,21.425106
"050","4pm",9.9461825,15.142578,55.19303,19.718213
"051","4pm",8.0767926,13.712615,44.15668,34.053913
"052","4pm",8.1879028,12.765943,54.22576,24.820394
"053","4pm",9.6266821,8.825366,58.35566,23.192289
"054","4pm",12.417637,16.353922,53.28295,17.945493
"055","4pm",9.1404151,8.162722,58.91158,23.785279
"056","4pm",7.0890689,7.183723,50.42037,35.306835
"057","4pm",12.0211422,10.568311,57.89951,19.511039
"058","4pm",7.7885327,5.122003,60.57864,26.510823
"059","4pm",14.9584779,9.612253,51.09826,24.331012
"060","4pm",17.4135964,15.571752,46.4207,20.593954
"061","4pm",3.8102431,19.770401,50.02476,26.3946
"062","4pm",9.0112407,11.126867,56.10804,23.753848
"063","4pm",7.0533243,11.039347,60.12353,21.783796
"064","4pm",6.4718904,7.026206,55.19118,31.310725
"065","4pm",6.6177493,20.647832,49.79498,22.939442
"066","4pm",9.2865943,9.628114,52.44352,28.641767
"067","4pm",2.7949755,16.590027,54.8361,25.778899
"068","4pm",4.8006962,9.87736,54.91077,30.411179
"069","4pm",3.7196994,7.807296,68.06369,20.40932
"070","4pm",11.2953805,10.02752,51.4799,27.197202
"071","4pm",4.6673922,20.453945,49.39072,25.487941
"072","4pm",11.9175256,11.24371,48.58682,28.25194
"073","4pm",9.3770497,12.956201,49.38176,28.284989
"074","4pm",5.1925594,15.881923,42.22416,36.701359
"075","4pm",14.8707584,12.145301,50.72628,22.25766
"076","4pm",7.3059197,5.302761,54.32814,33.06318
"077","4pm",7.8674293,13.22018,46.14326,32.769134
"078","4pm",10.8437135,10.758903,54.47656,23.92082
"079","4pm",13.8102333,12.010555,48.8101,25.369117
"080","4pm",9.7764519,2.960724,56.70753,30.555294
"001","5pm",42.356107,18.696485,32.45595,6.491462
"002","5pm",31.505761,22.426074,32.08116,13.987003
"003","5pm",23.260076,18.330467,42.14713,16.262325
"004","5pm",14.92453,13.564986,49.32428,22.186208
"005","5pm",27.58198,18.887313,42.553,10.977709
"006","5pm",41.485644,16.44527,28.34976,13.71933
"007","5pm",29.85987,15.401668,36.99893,17.739532
"008","5pm",7.876125,14.959022,44.40745,32.757398
"009","5pm",20.811284,23.891091,38.6576,16.640028
"010","5pm",13.095481,19.61345,43.12227,24.168799
"011","5pm",15.881935,21.24122,46.00951,16.867339
"012","5pm",11.48482,14.935942,40.02012,33.559117
"013","5pm",16.995388,19.009777,50.73973,13.255109
"014","5pm",16.486956,22.023391,42.89637,18.59328
"015","5pm",16.223843,15.700491,45.52063,22.555039
"016","5pm",11.159126,18.632591,48.69993,21.508357
"017","5pm",19.284435,16.908063,45.51944,18.288067
"018","5pm",23.060549,21.414058,37.24007,18.285319
"019","5pm",15.832157,16.507528,52.34231,15.318002
"020","5pm",18.734021,20.048168,46.08962,15.128193
"021","5pm",26.484091,24.968848,33.53004,15.017024
"022","5pm",42.343155,17.614745,32.2728,7.769305
"023","5pm",26.124686,16.817033,49.84215,7.216135
"024","5pm",21.191645,20.196028,46.69947,11.912859
"025","5pm",58.170848,18.166371,20.56095,3.10183
"026","5pm",19.936204,14.144623,46.21688,19.702295
"027","5pm",9.654151,24.616268,54.77642,10.953163
"028","5pm",26.719814,27.683395,37.27252,8.324268
"029","5pm",12.335056,14.472353,54.1819,19.01069
"030","5pm",13.640473,4.04385,46.20266,36.113019
"031","5pm",16.432217,11.519484,44.14488,27.903414
"032","5pm",6.806453,22.212975,55.833,15.147575
"033","5pm",14.462211,15.254491,48.59616,21.687137
"034","5pm",6.192567,23.384786,47.6053,22.817345
"035","5pm",19.675253,13.81492,46.99262,19.517211
"036","5pm",12.775366,15.073354,48.94792,23.203357
"037","5pm",10.381967,16.566688,50.58542,22.465929
"038","5pm",7.372555,14.159211,48.57019,29.898047
"039","5pm",12.705927,17.43986,49.26973,20.584482
"040","5pm",12.573493,10.089111,57.25363,20.083769
"041","5pm",15.391561,15.559451,47.57187,21.477121
"042","5pm",11.576462,19.418617,49.81027,19.194651
"043","5pm",8.152875,11.506295,52.63682,27.704011
"044","5pm",12.18097,10.953203,47.32498,29.540845
"045","5pm",10.653445,10.203906,59.3182,19.824451
"046","5pm",7.876876,10.34291,53.89157,27.888642
"047","5pm",10.428238,13.337921,53.64557,22.588275
"048","5pm",17.789162,15.804231,50.82076,15.585851
"049","5pm",3.741704,14.260137,64.66622,17.331942
"050","5pm",7.267813,17.487962,57.90807,17.336159
"051","5pm",7.077708,7.057262,60.0725,25.792531
"052","5pm",12.136987,10.939579,53.52263,23.4008
"053","5pm",10.828346,8.493272,59.47887,21.199508
"054","5pm",15.364788,14.581867,48.90644,21.146907
"055","5pm",12.648651,6.474663,60.11471,20.761978
"056","5pm",5.76714,8.794777,51.85626,33.581825
"057","5pm",14.397289,9.097969,56.36116,20.143586
"058","5pm",12.017867,6.22219,57.7126,24.04734
"059","5pm",15.61265,11.788632,46.87603,25.722686
"060","5pm",10.439732,13.660802,56.04737,19.852092
"061","5pm",7.588497,18.570239,52.56388,21.277387
"062","5pm",6.317636,9.998058,61.32459,22.359714
"063","5pm",5.303126,13.837628,60.02858,20.83067
"064","5pm",8.031372,7.151524,57.31399,27.503115
"065","5pm",7.722304,20.535456,51.26919,20.47305
"066","5pm",7.81247,13.769418,55.36134,23.056767
"067","5pm",7.202999,19.243303,48.44758,25.106114
"068","5pm",5.882422,9.100386,55.01077,30.006417
"069","5pm",3.285553,8.18505,67.04518,21.484214
"070","5pm",12.110845,8.559426,55.36499,23.964739
"071","5pm",6.841742,20.637291,46.30126,26.219704
"072","5pm",10.109258,12.161783,53.28951,24.439447
"073","5pm",8.873591,14.600833,45.33466,31.190918
"074","5pm",4.87259,16.269144,44.90591,33.952352
"075","5pm",12.735046,13.687118,47.21669,26.361149
"076","5pm",11.985378,7.530244,50.32805,30.156327
"077","5pm",8.703685,11.120177,48.8997,31.276436
"078","5pm",10.816418,11.37714,54.42996,23.37648
"079","5pm",10.806856,12.062008,51.08356,26.047577
"080","5pm",10.163264,6.431193,54.68856,28.716985
"001","6pm",40.584119,19.14463,35.1158,5.155448
"002","6pm",35.893858,25.731423,28.10915,10.265564
"003","6pm",22.343384,18.550176,42.66561,16.440827
"004","6pm",16.415918,14.523158,46.70827,22.352657
"005","6pm",27.366635,17.131597,40.58151,14.920257
"006","6pm",41.978678,18.960492,25.01379,14.047035
"007","6pm",31.007799,16.297348,36.31079,16.384067
"008","6pm",10.112074,14.395661,47.38361,28.108656
"009","6pm",20.837633,22.537342,38.77055,17.854472
"010","6pm",15.934167,18.225051,43.12999,22.710792
"011","6pm",17.127772,18.747416,46.02281,18.102004
"012","6pm",10.447062,17.259686,38.28635,34.006907
"013","6pm",17.103365,20.170346,48.71799,14.008302
"014","6pm",18.504204,19.234793,40.10289,22.158114
"015","6pm",14.947207,18.362235,43.93378,22.756781
"016","6pm",10.257584,16.644474,50.80259,22.295352
"017","6pm",18.074769,18.839686,43.84265,19.24289
"018","6pm",23.369374,22.976584,37.83495,15.819094
"019","6pm",15.413275,16.660382,50.68305,17.243289
"020","6pm",24.101761,18.62669,41.01517,16.256382
"021","6pm",24.628235,24.788172,38.43615,12.147441
"022","6pm",47.669935,16.942121,27.80224,7.585703
"023","6pm",23.312423,19.459808,51.48489,5.742878
"024","6pm",21.160659,17.217204,49.45887,12.163266
"025","6pm",56.213166,20.954794,18.50688,4.325163
"026","6pm",22.480273,19.624114,39.90736,17.988253
"027","6pm",10.401146,26.310871,46.4658,16.822181
"028","6pm",26.233567,31.251318,34.88919,7.625924
"029","6pm",10.592521,18.347717,52.27152,18.788246
"030","6pm",13.870889,4.53169,53.9036,27.693819
"031","6pm",12.051963,13.716663,49.27895,24.952424
"032","6pm",9.199697,15.463223,58.94836,16.388724
"033","6pm",12.879311,16.899794,51.59239,18.628501
"034","6pm",8.303192,13.171738,52.85506,25.670006
"035","6pm",20.046057,11.822502,48.01358,20.117866
"036","6pm",12.645418,12.839842,49.74051,24.774227
"037","6pm",11.056482,14.767206,52.31155,21.864759
"038","6pm",6.319375,10.480502,53.74039,29.459732
"039","6pm",16.231168,15.944074,49.77104,18.053722
"040","6pm",13.100701,11.302076,56.84483,18.752391
"041","6pm",16.128555,16.638759,45.59569,21.636998
"042","6pm",12.235624,14.06365,54.71839,18.982331
"043","6pm",7.927873,14.717148,54.37948,22.975498
"044","6pm",11.335961,10.445136,48.40437,29.814533
"045","6pm",12.978074,14.014433,54.04727,18.960224
"046","6pm",8.819466,12.281321,57.2869,21.612312
"047","6pm",8.707081,11.207035,57.59843,22.487456
"048","6pm",16.097623,15.55433,52.48464,15.863409
"049","6pm",5.014117,12.738844,63.68034,18.566698
"050","6pm",6.133763,17.636102,58.04314,18.186996
"051","6pm",13.25691,8.391766,56.20672,22.144604
"052","6pm",15.00861,7.982854,56.74128,20.267251
"053","6pm",10.43277,10.182174,60.42593,18.95913
"054","6pm",14.193013,13.329864,52.31991,20.157217
"055","6pm",12.565149,7.544694,61.66302,18.227141
"056","6pm",6.07488,7.841293,49.52782,36.556003
"057","6pm",14.995915,5.666799,59.15664,20.180641
"058","6pm",14.122427,6.920407,58.15797,20.799193
"059","6pm",14.424001,11.463998,49.07967,25.032333
"060","6pm",12.960761,13.730731,55.49072,17.817792
"061","6pm",8.626517,18.033832,51.58178,21.757872
"062","6pm",8.879201,9.437408,62.24406,19.439329
"063","6pm",10.857729,13.330646,59.78209,16.029536
"064","6pm",7.194995,10.750828,57.47352,24.580661
"065","6pm",8.605031,17.125962,54.92593,19.343072
"066","6pm",10.840393,14.23729,52.87923,22.043092
"067","6pm",9.436213,16.406702,51.06686,23.090227
"068","6pm",9.648023,7.801357,53.49545,29.05517
"069","6pm",6.047053,8.487452,67.12853,18.336968
"070","6pm",9.862306,9.738104,58.12151,22.278078
"071","6pm",7.675369,21.895391,45.00257,25.42667
"072","6pm",9.364461,13.525655,52.85627,24.253614
"073","6pm",8.469594,11.560993,47.02165,32.947762
"074","6pm",5.286239,16.311501,41.47771,36.924553
"075","6pm",9.814193,15.116126,50.81125,24.258431
"076","6pm",11.818321,8.911116,48.12577,31.144798
"077","6pm",8.00678,15.129577,48.4416,28.42204
"078","6pm",12.436418,9.828984,54.39501,23.339591
"079","6pm",10.84552,11.65071,51.66832,25.835451
"080","6pm",9.236913,8.97697,54.27135,27.514771
"001","7pm",43.021841,23.071181,28.24733,5.659646
"002","7pm",38.149581,22.406378,29.63412,9.809923
"003","7pm",25.618337,20.437248,39.20071,14.743702
"004","7pm",16.641121,14.575986,46.58518,22.197714
"005","7pm",29.06894,17.96917,34.88764,18.074254
"006","7pm",38.35727,21.644519,24.89478,15.103427
"007","7pm",26.997574,18.574372,37.67901,16.749045
"008","7pm",10.105953,18.098235,45.5254,26.27041
"009","7pm",19.270263,22.458437,39.65484,18.616464
"010","7pm",15.454401,22.872382,41.27272,20.4005
"011","7pm",16.612388,19.034594,44.11434,20.238681
"012","7pm",13.047827,13.132172,43.05208,30.767917
"013","7pm",19.162945,17.498289,47.99298,15.345791
"014","7pm",17.973042,17.53618,43.09436,21.396416
"015","7pm",15.881654,15.8488,47.47264,20.796904
"016","7pm",11.91027,17.885075,49.59231,20.61234
"017","7pm",19.231141,19.7277,39.8222,21.218957
"018","7pm",25.056527,23.363386,35.52,16.060093
"019","7pm",15.022862,17.258533,50.06148,17.657123
"020","7pm",23.386736,17.556199,43.96221,15.09486
"021","7pm",24.359393,26.757536,36.83022,12.052851
"022","7pm",50.698126,20.228927,22.1904,6.882549
"023","7pm",21.255176,27.749649,44.53196,6.463213
"024","7pm",21.802598,17.127633,48.21725,12.852515
"025","7pm",54.632283,19.144911,21.24344,4.979369
"026","7pm",24.532095,18.200434,40.36136,16.906116
"027","7pm",10.998015,23.255279,45.8024,19.944307
"028","7pm",25.700422,32.224636,33.90181,8.173133
"029","7pm",10.840489,20.205501,48.18188,20.772125
"030","7pm",12.710005,3.9091,54.97501,28.405887
"031","7pm",13.577434,13.046335,50.19085,23.185377
"032","7pm",8.760343,22.584486,50.42735,18.22782
"033","7pm",13.422098,15.808595,51.82303,18.946275
"034","7pm",8.150318,14.964538,50.67491,26.210236
"035","7pm",18.876783,12.102959,48.02244,20.997822
"036","7pm",12.000061,12.130253,53.76753,22.102157
"037","7pm",9.167906,21.016368,49.34047,20.47526
"038","7pm",4.642606,12.485987,58.04705,24.824356
"039","7pm",15.021897,16.960988,51.31721,16.699905
"040","7pm",14.995355,9.023487,55.69537,20.285786
"041","7pm",14.344475,14.586613,46.93569,24.133225
"042","7pm",12.709386,11.284664,55.5849,20.42105
"043","7pm",9.750077,10.343047,55.42642,24.480455
"044","7pm",11.278107,9.314441,49.5,29.907451
"045","7pm",12.302091,12.456677,58.08932,17.151913
"046","7pm",11.846618,10.191605,57.14708,20.814699
"047","7pm",8.456044,10.593461,59.14286,21.807639
"048","7pm",15.651075,17.781845,51.86577,14.701308
"049","7pm",6.026044,13.306777,61.74818,18.919003
"050","7pm",4.979626,16.648595,61.20314,17.168642
"051","7pm",13.894113,7.025096,57.57883,21.501963
"052","7pm",11.833449,10.188144,58.15569,19.822717
"053","7pm",13.120091,12.463395,58.16956,16.246952
"054","7pm",12.697532,12.780808,55.2527,19.268961
"055","7pm",9.53405,7.285946,63.82407,19.35593
"056","7pm",5.855403,5.888526,53.02078,35.235286
"057","7pm",12.279909,5.446998,63.91119,18.3619
"058","7pm",13.745336,9.691207,56.31963,20.243822
"059","7pm",14.878861,12.591355,48.96291,23.566873
"060","7pm",11.239137,14.895929,55.56441,18.300523
"061","7pm",9.644258,14.976746,54.43037,20.948625
"062","7pm",10.465123,7.388347,64.40333,17.743204
"063","7pm",11.74765,11.781331,60.23192,16.239104
"064","7pm",9.05864,11.462299,57.33039,22.148668
"065","7pm",10.159633,18.835481,51.60843,19.396456
"066","7pm",8.173488,14.515307,54.58033,22.730872
"067","7pm",10.848707,16.19568,51.40155,21.554063
"068","7pm",8.422709,6.794709,57.12013,27.662452
"069","7pm",6.67601,8.254318,66.80052,18.269149
"070","7pm",9.907572,12.474062,55.21768,22.40069
"071","7pm",8.661844,21.770055,45.10004,24.468056
"072","7pm",9.351804,9.969319,56.45804,24.220834
"073","7pm",8.037928,11.311309,47.12314,33.527627
"074","7pm",5.206249,15.203095,43.9204,35.670253
"075","7pm",11.666483,13.406295,51.26339,23.66383
"076","7pm",11.417601,10.465958,48.02766,30.088783
"077","7pm",10.500452,15.21942,49.03611,25.244016
"078","7pm",9.847139,9.603521,55.11168,25.437658
"079","7pm",9.840515,11.845619,51.85903,26.454833
"080","7pm",9.404338,9.139683,53.95008,27.505894
"001","8pm",39.846677,23.614907,30.68496,5.853458
"002","8pm",37.556579,20.252998,33.75272,8.437698
"003","8pm",26.818672,18.732916,41.6827,12.76571
"004","8pm",21.418062,17.411232,41.0805,20.090206
"005","8pm",31.165689,18.020814,30.89799,19.915505
"006","8pm",36.95798,25.671645,23.57133,13.79904
"007","8pm",25.606405,18.204962,39.82207,16.366566
"008","8pm",10.916648,16.252153,47.35084,25.480356
"009","8pm",18.249636,25.864457,36.22032,19.665582
"010","8pm",16.49802,21.041442,41.48475,20.975784
"011","8pm",15.886967,19.466543,44.96579,19.680704
"012","8pm",12.76975,13.838505,43.09144,30.300308
"013","8pm",22.060253,16.233271,46.66164,15.044835
"014","8pm",17.397942,19.364704,41.3336,21.903756
"015","8pm",15.818435,15.297951,48.20548,20.678131
"016","8pm",11.525931,18.514548,50.01233,19.947189
"017","8pm",19.831974,15.349534,42.44869,22.369805
"018","8pm",23.203614,25.025304,35.57697,16.194109
"019","8pm",19.056169,15.58026,46.77154,18.592035
"020","8pm",21.591419,17.403242,44.998,16.007337
"021","8pm",25.450546,28.686615,33.53479,12.328052
"022","8pm",51.488444,22.724732,19.14515,6.641672
"023","8pm",24.608115,26.744534,42.62539,6.021963
"024","8pm",20.430834,16.177622,49.46078,13.930764
"025","8pm",52.811652,17.80071,23.59971,5.787931
"026","8pm",24.268914,21.611884,37.35804,16.761161
"027","8pm",8.792374,25.774882,44.47104,20.961707
"028","8pm",25.594207,30.63865,35.20389,8.56325
"029","8pm",11.970756,19.501332,47.85838,20.669532
"030","8pm",11.204992,7.597401,53.58717,27.610434
"031","8pm",13.939995,12.095243,50.54944,23.415318
"032","8pm",11.74694,18.753114,51.57756,17.922388
"033","8pm",15.125554,16.715399,49.30549,18.853554
"034","8pm",7.885489,14.165959,52.58996,25.358587
"035","8pm",14.554747,13.618209,49.57676,22.250281
"036","8pm",11.760692,10.183327,53.77572,24.280259
"037","8pm",8.811716,20.061094,51.44743,19.679758
"038","8pm",4.700917,10.073321,60.08961,25.136153
"039","8pm",14.921385,21.133781,47.87857,16.066261
"040","8pm",14.572266,6.732686,56.90989,21.785161
"041","8pm",12.860694,12.759154,51.09204,23.28811
"042","8pm",14.615328,14.881418,53.63988,16.863373
"043","8pm",9.716213,11.831124,54.26451,24.18815
"044","8pm",11.478137,9.820284,49.87012,28.831464
"045","8pm",11.993204,12.143909,58.77964,17.083252
"046","8pm",15.152583,10.463229,54.90277,19.481421
"047","8pm",10.127191,8.073341,62.24976,19.549706
"048","8pm",15.881498,17.28475,51.80251,15.031239
"049","8pm",7.388162,13.41938,59.65249,19.539965
"050","8pm",4.213242,17.776768,60.45495,17.555042
"051","8pm",13.24407,7.331091,56.98631,22.438533
"052","8pm",13.442847,11.440632,58.01935,17.097169
"053","8pm",14.047569,10.659779,58.51266,16.779989
"054","8pm",11.75894,14.239333,55.68264,18.319084
"055","8pm",9.219039,8.449585,63.61498,18.716398
"056","8pm",6.118408,7.035985,51.52331,35.322294
"057","8pm",12.753373,7.051654,60.69684,19.498128
"058","8pm",11.963989,10.852667,57.25286,19.930488
"059","8pm",13.80079,11.91,49.43353,24.855683
"060","8pm",11.596114,15.649772,53.52745,19.226664
"061","8pm",10.259117,15.167384,56.33583,18.237674
"062","8pm",9.801515,9.602538,64.23169,16.364261
"063","8pm",11.278657,11.431513,61.69903,15.590802
"064","8pm",10.426079,10.285179,57.45323,21.835507
"065","8pm",10.104168,17.707317,52.89795,19.290563
"066","8pm",9.094624,14.855814,54.78836,21.261199
"067","8pm",11.603246,16.42115,51.47002,20.505583
"068","8pm",9.596442,5.516214,56.86599,28.021356
"069","8pm",6.416952,8.912167,67.11066,17.560226
"070","8pm",8.308824,12.810618,57.03986,21.840694
"071","8pm",8.424442,20.319815,47.45831,23.797439
"072","8pm",9.498525,9.899673,56.55018,24.051626
"073","8pm",9.750749,11.516555,47.06831,31.664385
"074","8pm",4.18252,15.777479,44.07977,35.960232
"075","8pm",13.194536,13.091783,48.64054,25.073146
"076","8pm",11.253184,11.07145,48.01987,29.655494
"077","8pm",9.681961,15.572518,48.91583,25.82969
"078","8pm",8.079542,11.043632,57.62199,23.254838
"079","8pm",10.001028,12.038838,51.47992,26.480212
"080","8pm",9.544102,7.789347,54.75187,27.914678
"001","9pm",41.500679,25.203357,27.80643,5.489534
"002","9pm",40.143054,22.132875,29.53506,8.189013
"003","9pm",28.003869,18.142348,40.89867,12.955112
"004","9pm",19.705355,18.175761,42.7226,19.396281
"005","9pm",30.208235,18.033416,31.84565,19.912698
"006","9pm",35.820601,24.809339,25.03537,14.334689
"007","9pm",26.964902,16.000072,40.96413,16.070901
"008","9pm",9.152402,17.034543,47.98919,25.823863
"009","9pm",16.934584,30.049107,31.52525,21.491063
"010","9pm",16.792165,21.24731,40.83407,21.126452
"011","9pm",16.183948,18.823859,45.96124,19.03095
"012","9pm",13.279544,14.316267,43.02217,29.382015
"013","9pm",21.534301,17.070379,46.14132,15.253999
"014","9pm",17.746429,19.913499,41.55465,20.78542
"015","9pm",15.952637,14.57935,48.61445,20.853562
"016","9pm",11.677375,18.75745,50.59274,18.972431
"017","9pm",19.742371,16.116492,41.8724,22.268736
"018","9pm",23.710411,25.68064,34.50337,16.105578
"019","9pm",17.81093,17.302325,47.57213,17.314612
"020","9pm",21.528371,17.880846,45.70797,14.882813
"021","9pm",25.864243,28.480466,32.72422,12.931074
"022","9pm",53.866066,23.419282,16.00444,6.710213
"023","9pm",24.141557,26.498009,43.43561,5.924819
"024","9pm",19.316453,16.311258,50.88488,13.487404
"025","9pm",53.802941,18.011702,22.21908,5.966274
"026","9pm",24.140788,19.790252,39.26428,16.804681
"027","9pm",8.474064,25.413396,45.83369,20.278847
"028","9pm",24.861384,30.694782,34.96439,9.47944
"029","9pm",12.902732,17.695947,47.73576,21.665561
"030","9pm",12.505463,6.870774,53.07599,27.54777
"031","9pm",11.408371,12.061788,52.61859,23.911251
"032","9pm",12.490573,18.506022,52.42814,16.575268
"033","9pm",15.570376,14.376436,50.64518,19.408011
"034","9pm",8.014818,10.644791,56.66627,24.67412
"035","9pm",12.883164,14.651915,48.6294,23.835522
"036","9pm",11.795068,9.586019,53.67555,24.943362
"037","9pm",9.140563,18.736903,51.70834,20.414193
"038","9pm",6.73536,9.935659,58.53634,24.792643
"039","9pm",15.638684,20.583366,47.55926,16.218687
"040","9pm",14.140589,7.272765,57.30723,21.279417
"041","9pm",12.299103,12.201998,52.43147,23.067427
"042","9pm",13.18787,13.247867,56.37092,17.193341
"043","9pm",10.745049,11.851245,54.17018,23.233528
"044","9pm",10.789145,9.888574,50.21691,29.105369
"045","9pm",11.738668,12.922458,58.61819,16.720688
"046","9pm",15.578166,10.410747,54.62738,19.383705
"047","9pm",11.911606,7.72872,60.67983,19.679848
"048","9pm",16.468657,17.002571,51.04346,15.485311
"049","9pm",7.435601,13.505545,60.03635,19.022508
"050","9pm",3.438023,17.455276,62.31739,16.789315
"051","9pm",12.897649,9.105174,56.14556,21.851616
"052","9pm",13.615603,10.662468,58.89465,16.827282
"053","9pm",13.960716,10.593872,58.76917,16.676241
"054","9pm",13.904629,13.109697,55.12783,17.857839
"055","9pm",10.854521,8.062405,62.20104,18.882029
"056","9pm",6.20394,7.134344,50.84564,35.816081
"057","9pm",13.693009,9.273133,57.81413,19.219729
"058","9pm",11.816499,10.718877,57.33226,20.132365
"059","9pm",14.012053,11.928329,49.16569,24.893933
"060","9pm",10.072708,16.049933,54.15907,19.718286
"061","9pm",10.413934,15.694036,56.48069,17.411337
"062","9pm",9.672511,8.61528,65.18461,16.527601
"063","9pm",11.123659,11.274414,62.22538,15.376544
"064","9pm",10.210413,12.692225,55.71353,21.383834
"065","9pm",10.350386,15.702013,54.18697,19.760635
"066","9pm",9.14527,13.820162,55.09347,21.9411
"067","9pm",11.313803,14.471225,53.40802,20.806953
"068","9pm",8.887021,5.356579,58.54596,27.210439
"069","9pm",3.342687,9.145338,69.49231,18.019659
"070","9pm",9.970851,13.223001,54.8057,22.000444
"071","9pm",7.981041,20.285,47.97729,23.756665
"072","9pm",8.005173,9.984021,57.75425,24.256555
"073","9pm",9.950093,11.751999,46.68379,31.614116
"074","9pm",4.114165,15.519626,44.58403,35.782176
"075","9pm",15.042415,13.418803,47.22121,24.317569
"076","9pm",11.271342,11.089314,47.936,29.703345
"077","9pm",9.566103,16.320761,48.59254,25.520601
"078","9pm",8.135509,11.120131,57.32844,23.415924
"079","9pm",10.001028,12.038838,51.47992,26.480212
"080","9pm",7.954024,7.942007,55.6422,28.461765
"001","10pm",43.896037,25.587919,24.70483,5.811213
"002","10pm",43.094732,18.826638,28.83422,9.244406
"003","10pm",25.734643,19.42478,41.60652,13.234054
"004","10pm",20.492547,17.6815,43.28056,18.545394
"005","10pm",29.65171,18.282704,33.23792,18.827666
"006","10pm",36.473833,23.335119,25.8617,14.329347
"007","10pm",25.649724,17.489656,41.96555,14.895072
"008","10pm",9.634465,15.801874,48.37505,26.188608
"009","10pm",18.60801,28.675196,31.6992,21.017589
"010","10pm",14.730905,21.017421,43.1072,21.144476
"011","10pm",15.735411,19.553588,45.68296,19.028038
"012","10pm",13.611481,15.355743,41.78751,29.245267
"013","10pm",20.299276,17.782719,46.83246,15.085543
"014","10pm",16.780901,20.39205,42.05108,20.775971
"015","10pm",16.014453,14.635845,47.76919,21.580508
"016","10pm",11.677375,18.75745,50.59274,18.972431
"017","10pm",19.513158,16.914694,41.79379,21.778358
"018","10pm",26.405016,24.333999,34.15554,15.105447
"019","10pm",16.172824,18.19483,48.48211,17.150235
"020","10pm",20.838641,18.629778,45.50409,15.027488
"021","10pm",25.747496,28.505558,32.37321,13.373741
"022","10pm",53.586517,23.565301,16.22423,6.623949
"023","10pm",23.874031,26.262913,43.9908,5.872253
"024","10pm",18.818099,16.368996,51.93981,12.87309
"025","10pm",52.585827,18.102199,23.28121,6.030763
"026","10pm",23.23086,22.332542,37.99649,16.440111
"027","10pm",9.561825,26.38314,44.82888,19.226156
"028","10pm",25.763422,29.437567,34.86413,9.934882
"029","10pm",13.55419,15.706361,49.33752,21.401929
"030","10pm",13.265427,5.429428,54.3741,26.931048
"031","10pm",11.366445,12.01746,52.79272,23.823377
"032","10pm",12.712103,17.564665,52.85399,16.869244
"033","10pm",15.245839,14.711994,50.18116,19.86101
"034","10pm",10.475594,9.42781,57.93983,22.15677
"035","10pm",15.112493,14.444172,47.40774,23.035596
"036","10pm",12.021893,9.121296,52.83025,26.026556
"037","10pm",8.315651,19.028068,51.92486,20.731423
"038","10pm",7.671348,8.93987,58.15673,25.23205
"039","10pm",16.068961,21.501652,47.13518,15.294207
"040","10pm",15.499074,7.157694,56.4005,20.942729
"041","10pm",12.035893,12.937595,52.45275,22.573765
"042","10pm",12.836486,12.894885,57.5334,16.735234
"043","10pm",11.95611,12.051581,52.56631,23.426
"044","10pm",9.852955,9.136749,51.59921,29.411086
"045","10pm",12.751811,11.564262,58.78257,16.90136
"046","10pm",15.362564,10.266662,54.29727,20.073502
"047","10pm",8.01016,10.425677,60.85329,20.710872
"048","10pm",16.488837,16.035191,51.27004,16.205936
"049","10pm",7.21891,13.111961,60.75067,18.918457
"050","10pm",3.390467,18.597067,61.45539,16.557078
"051","10pm",12.894028,9.102618,56.15787,21.845481
"052","10pm",13.664131,10.700471,58.74814,16.887257
"053","10pm",13.790272,10.464533,59.27255,16.472644
"054","10pm",13.779168,13.787613,54.73651,17.696709
"055","10pm",12.129928,7.999958,61.13434,18.735778
"056","10pm",5.220609,8.438403,50.37931,35.961682
"057","10pm",15.922633,8.916181,56.13199,19.029198
"058","10pm",12.88631,10.527247,56.37442,20.21202
"059","10pm",13.486861,11.409443,49.91966,25.184036
"060","10pm",10.672861,16.478017,53.57125,19.27787
"061","10pm",10.188588,15.902867,56.51216,17.396389
"062","10pm",9.492468,8.454916,64.84689,17.205722
"063","10pm",10.995523,11.144542,62.66052,15.199419
"064","10pm",9.814636,14.218232,55.41218,20.554951
"065","10pm",10.556617,15.886767,53.40225,20.154366
"066","10pm",9.14527,13.820162,55.09347,21.9411
"067","10pm",11.538256,15.972232,52.5616,19.927908
"068","10pm",8.831113,5.322881,58.80675,27.039259
"069","10pm",3.342687,9.145338,69.49231,18.019659
"070","10pm",9.970851,13.223001,54.8057,22.000444
"071","10pm",7.277167,20.120957,49.03733,23.564547
"072","10pm",10.549309,9.661994,56.31452,23.474178
"073","10pm",10.359949,11.410424,45.31329,32.916337
"074","10pm",4.025623,16.864632,44.09765,35.012098
"075","10pm",14.628769,13.965253,47.54936,23.856618
"076","10pm",11.357365,10.410742,48.30185,29.930043
"077","10pm",9.401651,16.040189,48.95798,25.60018
"078","10pm",8.244882,10.382264,57.64213,23.730723
"079","10pm",10.001028,12.038838,51.47992,26.480212
"080","10pm",7.954024,7.942007,55.6422,28.461765
"001","11pm",46.596088,21.352375,25.6738,6.377733
"002","11pm",40.237664,24.614585,26.30451,8.84324
"003","11pm",26.029659,20.418299,39.91184,13.640201
"004","11pm",21.073318,17.174574,42.89747,18.85464
"005","11pm",28.153895,18.343402,35.08636,18.416343
"006","11pm",38.995017,20.488372,26.07119,14.445421
"007","11pm",23.407171,18.603064,42.35854,15.631228
"008","11pm",9.853916,18.34538,45.93287,25.867831
"009","11pm",18.661207,27.593937,32.8962,20.848658
"010","11pm",14.505181,20.695368,43.49213,21.307318
"011","11pm",15.425152,21.13977,44.78222,18.652858
"012","11pm",14.532276,15.727659,40.81703,28.923035
"013","11pm",20.101118,17.609127,46.92243,15.367328
"014","11pm",16.433166,20.272271,43.22812,20.066443
"015","11pm",14.779397,14.851073,48.47167,21.897862
"016","11pm",12.320549,16.768648,52.55964,18.351166
"017","11pm",19.881927,16.672473,41.97911,21.466489
"018","11pm",26.405016,24.333999,34.15554,15.105447
"019","11pm",16.907607,17.885651,48.34794,16.858807
"020","11pm",20.443051,20.174468,44.64027,14.742214
"021","11pm",25.573452,28.988835,32.15437,13.283339
"022","11pm",53.653497,23.423779,16.43732,6.485404
"023","11pm",26.753033,25.867017,41.59622,5.783732
"024","11pm",20.40328,17.158542,49.8554,12.58278
"025","11pm",50.677061,19.56505,23.63538,6.122508
"026","11pm",23.550787,23.063701,37.12491,16.2606
"027","11pm",9.613725,26.098444,46.3562,17.931633
"028","11pm",27.719397,30.338779,31.6229,10.318928
"029","11pm",13.580888,14.907723,50.0673,21.444085
"030","11pm",11.487701,5.361188,56.24596,26.905149
"031","11pm",12.699856,11.456404,52.51409,23.329653
"032","11pm",11.984238,17.280055,53.28179,17.453921
"033","11pm",14.925061,15.204653,49.73765,20.132634
"034","11pm",10.726213,9.653361,56.93358,22.686849
"035","11pm",17.270308,12.405181,48.3812,21.943313
"036","11pm",11.864617,9.001967,53.44735,25.686066
"037","11pm",8.633661,15.992656,54.58876,20.784922
"038","11pm",6.571949,8.571067,58.97646,25.880519
"039","11pm",16.76241,21.404879,46.68468,15.14803
"040","11pm",15.732876,7.265667,55.74281,21.258648
"041","11pm",12.539152,12.99959,51.77932,22.681935
"042","11pm",13.554992,12.71535,57.22743,16.502231
"043","11pm",11.043726,12.448417,52.31048,24.197374
"044","11pm",8.780153,9.527196,51.44411,30.248541
"045","11pm",12.448511,11.289209,59.76292,16.499364
"046","11pm",15.267841,10.819941,53.96248,19.949733
"047","11pm",9.924798,10.176186,59.8485,20.050517
"048","11pm",16.760165,14.117497,53.21859,15.903746
"049","11pm",7.15469,12.995317,61.09983,18.750158
"050","11pm",6.023821,17.427078,60.81109,15.738011
"051","11pm",12.516883,8.9223,56.73827,21.822545
"052","11pm",12.750581,10.508418,60.15684,16.584163
"053","11pm",13.316854,11.579869,58.61267,16.490608
"054","11pm",13.986017,13.994588,54.05703,17.962367
"055","11pm",12.830025,7.804752,61.08661,18.27861
"056","11pm",4.820931,9.295689,50.11229,35.771085
"057","11pm",16.54342,8.850348,55.71754,18.888695
"058","11pm",12.88631,10.527247,56.37442,20.21202
"059","11pm",13.869039,13.426973,48.32463,24.379357
"060","11pm",9.231525,16.614691,54.71602,19.437766
"061","11pm",10.020191,17.517604,55.35334,17.108862
"062","11pm",8.954202,9.307507,64.45963,17.278662
"063","11pm",10.925841,10.249116,63.72195,15.103096
"064","11pm",9.935861,14.393849,54.86145,20.808836
"065","11pm",10.215273,15.947396,53.60605,20.231281
"066","11pm",9.14527,13.820162,55.09347,21.9411
"067","11pm",11.361057,15.983169,52.71422,19.941554
"068","11pm",8.881012,5.352957,59.13902,26.627008
"069","11pm",3.342687,9.145338,69.49231,18.019659
"070","11pm",10.18923,13.512608,53.39254,22.905625
"071","11pm",7.177832,21.108096,48.47118,23.242887
"072","11pm",10.570576,8.298134,57.60979,23.521503
"073","11pm",9.987019,12.591544,45.69,31.731441
"074","11pm",3.955442,16.570621,45.64867,33.825264
"075","11pm",14.596539,13.934485,47.17913,24.289845
"076","11pm",11.357365,10.410742,48.30185,29.930043
"077","11pm",9.321712,15.903805,49.39197,25.382511
"078","11pm",8.244882,10.382264,57.64213,23.730723
"079","11pm",9.905766,12.574856,51.2914,26.227981
"080","11pm",9.438427,7.703102,54.7734,28.085069
"001","12pm",44.682433,23.375249,25.35398,6.588339
"002","12pm",41.669426,22.80086,25.05911,10.470605
"003","12pm",27.484748,20.079176,38.91838,13.5177
"004","12pm",20.960435,17.618246,42.66768,18.753641
"005","12pm",26.52062,18.177839,37.05142,18.250122
"006","12pm",40.343092,19.207044,26.51278,13.93708
"007","12pm",22.252567,18.19654,43.23506,16.315828
"008","12pm",9.853916,18.34538,45.93287,25.867831
"009","12pm",17.887597,27.6891,33.77246,20.650845
"010","12pm",13.938449,20.597435,44.3734,21.090717
"011","12pm",14.430469,20.730031,46.54818,18.291321
"012","12pm",14.417326,16.394256,40.49417,28.694253
"013","12pm",19.099075,18.413848,48.00627,14.480806
"014","12pm",16.515465,19.140952,43.44461,20.898973
"015","12pm",14.718231,14.789611,48.68492,21.807236
"016","12pm",12.320549,16.768648,52.55964,18.351166
"017","12pm",19.881927,16.672473,41.97911,21.466489
"018","12pm",26.332068,24.737908,34.10435,14.825678
"019","12pm",16.931028,17.7719,48.41491,16.882161
"020","12pm",20.559044,19.72154,44.89355,14.825861
"021","12pm",25.583173,27.435633,33.59168,13.38951
"022","12pm",54.461314,23.795541,15.3418,6.401347
"023","12pm",26.65311,25.637124,41.94764,5.76213
"024","12pm",20.243706,17.024345,50.24758,12.48437
"025","12pm",49.898633,20.712357,23.3424,6.046613
"026","12pm",25.087675,21.845085,36.90358,16.163659
"027","12pm",11.778561,26.204722,44.43766,17.579052
"028","12pm",29.032287,31.19674,28.93498,10.83599
"029","12pm",12.188087,15.686726,50.41127,21.713917
"030","12pm",11.487701,5.361188,56.24596,26.905149
"031","12pm",11.129008,11.766424,53.1436,23.960973
"032","12pm",10.900388,17.492846,53.93791,17.668853
"033","12pm",14.166797,15.121072,50.20953,20.5026
"034","12pm",9.807367,10.686257,56.62396,22.882415
"035","12pm",17.758798,12.356994,48.02613,21.858076
"036","12pm",11.800896,8.953621,53.69737,25.548114
"037","12pm",8.633446,15.992259,54.58989,20.784405
"038","12pm",7.627397,9.087699,58.09589,25.18901
"039","12pm",16.604605,21.203368,46.24518,15.946849
"040","12pm",16.756061,8.756597,54.23277,20.254573
"041","12pm",12.657784,13.122577,52.2692,21.950439
"042","12pm",13.919284,12.571765,57.19307,16.315883
"043","12pm",10.612896,11.670224,51.96552,25.751361
"044","12pm",9.370446,9.522281,52.41386,28.693411
"045","12pm",12.448511,11.289209,59.76292,16.499364
"046","12pm",15.164271,10.746544,54.27478,19.814403
"047","12pm",9.924798,10.176186,59.8485,20.050517
"048","12pm",16.760165,14.117497,53.21859,15.903746
"049","12pm",7.15469,12.995317,61.09983,18.750158
"050","12pm",6.733026,17.295562,60.35217,15.619242
"051","12pm",12.516883,8.9223,56.73827,21.822545
"052","12pm",12.750581,10.508418,60.15684,16.584163
"053","12pm",13.037732,12.385158,58.43215,16.144964
"054","12pm",13.90805,14.474036,53.75568,17.862233
"055","12pm",12.618507,7.676082,61.72815,17.977266
"056","12pm",4.87647,9.40278,49.53757,36.183184
"057","12pm",16.418683,8.783617,56.05142,18.746275
"058","12pm",12.88631,10.527247,56.37442,20.21202
"059","12pm",13.869039,13.426973,48.32463,24.379357
"060","12pm",9.291463,16.722566,54.422,19.563971
"061","12pm",10.020191,17.517604,55.35334,17.108862
"062","12pm",10.334644,9.752647,62.6723,17.240407
"063","12pm",10.925841,10.249116,63.72195,15.103096
"064","12pm",9.935861,14.393849,54.86145,20.808836
"065","12pm",10.395859,16.229315,52.7859,20.58893
"066","12pm",9.14527,13.820162,55.09347,21.9411
"067","12pm",11.361057,15.983169,52.71422,19.941554
"068","12pm",9.812603,5.298229,58.53439,26.354776
"069","12pm",3.342687,9.145338,69.49231,18.019659
"070","12pm",9.970103,13.222009,53.85159,22.9563
"071","12pm",7.177832,21.108096,48.47118,23.242887
"072","12pm",10.570576,8.298134,57.60979,23.521503
"073","12pm",9.987019,12.591544,45.69,31.731441
"074","12pm",3.931986,16.472354,45.97099,33.624674
"075","12pm",14.658675,13.993803,46.95428,24.393245
"076","12pm",10.023451,11.911671,48.19873,29.866146
"077","12pm",9.321712,15.903805,49.39197,25.382511
"078","12pm",8.243045,10.379951,57.65157,23.725437
"079","12pm",9.773423,12.406854,51.94215,25.877572
"080","12pm",9.315434,7.602722,54.85996,28.221889
"001","1am",45.069255,23.063956,25.097,6.769785
"002","1am",37.872172,22.389916,27.36909,12.368823
"003","1am",28.547198,20.010282,38.18095,13.261567
"004","1am",21.000053,17.04496,43.81158,18.143409
"005","1am",28.028629,18.545836,34.80595,18.619582
"006","1am",37.920668,19.77548,28.71944,13.584407
"007","1am",23.438051,17.478631,42.44557,16.637745
"008","1am",10.299492,16.314102,46.34888,27.037528
"009","1am",16.238423,28.245217,34.45076,21.065603
"010","1am",13.96683,21.403709,43.86076,20.768702
"011","1am",14.589476,20.958453,45.9592,18.492871
"012","1am",14.253721,17.281169,40.09647,28.368637
"013","1am",19.099075,18.413848,48.00627,14.480806
"014","1am",16.416704,19.624482,43.18482,20.773999
"015","1am",15.142542,14.716027,48.4427,21.698736
"016","1am",12.320549,16.768648,52.55964,18.351166
"017","1am",19.135659,16.204476,42.78254,21.877329
"018","1am",26.15719,24.573617,34.54198,14.727217
"019","1am",17.34883,17.682515,48.1714,16.797251
"020","1am",20.559044,19.72154,44.89355,14.825861
"021","1am",25.583173,27.435633,33.59168,13.38951
"022","1am",55.415332,23.210509,15.08144,6.292715
"023","1am",26.65311,25.637124,41.94764,5.76213
"024","1am",20.086609,16.892231,50.63367,12.387487
"025","1am",49.818033,21.048699,23.13927,5.993996
"026","1am",25.616903,21.690758,36.64287,16.049468
"027","1am",11.778561,26.204722,44.43766,17.579052
"028","1am",29.032287,31.19674,28.93498,10.83599
"029","1am",12.9021,16.270809,49.50398,21.323114
"030","1am",12.493447,4.495712,56.15108,26.859762
"031","1am",11.129008,11.766424,53.1436,23.960973
"032","1am",11.823466,17.311619,53.37911,17.485803
"033","1am",13.479673,15.7692,50.23722,20.513907
"034","1am",7.107551,11.006139,58.31894,23.567375
"035","1am",18.019903,12.894938,46.90571,22.179451
"036","1am",11.800896,8.953621,53.69737,25.548114
"037","1am",8.624194,16.082283,54.53139,20.762132
"038","1am",8.686049,10.368873,56.24627,24.698808
"039","1am",16.604605,21.203368,46.24518,15.946849
"040","1am",16.756061,8.756597,54.23277,20.254573
"041","1am",12.519842,12.97957,52.78936,21.711228
"042","1am",14.555647,13.180212,56.22455,16.039588
"043","1am",10.551701,11.602933,52.24249,25.602876
"044","1am",9.495488,9.649349,51.77886,29.076305
"045","1am",12.577121,10.37271,60.38035,16.669824
"046","1am",15.076273,10.684182,54.54012,19.699421
"047","1am",9.924798,10.176186,59.8485,20.050517
"048","1am",16.760165,14.117497,53.21859,15.903746
"049","1am",7.15469,12.995317,61.09983,18.750158
"050","1am",6.733026,17.295562,60.35217,15.619242
"051","1am",12.344602,8.799494,57.33372,21.522181
"052","1am",13.001501,8.747304,61.34067,16.910525
"053","1am",12.940095,12.292408,58.74344,16.024058
"054","1am",13.487889,14.544675,54.01803,17.949408
"055","1am",12.437885,7.566206,62.27597,17.719939
"056","1am",4.87647,9.40278,49.53757,36.183184
"057","1am",15.396251,8.891065,56.73709,18.975594
"058","1am",12.88631,10.527247,56.37442,20.21202
"059","1am",13.869039,13.426973,48.32463,24.379357
"060","1am",9.291463,16.722566,54.422,19.563971
"061","1am",10.020191,17.517604,55.35334,17.108862
"062","1am",10.334644,9.752647,62.6723,17.240407
"063","1am",11.840736,10.143845,63.06745,14.94797
"064","1am",9.950504,14.415062,54.79493,20.839502
"065","1am",10.301209,16.081554,53.21576,20.401477
"066","1am",9.728104,13.731505,54.74004,21.800348
"067","1am",11.361057,15.983169,52.71422,19.941554
"068","1am",9.812603,5.298229,58.53439,26.354776
"069","1am",3.342687,9.145338,69.49231,18.019659
"070","1am",9.970103,13.222009,53.85159,22.9563
"071","1am",7.177832,21.108096,48.47118,23.242887
"072","1am",10.570576,8.298134,57.60979,23.521503
"073","1am",9.987019,12.591544,45.69,31.731441
"074","1am",3.963788,16.605585,45.92866,33.501963
"075","1am",14.658675,13.993803,46.95428,24.393245
"076","1am",10.643835,11.739685,48.18156,29.434924
"077","1am",9.256127,15.791911,49.74803,25.203928
"078","1am",8.297905,10.449033,57.36973,23.883336
"079","1am",9.773423,12.406854,51.94215,25.877572
"080","1am",9.18224,8.923836,54.07556,27.818367
"001","2am",45.665677,22.813534,24.82451,6.696281
"002","2am",37.897061,21.651877,27.86026,12.590797
"003","2am",27.979466,19.549451,39.00046,13.470624
"004","2am",19.874727,17.287759,44.43566,18.401856
"005","2am",28.221189,18.496217,34.71283,18.569765
"006","2am",37.920668,19.77548,28.71944,13.584407
"007","2am",23.438051,17.478631,42.44557,16.637745
"008","2am",11.744257,16.051338,45.60236,26.602047
"009","2am",15.848908,29.753702,33.59061,20.806777
"010","2am",14.016886,21.480418,44.01795,20.484743
"011","2am",14.514774,20.851139,46.2359,18.398182
"012","2am",14.822964,17.166444,39.83028,28.180307
"013","2am",19.213576,17.92473,48.29407,14.567621
"014","2am",15.78132,19.773663,43.5131,20.931919
"015","2am",14.892666,14.75936,48.58534,21.762632
"016","2am",12.320549,16.768648,52.55964,18.351166
"017","2am",18.538357,16.32417,43.09855,22.038925
"018","2am",26.15719,24.573617,34.54198,14.727217
"019","2am",17.34883,17.682515,48.1714,16.797251
"020","2am",20.559044,19.72154,44.89355,14.825861
"021","2am",25.583173,27.435633,33.59168,13.38951
"022","2am",55.544262,23.143389,15.03783,6.274518
"023","2am",26.121748,25.822852,42.25153,5.803874
"024","2am",20.086609,16.892231,50.63367,12.387487
"025","2am",50.862911,20.610428,22.65747,5.86919
"026","2am",25.616903,21.690758,36.64287,16.049468
"027","2am",11.809935,26.712739,44.05117,17.426159
"028","2am",29.020059,31.956573,28.19194,10.831426
"029","2am",13.397446,16.178273,49.22244,21.201845
"030","2am",12.493447,4.495712,56.15108,26.859762
"031","2am",11.129008,11.766424,53.1436,23.960973
"032","2am",11.823466,17.311619,53.37911,17.485803
"033","2am",13.479673,15.7692,50.23722,20.513907
"034","2am",7.107551,11.006139,58.31894,23.567375
"035","2am",18.019903,12.894938,46.90571,22.179451
"036","2am",11.800896,8.953621,53.69737,25.548114
"037","2am",9.347217,15.614853,54.87925,20.158683
"038","2am",8.686049,10.368873,56.24627,24.698808
"039","2am",16.464895,21.866356,45.85608,15.812673
"040","2am",16.756061,8.756597,54.23277,20.254573
"041","2am",12.519842,12.97957,52.78936,21.711228
"042","2am",14.555647,13.180212,56.22455,16.039588
"043","2am",10.551701,11.602933,52.24249,25.602876
"044","2am",9.495488,9.649349,51.77886,29.076305
"045","2am",12.886797,10.628109,59.40482,17.080272
"046","2am",15.076273,10.684182,54.54012,19.699421
"047","2am",9.924798,10.176186,59.8485,20.050517
"048","2am",16.760165,14.117497,53.21859,15.903746
"049","2am",7.15469,12.995317,61.09983,18.750158
"050","2am",6.733026,17.295562,60.35217,15.619242
"051","2am",12.344602,8.799494,57.33372,21.522181
"052","2am",12.952969,8.714652,61.1117,17.220681
"053","2am",12.940095,12.292408,58.74344,16.024058
"054","2am",13.487889,14.544675,54.01803,17.949408
"055","2am",12.437885,7.566206,62.27597,17.719939
"056","2am",4.921373,8.568558,49.99371,36.51636
"057","2am",15.396251,8.891065,56.73709,18.975594
"058","2am",12.795233,10.452843,56.68276,20.069166
"059","2am",13.869039,13.426973,48.32463,24.379357
"060","2am",9.291463,16.722566,54.422,19.563971
"061","2am",10.020191,17.517604,55.35334,17.108862
"062","2am",10.334644,9.752647,62.6723,17.240407
"063","2am",11.928054,10.21865,62.79509,15.058202
"064","2am",10.042976,13.619705,55.30415,21.033168
"065","2am",10.301209,16.081554,53.21576,20.401477
"066","2am",9.618137,13.576284,54.70007,22.105511
"067","2am",11.361057,15.983169,52.71422,19.941554
"068","2am",9.812603,5.298229,58.53439,26.354776
"069","2am",3.342687,9.145338,69.49231,18.019659
"070","2am",9.970103,13.222009,53.85159,22.9563
"071","2am",7.177832,21.108096,48.47118,23.242887
"072","2am",10.570576,8.298134,57.60979,23.521503
"073","2am",9.987019,12.591544,45.69,31.731441
"074","2am",3.963788,16.605585,45.92866,33.501963
"075","2am",14.658675,13.993803,46.95428,24.393245
"076","2am",10.643835,11.739685,48.18156,29.434924
"077","2am",9.137083,16.874927,49.10821,24.879776
"078","2am",8.239689,10.375726,57.66881,23.715778
"079","2am",9.773423,12.406854,51.94215,25.877572
"080","2am",9.18224,8.923836,54.07556,27.818367
"001","3am",45.275316,22.977436,25.00286,6.74439
"002","3am",37.897061,21.651877,27.86026,12.590797
"003","3am",28.155241,19.289985,38.99952,13.555251
"004","3am",19.874727,17.287759,44.43566,18.401856
"005","3am",28.010801,19.103824,34.45405,18.431328
"006","3am",38.181072,19.470605,28.74963,13.598687
"007","3am",22.693592,17.648587,42.8583,16.799524
"008","3am",11.744257,16.051338,45.60236,26.602047
"009","3am",15.848908,29.753702,33.59061,20.806777
"010","3am",14.712362,21.458857,43.3646,20.464181
"011","3am",14.514774,20.851139,46.2359,18.398182
"012","3am",14.822964,17.166444,39.83028,28.180307
"013","3am",19.213576,17.92473,48.29407,14.567621
"014","3am",15.598113,19.816678,43.60776,20.977454
"015","3am",14.892666,14.75936,48.58534,21.762632
"016","3am",12.320549,16.768648,52.55964,18.351166
"017","3am",18.538357,16.32417,43.09855,22.038925
"018","3am",26.15719,24.573617,34.54198,14.727217
"019","3am",17.34883,17.682515,48.1714,16.797251
"020","3am",20.559044,19.72154,44.89355,14.825861
"021","3am",25.583173,27.435633,33.59168,13.38951
"022","3am",55.832521,23.149113,14.8304,6.187967
"023","3am",25.516108,26.034543,42.5979,5.851453
"024","3am",20.086609,16.892231,50.63367,12.387487
"025","3am",51.171756,20.480884,22.51506,5.8323
"026","3am",25.616903,21.690758,36.64287,16.049468
"027","3am",12.007706,25.485457,44.78886,17.71798
"028","3am",29.020059,31.956573,28.19194,10.831426
"029","3am",13.397446,16.178273,49.22244,21.201845
"030","3am",12.130678,4.514349,56.38386,26.971112
"031","3am",11.129008,11.766424,53.1436,23.960973
"032","3am",11.823466,17.311619,53.37911,17.485803
"033","3am",13.411201,16.197063,49.98203,20.409703
"034","3am",7.107551,11.006139,58.31894,23.567375
"035","3am",18.019903,12.894938,46.90571,22.179451
"036","3am",11.715918,9.609246,53.31069,25.364141
"037","3am",9.347217,15.614853,54.87925,20.158683
"038","3am",8.627237,10.298667,56.54252,24.531575
"039","3am",16.464895,21.866356,45.85608,15.812673
"040","3am",16.756061,8.756597,54.23277,20.254573
"041","3am",12.519842,12.97957,52.78936,21.711228
"042","3am",14.555647,13.180212,56.22455,16.039588
"043","3am",10.551701,11.602933,52.24249,25.602876
"044","3am",9.559135,9.714028,51.45564,29.2712
"045","3am",12.886797,10.628109,59.40482,17.080272
"046","3am",15.076273,10.684182,54.54012,19.699421
"047","3am",9.924798,10.176186,59.8485,20.050517
"048","3am",16.760165,14.117497,53.21859,15.903746
"049","3am",7.204525,13.085833,60.82888,18.880759
"050","3am",6.733026,17.295562,60.35217,15.619242
"051","3am",12.344602,8.799494,57.33372,21.522181
"052","3am",12.952969,8.714652,61.1117,17.220681
"053","3am",13.064737,12.410811,58.34605,16.178405
"054","3am",13.487889,14.544675,54.01803,17.949408
"055","3am",12.351973,7.513945,62.53654,17.597542
"056","3am",4.921373,8.568558,49.99371,36.51636
"057","3am",15.396251,8.891065,56.73709,18.975594
"058","3am",12.795233,10.452843,56.68276,20.069166
"059","3am",13.869039,13.426973,48.32463,24.379357
"060","3am",9.291463,16.722566,54.422,19.563971
"061","3am",10.020191,17.517604,55.35334,17.108862
"062","3am",10.334644,9.752647,62.6723,17.240407
"063","3am",11.928054,10.21865,62.79509,15.058202
"064","3am",10.042976,13.619705,55.30415,21.033168
"065","3am",10.301209,16.081554,53.21576,20.401477
"066","3am",9.618137,13.576284,54.70007,22.105511
"067","3am",11.282818,16.561761,52.3512,19.804224
"068","3am",9.812603,5.298229,58.53439,26.354776
"069","3am",3.342687,9.145338,69.49231,18.019659
"070","3am",9.970103,13.222009,53.85159,22.9563
"071","3am",7.177832,21.108096,48.47118,23.242887
"072","3am",10.570576,8.298134,57.60979,23.521503
"073","3am",9.908157,13.281761,45.32921,31.480875
"074","3am",3.963788,16.605585,45.92866,33.501963
"075","3am",14.777255,13.298066,47.33411,24.590572
"076","3am",10.643835,11.739685,48.18156,29.434924
"077","3am",9.137083,16.874927,49.10821,24.879776
"078","3am",8.239689,10.375726,57.66881,23.715778
"079","3am",9.773423,12.406854,51.94215,25.877572
"080","3am",9.18224,8.923836,54.07556,27.818367
