SECT_EGT;h10;h11;h12;h13;h14;h15;h16;h17;h18;h19;h20;h21;h22;h23;h0;h1;h2;h3;h4;h5;h6;h7;h8;h9
7501;22.5564999331747;23.7188333071973;22.5128825657351;21.7666324571877;22.3464031680205;22.5914365787713;20.8896061888507;21.1394665046576;19.1096882116649;17.6247524527552;13.0167175693886;13.6861925233525;13.7051080610136;14.9724745548896;16.2845368593272;15.3338175786341;15.3239111140664;15.2580973020337;16.5439529324746;16.5439529324746;17.7303804838818;18.8884430640057;18.7746602943666;20.9125456363016
7502;18.7794793218046;17.6121167341878;18.3031168800831;17.2613783079465;17.15079874604;17.6089579832255;17.4541779040227;17.9913709538806;14.8541714332423;14.3029474337295;12.8845557824235;11.2100320871097;11.6640277247911;10.1915583859802;8.59180433324465;8.32560072522106;9.8014500369818;9.97520450846121;9.60589264687256;9.85137079628312;9.80699515256492;9.21291820755164;11.2816526001447;15.9347913306023
7503;21.8549956466802;22.8134552685636;23.2496569939029;22.6979227124468;23.5408157158919;23.3038695561668;21.4802740735618;21.9078963633866;19.2245486659534;15.5960633838762;14.9045428080438;14.2261701260731;14.8971165894081;15.4195261832613;13.4352810247331;13.9759424165799;14.2497249021945;14.3623809818844;13.2933592108573;13.2933592108573;12.9105241731783;15.1948869229501;16.4519779290887;21.3684836764621
7504;20.0223087826404;18.9759326666126;17.5095777161933;18.0963680119475;19.0934295545171;20.1253405620656;19.8501563946808;21.778335297384;20.4650837823466;17.8024581523224;17.5766908726019;16.9832332433091;16.2265688796081;17.0594824672855;15.8993709319094;16.7133380754051;16.8706443371686;16.867301357255;15.1347139055374;15.5308884272766;14.5862422267978;14.1838067435989;14.6352025565434;18.8694335798613
7505;15.2212703556506;15.9007682501353;16.3454780673625;16.18193439582;13.9794084062619;15.706115659692;17.0983703120628;14.5481997476531;12.8804125576418;14.1331196872473;15.5327050711463;15.022748211684;14.7088730201046;14.0685322662076;13.4287873356319;13.6581743678901;14.3564004520233;14.3093884903648;13.45417257868;13.45417257868;13.3852828705214;13.1660139939115;13.1020541411874;14.5595041584221
7506;25.0637825505862;25.355120277601;24.2837036446005;22.734160660079;22.6669360894112;23.042761362385;21.3892312152538;20.425632119656;22.0781677947259;22.0853128329778;24.6656774089235;24.992579620505;24.1886689474054;21.1524702203155;22.0950360633492;21.670613853709;22.0859714970491;22.0413852903549;22.5213012183181;22.5213012183181;22.2301992233096;22.692318552122;23.6117346751652;25.1463697700208
7507;18.2558228703555;18.7801600002679;17.7638633968066;17.7546520619015;17.6067053102941;17.3724265529363;16.0778312929222;16.750200178393;16.0268367240047;16.1761267204664;18.7608902840511;18.8688827204197;18.7606361632731;17.7244312867142;18.498645599991;19.2349236688369;19.113948945565;18.9806877409189;19.3027587727053;19.425510957165;19.5338688465436;19.6766344490432;20.1781844397812;18.8093716898559
7508;19.0615185858407;17.5729247130877;17.9108736242552;19.4420087579427;19.843409943796;19.389144911756;20.9289692782132;20.2260586168438;19.5127867185773;20.324850824992;18.8611024800549;15.6881520734999;16.6746911593696;18.4217136730538;19.3580261452491;17.3923088514586;17.6275354951416;18.0118852634269;18.9373441408743;19.0149270901315;18.9824131832613;19.7078898977234;19.8693554535853;22.4640226088908
7509;17.0763074697954;16.9225639043149;17.9060512140402;17.418124089565;16.0949001107253;16.7945750953367;17.9470802424743;18.3581199733238;18.192903679753;17.1717315289304;15.5723539347843;14.3393693568175;13.2404047563707;12.79623016215;13.5953276042467;12.4733110714454;12.4144805461551;12.4889162186273;11.881766947732;12.4998551329866;12.4913446486055;12.2628778646428;14.6517746159402;16.5590109164016
7510;10.9865637841715;11.9215650929709;12.2852546040298;12.5311894731331;13.8272555287846;12.1734972702326;12.6023869387406;12.705791306522;12.5698558376266;11.5200462230246;10.524410376255;9.88887808619986;9.00209951034407;9.12444239817845;10.1464939496332;9.93454617611998;9.86619855820116;9.96394442616889;9.39533466836039;9.48439050044616;9.33344665428166;8.48018135395019;9.66290075936999;10.0768353952158
7511;16.4305335159756;16.3379345545526;17.8311780954704;16.1393303402327;17.865768015939;18.0718404694758;14.4581538118268;14.058927405288;13.2671611324585;13.9574410378318;13.7311647172244;13.8056648232707;12.4403130797756;12.2938532005776;11.9278933186172;11.1986240557634;10.8880055013387;11.1146711485719;10.6902437473577;10.3293503864886;10.3540827230306;10.5634674049721;13.4975385697966;16.0146047343994
7512;12.377476068223;12.7910552572153;12.7452542111802;12.8116490293291;11.9887839284572;11.6774927689501;11.8522874043565;12.240727860702;12.0360609364401;10.5529580080269;11.2667200995328;10.9134301319308;10.6014886355619;10.3878922793125;9.53531406136282;9.82856936638971;9.6002728395411;9.68522175326162;8.18503643237252;8.20349888181688;8.81105344058613;9.18180964633986;9.6029791883218;10.6492117251213
7513;19.3459139235384;19.7833907836121;20.3328250299962;19.3748370233923;20.2486356126581;18.5250368118458;18.3298811605334;18.3935126381698;17.3359158483315;16.8545283301482;17.5184948214292;17.0393950938482;16.8600610843851;16.9032269411609;17.7876362984529;17.9380932328528;17.5105690032873;17.5105690032873;17.1375956705291;17.1375956705291;17.7227053784167;18.4877186378321;17.5831523929222;20.32987297872
7514;15.7294324212129;15.7629409330258;15.8932163666368;15.4690352515192;15.4551422929842;14.958129004526;16.8447880347618;17.8762741080003;15.8909881913971;16.3743531269706;16.1430917483352;14.5499249280162;14.2849449140792;14.3313025665025;14.0600475357118;14.1231063205135;14.0856407624175;13.8869590765107;14.1035325940637;13.8877008082192;13.6538751147075;14.8740776165083;14.6871902970875;14.0049029692526
7701;31.118279248717;31.7065400368782;32.1015141494789;31.2080750070389;32.3092594072982;31.6017484305098;31.6286918048129;31.7402198399461;37.3079937617771;40.1592770436166;38.7987828778826;38.4757400346762;39.1889375812321;37.9950815632171;38.0429473188192;38.5613572621196;38.6295847071528;38.6295847071528;38.5119216484504;38.5304244983956;35.446066114924;33.0747311395008;33.999572358825;30.9266980998189
7702;22.9148751504988;21.635709962704;21.8280402356409;22.2520622388589;25.0387457746465;26.6627187796322;27.070090451935;24.666689694158;19.5015278555761;18.7414814805676;19.4403639538566;20.0097584672178;18.3658401684569;17.7527299882559;17.8906838132327;17.1423338566121;17.2637699126743;17.1042573964674;17.5208830510584;17.6152704588392;17.6201003394217;18.8455567251338;20.4140317053226;22.9956848524647
7703;23.5988110180987;25.033433718315;23.3041756967581;23.141121901779;25.5223801249998;22.3076936664043;22.6837002863489;23.5064585457729;24.1670609362775;27.4672155637431;28.8695955888233;28.4579948897778;28.8309765736262;29.2948863623376;29.2516579280986;28.8665562217887;29.0641262293465;29.1118911465943;29.657342936726;29.7141515469849;30.9037691264448;30.702075220467;26.9404448986995;26.4442245026092
7704;27.9245921556435;26.1666309391061;25.7867856243018;27.535823657522;27.7604601343222;27.7883920013327;25.6634039524812;24.5071482458334;25.2065033742096;25.7589697338962;28.7483215734632;29.189779007441;28.2038581704215;29.7534026421214;29.7470055900545;29.7470055900545;29.7470055900545;29.7470055900545;29.4979178842453;28.9500248719374;29.354489523156;27.9197570411352;28.8548387526506;26.9222456182547
7705;24.4035847238851;24.6745157462039;25.7393376846758;22.2599271526521;24.9958748678447;23.5577000620213;25.9752963133421;27.9613196559564;28.26602169286;28.1339276104764;26.7101637228314;26.7283548272285;28.8125452987153;28.0946934459565;29.0678740105266;29.5882273564756;29.5882273564756;29.5882273564756;29.8658127511898;29.7800236090041;29.1813400599687;27.6035232195267;21.1545489290964;19.3672575503155
7706;28.4506135263579;27.0619596499481;27.4520544736528;27.5887443051993;27.5764221550241;26.1155853131937;25.1085298510535;24.0660466353225;24.0319769945234;23.4567256880271;23.4941745634081;24.1427928458728;24.6246680807691;24.4424547142258;24.4196528546784;24.764911316593;24.6059356201864;24.5441801175418;25.2042173003451;25.6548802369075;25.8017913125433;26.8234054374746;26.5994943061707;27.1015242471278
7707;19.9669202782973;20.2061216910971;19.6744505440892;19.5361114624844;20.6324315633437;21.3043075896498;20.7873671332176;22.7117806425825;24.3437224430539;24.2565217067222;25.2083128349369;24.594396379849;24.4871202886476;24.195601075598;23.9329860939942;23.8498786481383;23.8498786481383;23.8498786481383;24.2659698427514;23.4164579497018;23.039722191265;23.3420106448911;23.4956151378447;21.292982663532
7708;31.0295832929267;30.4805341818128;28.7817831767311;28.333698753669;27.9906764655908;26.5785113833929;27.5361755759349;26.2941767644111;26.1311264195622;29.1085201642269;29.4260528446164;29.9155212030581;28.5698264956934;29.8637915611789;29.2770430745197;28.564869293487;28.4982892361805;28.4982892361805;28.4155615623089;28.4842393993564;29.3658690090645;28.6990354629198;27.5142044221414;30.504368688149
7709;28.1885936106209;24.6088203200732;24.2607219392988;25.3531595852116;26.5367051195011;28.4181309766816;28.3023327446908;28.9897147157353;27.6694239382083;28.0747289904508;27.1003723988936;27.8587651208462;28.3011119652558;28.9080684977461;28.9080684977461;28.9080684977461;29.3463577952851;29.4598584982631;29.9172306848283;30.1918405275916;28.6976470752177;29.978123421608;26.7871797739772;25.7624319262175
7710;22.4039775409438;22.7485646083516;21.4055737504565;20.0660260582854;20.7193630879302;20.489702356937;18.9919631619365;19.4602091833372;24.2057726296826;24.1869756200779;24.3277365431202;23.6099571482067;24.2126655889631;24.0669140221596;22.7423152413512;23.5458835391566;23.3283092646089;23.4701614143838;22.305088747173;22.2868502836219;22.7028483717489;23.6689490033557;21.898667973658;21.2347937792557
7711;29.1865638589456;32.3065780786716;30.4349979812718;33.0243236670622;30.5178472368219;29.9291605301317;30.0388031274071;31.4673942237739;34.5093890685212;37.95303376494;38.109981342096;38.0207892215509;37.1293984145392;37.0447097657493;37.5178074033785;37.4868285388032;37.587887135161;37.587887135161;38.1635352353288;38.6971423287091;38.6847219524766;39.2540020822931;33.6923946943985;29.7194616981989
7712;23.099867578692;23.5653754457685;24.1163511252751;23.7269610574276;23.9404178552591;24.098511517005;22.2637003293855;21.066490314272;22.0179124606874;23.135203308636;21.1654884869116;22.6836056523257;23.0291051487157;23.3218335285996;22.9946633218663;22.9946633218663;22.9946633218663;22.7491196146034;23.2609621879841;22.8844571767215;22.5881443366168;22.0601522305739;22.900727581251;21.0176924417659
7713;22.8252028343266;22.7270798107128;21.7796534112236;23.0446854792487;21.8650817200618;24.5653070036423;22.7755014371699;21.4612430472278;22.4028402141233;23.4247592341588;23.5139299539631;23.8666795216415;24.120030430525;23.5823893671267;23.7325086016886;23.831094832754;23.5926417859974;23.5917654590434;23.7037741321248;23.7672855243423;23.4153880879215;24.1043175245729;24.1313588576203;23.2859730510013
7714;27.2851480390743;27.228751623295;27.2753878663067;26.9800645797458;27.6006243823594;25.678000190177;26.9922177443242;27.6995354998433;27.1703758694435;23.4452391685055;23.6167061654782;23.4633442342242;23.7889170062648;24.2665278846117;24.098203130193;24.098203130193;24.4208962789727;24.4208962789727;24.5234703515147;24.4178405003168;24.470387613485;25.0230984388574;23.8319113625279;27.0791577514988
7715;18.2788925004062;18.1190320959316;20.1952292361907;20.1035298246727;19.8240069168044;19.4328895578493;19.9739245588524;20.4272379181719;19.469462641103;20.1250193087245;21.5896199737431;23.0081648191731;23.6247226800526;22.0675614981659;22.303977907267;22.166999398887;22.166999398887;22.158300921914;22.8786407794773;22.552562433065;23.0754378158942;20.9064399825317;20.9920260255217;19.340807290681
7716;33.2965170077004;33.9493805133673;32.6372718769057;31.2839915007863;34.6151069679086;33.6235111076465;34.8497370009865;34.4073358705783;30.473689691432;29.7134733135457;29.726927410765;28.8404834362489;28.330266243634;28.4665114830349;28.3537115868771;28.4682766856992;28.4861025260276;28.4861025260276;29.0187657783228;28.8300204044245;28.9932483684835;29.9146713438323;28.6470564361549;33.8999731778731
7801;17.7452020326633;17.846966063509;15.3038839865903;15.7058621061142;16.0299171451926;18.0162598184183;17.7479258537326;21.3194944181932;18.1434705826975;19.1002531081513;17.6330583648256;16.724169406863;16.4918466296102;15.6384063398769;17.4280807681818;17.2000719902171;17.0156038612406;17.0156038612406;16.5715986273324;16.0534903861925;15.4887620602672;16.129654816397;18.2379129031783;18.9229990680458
7802;23.6759639314242;26.0518427158824;27.6187799155396;26.0970273143016;25.923158791542;27.4372656408063;28.9545926614979;27.4603175945073;25.8687238943373;25.2817965116618;23.5475592827697;21.6515428960388;21.4643010197676;21.7449130380816;20.8321085120005;20.8688528607736;20.8688528607736;20.8688528607736;20.8045232392785;21.2079265278606;21.3732767136629;22.4507261268881;22.9490311722135;27.2368835444211
7803;24.7751840367501;24.3062743256222;25.5357679044974;26.6084464400592;25.5014260651519;23.775954097116;24.6836763865105;27.8623366560199;26.3691924988588;28.5035918226451;27.3440688473294;29.0239712791938;28.5429781199825;29.4996892474557;30.1084670065125;28.9706984268297;29.3746780428256;29.3746780428256;28.4121629789799;28.4121629789799;28.145779685945;28.0283398732436;25.475659902341;23.983283205445
7804;19.0094521290388;19.6747111197937;21.1726266349872;16.7133757962992;19.2213167714396;19.8886105540294;19.5132792560386;20.7003081386617;20.1194678648362;17.7363902325785;17.9125029748108;17.6201302859982;18.3651402137571;19.3438336654474;19.0850152459251;19.3537731997534;19.3537731997534;19.3537731997534;20.3725320847068;20.4789310555735;20.8977254395083;20.0337032050149;18.5991164825385;17.6777393260072
7805;21.5249233380042;22.94049557851;23.5056062738982;23.857657919523;24.1045647614894;24.8939682744449;26.5988607086216;24.5601106710133;25.4992798367873;28.2426106504231;26.1714665216646;27.4404861905445;26.7481885168629;25.3674120780186;25.4667299023736;25.4667299023736;25.7218991323268;25.7218991323268;25.8858411423352;25.8858411423352;25.9686640156288;25.1546324300974;22.0662573950828;24.1851218730951
7806;24.3062774699293;25.3320295815671;25.5459295028268;24.3952775476983;27.3968979525643;27.860387792045;28.0400608420705;26.4787797968015;25.8407054167678;24.7887102711637;25.8348915947809;24.827331882238;24.7920658381365;24.685298100604;24.7517230726132;24.7509550071251;24.3707300465803;24.3075174327757;24.3105564959223;24.4869199051825;24.2582107700893;23.4408726520854;25.128195358029;24.4608565774461
7807;23.3542572988935;26.2699823746105;25.7049501670014;24.3454437413916;21.0623294776053;20.5367603849181;22.5588271076392;19.5971578742631;23.575637262801;25.5614232941899;24.7855529861601;24.7657608118348;24.491652633865;23.5217404079832;23.5206695570705;24.4328567254345;24.4328567254345;24.5335766353475;23.9977660611955;24.4364559574662;24.7447512050894;24.4216217592268;26.3428706776112;25.8659398971937
7808;22.0891734664256;20.6451138334009;19.6484216625651;20.7016275127519;20.0532548968581;16.6406737720809;19.752751522501;21.3466151633929;24.0415836666127;23.8239848240015;24.1642655987476;23.9971373461869;23.7933289566279;24.669094224309;24.3852743475005;24.2126604163758;24.5211484699551;24.4286181461418;23.9876328111188;24.2259063178476;25.0366523066426;24.9670263836546;21.9262268103956;20.5756368629838
7809;20.545860053307;18.6556360967031;18.505761653155;19.6512767232914;20.895280435722;21.3441435748211;20.3973329196022;21.9738781440443;21.4206351777917;24.6328061564185;24.501700690165;26.9794596151372;27.231672849923;26.340705140661;26.3672326733563;26.1846184791103;26.3826693990382;26.4675609684797;26.6778008752127;26.5635903004662;26.5177731811073;25.5621786568589;22.5751447430652;21.0280209819024
7810;10.3997702427558;12.0404147353732;11.5129163829289;12.8584098807269;10.6034890099855;10.9270051100037;11.2260041436704;10.4079687504111;11.8293096250868;15.117377796725;15.1336384657883;14.6591145067679;14.4101975085808;14.2958941368974;15.0133775349902;15.0133775349902;15.0133775349902;15.0133775349902;15.6101390172179;15.6101390172179;14.8386074750345;13.706387260221;11.0472053732351;11.3652504029409
7811;12.91852831826;13.7215154652986;14.0017428804668;14.1321915371963;14.4565227665477;15.0600543369999;14.4891248435233;14.3542536281122;14.2296492798312;15.6724753780996;15.171052836605;14.7718817071848;14.4916124665263;14.6471710723993;14.2780514485482;14.9472550518589;15.0815465842811;15.4034066902091;15.0893732371681;15.0893732371681;15.0365626322861;14.8528948582435;14.7535649658737;14.1382638555172
7812;19.0363639982637;19.6459202187596;20.0623938758798;20.0695774262714;21.6228267281987;21.7393284681534;21.2854892862384;21.4422853821205;22.2843778757461;20.9294632416582;19.1008135394677;17.7456718072885;19.2129259967703;18.4701682450555;18.0465127965975;17.9418156133327;17.8809534661641;17.5870812428216;17.9372227760516;18.0334341605921;17.5973120559711;18.0357031859168;16.8173148508527;19.7441793141739
7813;25.7599604018624;27.5454119855789;24.7020929950972;25.4514160740349;28.4726859423924;26.8159806992904;27.5293692800816;22.0294514823034;25.5163524466725;24.6935559703397;22.1897052143059;22.1669131687415;22.2855357741481;22.8830858701165;23.0112968770228;22.5386935233512;22.5386935233512;22.5386935233512;23.7610146030249;23.7610146030249;23.244214565224;23.507630618245;26.5305317057131;27.4708418454337
7814;26.3891663637539;30.1284260331286;26.6488630109358;24.5708421598795;23.8951283285951;22.181439279442;26.3441490535904;30.1461253303665;28.8249879408791;27.5620609441633;29.5890854062785;29.0418430478285;29.1213221516959;29.4039040750249;29.4922845427395;28.810219756698;28.8594691031717;28.7182644847527;27.9058475735036;27.9058475735036;27.7193944066326;28.165475646585;28.2487960515872;28.3785459910703
7815;26.8458357399863;25.43333119277;22.2878557497483;22.676746226022;25.5496324828504;26.3172995547197;26.1621363221484;24.9243254370104;28.0640911640826;28.0518824736284;26.7502660727588;26.5045607328764;25.2231900377441;24.6858565339113;24.5377581049681;25.0625717804737;25.0873052542531;25.1669708448767;23.808571024283;23.4918643733181;23.8789006013269;25.1747407006039;24.5004840443631;25.7885997383852
7816;23.3249965503391;22.3726784890371;23.5712193056332;22.98210976967;22.2785299922135;20.9549318236912;20.8309620321705;18.8034930306949;18.3872966658401;22.4418645887879;21.7334504690913;21.3320235145073;21.5207077556176;21.561146708805;21.5609178635412;21.5539278790488;21.5539278790488;21.5539278790488;21.820955935915;21.877317749751;22.190281424651;23.9856879827963;22.8871332018494;23.260997119668
9101;17.5775068131086;18.1535350209245;17.807086866869;16.9047553272909;17.1542359918497;16.583891401062;16.5186425205491;16.1406291813488;17.7341413259737;18.6504452037125;18.7308273817528;20.1709955316215;20.2131831409638;19.8562570696319;19.749808941082;20.0091680879327;20.4341804544289;20.630387656537;20.5064622707816;20.3190153894883;19.9612480979662;18.5739874518716;18.5139002341284;17.6625891177124
9102;19.9684043320126;19.288608805002;21.987801722553;21.8191841172119;23.1573077704292;24.129687745108;24.7942130300965;26.5934123836954;25.0107017648928;23.46926438143;23.0647260661928;23.3523733480712;23.664687295194;23.1845711254934;23.3870258401338;22.8508307613717;23.2569364164609;23.2569364164609;22.9146186587542;23.1575506469946;22.2334623503164;22.2027075923772;23.9722084926274;21.9072947052176
9103;23.3952810127558;20.3922000617852;20.7325998610765;20.4419570021898;22.9888092974676;21.7940360426335;22.7098694431816;20.9455765165847;19.7427474973995;19.6778577672003;20.2870401529937;20.8018245959018;21.073937759968;21.4515164051388;21.4948638036015;20.994759791501;20.0523672477817;19.8824447515203;19.9272002012028;20.1731860931922;20.5993083857784;20.7457696144065;20.2323199490375;21.4407044733079
9104;32.0914323815527;28.7614372845219;28.4899859612775;29.47093282347;30.3849288233407;36.0320009490061;33.6975820478045;34.7031867878906;36.356411279004;34.9709152304392;32.3255712231174;31.6192238707052;33.6624086009104;33.3082275909327;34.1276887204793;34.4164325319458;34.2159331428342;34.2159331428342;33.7490916147051;33.310803953591;33.2314630362176;31.2461925005649;29.8550592113184;31.6195265045045
9105;23.9037505657933;24.7176570993501;23.8273323709359;24.6515731593358;22.6518413566566;23.7104158473643;23.8312956185731;20.6449035841727;19.5728297419739;23.1739726251891;22.8966426997241;23.8114244622783;25.0307118054372;24.4226213701746;23.6276855280552;23.6747342979527;23.6106157880951;23.6106157880951;23.1853842472338;23.2870236012978;23.5700563426219;23.3958282454167;25.668893131551;24.3657894340287
9106;23.9656997010448;23.2538259309361;22.4672216664671;23.2023794956324;22.0513172254178;23.5864773479697;23.7949632790848;21.232006296359;21.5073040112811;19.3207897995358;19.8137799473088;20.5485481633214;21.1839046395942;20.662347666587;20.5877456965051;20.4624707972581;20.4624707972581;20.4624707972581;20.3737396174138;20.3406805274666;20.7743517264451;21.3071439686996;24.3465175895919;23.7731825626359
9107;22.1444697498621;20.4667876768793;21.2880462570534;20.1498968841451;22.967014944825;20.5248619872969;22.3740306878559;23.158406790649;25.2291486062786;24.7086422138873;24.0046334944609;24.0348048489899;24.3331751825374;23.939761015893;24.081228447164;24.0215492091468;24.0215492091468;24.5874825518664;24.1962582640022;24.1962582640022;24.8729416272415;24.6334201724748;22.5144710294241;22.4372783784895
9108;28.5109065970162;27.2425797796079;28.7301904226396;27.8182844673401;28.1664378934455;25.7154718202178;26.6989724924124;25.1210384912862;25.1464977737408;21.5617361693623;23.4734332896388;23.6287672828855;23.3681022382861;22.8865618617577;23.0200854362207;23.0561042398642;22.9867318194846;22.9304662531463;23.3242518127473;23.3242518127473;23.557421718056;25.2528138158468;27.008302678696;29.3085045126715
9109;31.1041735340836;32.2397492571474;33.075854564235;30.830545349824;31.7193563029957;33.0968277783547;35.310029437193;33.5665128046013;36.9189773265255;32.2311824768448;30.9836841350627;31.0329539506806;31.3361044146257;32.1085242469237;32.0115833678233;31.8039440730085;31.0993386468375;30.7817746633754;30.9638203106489;30.9773218453771;31.5399803674278;30.0917978593476;31.30818796093;30.9325582368279
9110;20.2377405430767;20.6867569136299;20.5603525239564;19.7542070654518;20.6548321553604;15.2819215593247;16.4637256621854;20.4136242276109;19.3935229939775;20.6648431679784;21.9710023146444;22.3515995804782;22.3635515736046;21.8260153180495;21.5822445201787;22.0469176984498;21.8748851223063;21.8748851223063;22.2813633091198;22.6469860331967;22.6500846720836;22.8438900507017;22.3757447047126;20.3594951959143
9111;21.3857813401295;21.9156013064518;22.6857587321783;20.7505135430096;22.6869411872567;21.3077510223971;22.2779828358904;22.6528916458311;18.2458529914888;22.5622272939963;20.6287597410537;21.7111713059902;21.4518506421135;22.8496413967795;21.8444130104987;21.8154543194321;22.2846852793072;22.2846852793072;22.1214697237045;22.0063693776593;21.544796976456;21.5472787892211;18.2228579476748;20.6443912898814
9112;24.4160492738509;24.3292015813641;23.8269452023617;27.5495232983988;22.2575002265476;22.1485779515169;21.8584131820936;20.3187698654319;25.4033538981625;23.8851737712322;24.579520917836;26.3882523340613;24.5004039481485;24.5335887003224;23.7642048348054;23.6573564546204;24.3172607217804;24.2186548182828;24.9065368286537;24.9065368286537;24.7999577083225;26.1559480997064;26.664503770789;24.4837985597612
9113;18.7113410823657;19.7394680580781;19.4605028520876;21.6489463504408;20.8807806652178;19.6982358612344;19.3414103788037;19.9597679550362;20.0787945991306;19.6488320760083;22.8580740552253;21.5385851859766;21.1584443687385;20.0495145650729;20.463844798159;20.6923751770231;20.6512998235212;20.6128248183025;20.816738818365;20.7834359670925;20.784391686706;19.5531487124882;20.007742707507;19.1136278001879
9114;11.3715161467008;12.0344993560195;10.7528772896329;12.6696119840341;12.1581789753229;11.690440250812;10.8874031790784;11.1313776012986;12.7203531172771;9.72585924997395;9.79627598760624;9.43206899854439;10.8120053446086;10.0545514268401;10.3823788398227;10.6979553163762;10.6693044975066;10.6693044975066;10.3158128366686;10.3158128366686;10.3158128366686;9.7627149428971;10.2373486566585;11.198549224623
9201;25.0237526417331;25.6687075521965;24.0943839079657;21.5866362716317;25.1215734023774;23.4284750329508;22.5993623242012;21.7577400333081;22.3226573085525;24.0128857611865;25.3917229256533;25.482522243097;26.6318808563809;26.532522904811;26.3971427887303;26.2457488318807;26.1376261252608;26.1728897890085;26.9562126426928;26.9233393162098;26.0268387641176;26.4619670828632;25.1231270408251;26.2536485567036
9202;27.4413127370024;26.8006128847803;27.7419561374021;27.0484223109309;23.4538221507297;22.6165850700014;23.9239631171475;28.2074335048901;25.108698052795;24.1279335229143;24.5590686963052;24.1842436356301;24.7395443725227;24.51676933367;23.902532409823;23.7185868097729;23.5889169660163;23.5889169660163;24.2325781833679;24.1330571403601;25.7586068454454;25.6483168756398;27.2480898633944;28.3990959466252
9203;18.3289145965093;18.7848738314398;18.3915555521946;18.2530709591554;18.5440841674662;18.1399119168662;18.8909962511079;17.4903405758707;16.2414720340834;15.3696943881269;14.9687492714894;13.900064414446;14.0333674994765;14.4684952253138;14.3443075241532;14.3321364520514;14.3321364520514;14.2748268677873;13.0398557538318;13.0377393209455;13.1707218995565;14.1538854948985;14.425340997254;18.4488941821719
9204;25.7359067038067;26.0144327096298;25.5235524330718;25.4068157228224;25.3508004303204;26.0896639741056;26.2766834978063;25.0952896277322;24.8342274259262;27.4555937630501;26.851954755235;27.8197482534156;30.1370511301101;29.7590363658847;29.4433364775232;29.8261904738256;29.5264169934982;29.4615771824406;29.1997387265425;29.3251032244827;28.7832163176324;26.0051442063647;25.329475346151;24.1213898837415
9205;19.2586647273075;19.6018622745229;18.7238015602632;19.5335224818351;19.4090726985442;18.6111833562355;18.0380169699375;17.4614927330849;18.1672157385918;20.288297943967;19.4931896476292;19.9815179061042;20.8305826603731;21.1517617520869;20.9855781352511;22.0813340041542;21.5963606383393;21.4064688767685;21.4843219029453;21.4843219029453;22.3911456721057;22.7078871645862;24.5418017456932;22.6915373992615
9206;19.3190714938896;18.7825507860282;20.418333744665;19.9134875531639;19.8562758103155;20.4354207252185;20.0571091865124;18.412511303584;17.1490816303314;16.8027419944141;15.4406852741533;14.4678427978395;14.1371853535084;14.9227000488214;14.6130236674742;14.533616369609;14.3235415567553;14.2784096190766;14.6074262418974;14.5498742373137;14.743974151947;15.3495586907567;17.232329300284;21.3417373571127
9207;18.2053801423901;19.432765433885;20.0190106286468;19.9089403204934;20.9229156651543;22.8441886947756;21.425961624662;21.4406888723154;19.6084550951431;19.1691776748682;20.3327124768686;17.8654168446843;17.1696952853846;16.9927398118013;16.5212206915781;16.7969277948105;17.2075762870647;17.0599883159645;17.777480229;17.777480229;18.0151605265446;18.4889326912639;17.458901151848;20.3989324733607
9208;16.8481280678466;16.9745208666253;16.7139942393409;18.3452508260239;19.2029948331034;19.0514270071192;18.7682621998796;17.7045685856931;17.4214453120185;17.6200110811174;16.9765437625241;17.1065362046685;16.7603708100548;16.8005413186083;16.3048682455791;16.5018628449986;16.8036090209281;16.7723543193144;17.164550221399;17.164550221399;16.6979083880689;16.5684221827167;17.904962991924;17.3500375228938
9209;23.6265166945393;24.1333557785571;23.8477943051242;23.450665822633;23.173329474966;23.4289866828719;22.8715035870406;21.4992540148069;20.8988359587686;19.6277671825385;20.6529607430494;21.8575176755559;22.3850135835776;22.7416537619407;22.5706501253987;22.5027739601557;22.123704644318;22.1784640353534;22.9912168059257;23.0078964830606;23.0493256866672;22.2502336768049;23.1091346238809;23.4608802696561
9210;12.6531422671152;13.6027253110631;13.5931673547941;12.4664487241409;13.8266418167529;16.0478247044158;15.4640004747536;16.1149157977194;15.3089185312782;14.0474198905694;12.8468386744518;11.4509800824067;11.7358974962064;11.8666120794794;13.418261065328;13.1999622637359;13.1434920232206;13.1101173062172;13.2929506109606;13.2773502392968;13.5392540351489;13.5329457080358;13.1655594635025;14.171781339578
9211;22.1518345807707;22.003936512979;21.189643111015;22.6698089054027;20.5237030394987;19.4672928708121;21.045766824631;16.5792495695766;20.4655555515731;23.1261049407985;23.9952216040857;24.8742420409569;23.7382673919988;24.4123112806806;24.983506173164;28.1559725558217;28.3585874204727;28.3585874204727;28.207873219706;28.207873219706;28.000077804896;28.1930337614281;25.3971587799331;21.76129680429
9212;20.5254554549835;19.5592755691498;18.2650759537852;19.8581582957008;19.9656150673403;20.9701730726421;19.7919334755518;18.1570260691583;19.3632262599698;19.7946861956133;22.2101193232818;22.8571056470182;23.5404515360074;23.0865847018243;23.1343192435859;23.4354697950606;23.4354697950606;23.2379583482262;21.801173015563;21.801173015563;21.5816963745938;21.128576909972;21.976598053899;19.1859047872051
9302;30.2576142733162;29.5813687799596;33.4013610400683;27.9920586537953;29.4524022340374;27.026454124849;27.4593779171123;34.5352179276376;33.7518388748941;33.7978360460099;32.8639984613842;33.2844828415038;32.7088053388784;33.1494635904192;32.4756209756521;32.8806335348156;32.8806335348156;33.1095005699723;33.2292288405059;33.1787056489304;33.0986822252032;34.4119871699786;31.2175242843861;31.7111178966888
9303;15.5956338735601;13.3860682322374;15.0480884894906;15.1226077201674;15.1195884111193;15.8937948448729;16.2740744902686;16.1624279850442;14.560168520189;15.6832518188076;17.0365491187242;19.2508944025294;20.148374210273;19.5756073080523;19.3884485254241;18.9880970899637;17.8968540470608;17.8968540470608;18.0185123919737;17.993647888337;17.853542919083;17.2288477278628;17.7136094907833;16.9032361692195
9304;21.0369115241034;19.7582134567924;20.3569369569477;21.7242731353799;21.7766422975421;21.4737124963908;19.6931466505871;20.1471807809679;19.8522959132262;21.7652238452708;24.0778349639198;23.6494940556259;23.5767067631797;24.994804681016;24.7816247329116;23.7840530346308;23.6943339883813;23.636853168194;22.4384492419522;22.3927934282536;22.044888217866;22.8601048730198;24.2604812643973;23.8368666465866
9305;21.2179481599162;20.5060150739888;21.8564051777896;18.9877606382253;20.3786777559934;20.4396665575475;20.2930767294782;20.8669095883729;24.0436591532785;18.7568718564838;21.5682467075499;18.5087390494657;20.9628354956032;21.3897410166786;20.8658953438765;21.2066098573192;19.5159076619145;19.5159076619145;19.8335382568381;19.7767703116302;20.5484326830581;20.2273355970181;20.9028182775868;19.9904107100804
9306;32.8505705869488;33.5092778302936;32.325456512667;30.5203115637999;25.4613084453169;27.1406817844716;34.4558807369298;29.5592961918265;27.3308734023731;27.3298094103206;26.9204567774347;28.0829932741433;27.6346611781574;26.4325913510124;27.1229426592431;28.6160480176625;29.8414051254311;29.4098152853139;30.2542231872235;30.342670414159;29.9527670630978;31.1530372181024;32.8489090054801;33.441432127616
9307;17.6975979678053;17.7738217506032;19.2192509512065;18.2781214153914;18.5053116398308;19.2279228623089;18.2752164319742;22.1878141867166;23.1168727333754;23.0129052787879;22.8913552981936;23.6939990595315;22.676995527345;22.1003623151893;21.9188270174411;22.1081776311628;22.1081776311628;22.0148457246499;21.2405927594652;21.0631705801589;21.2897964511909;20.9573034295612;21.9679481246077;17.7954501492467
9308;14.5137471584993;15.927289051721;15.8565433630677;16.4745495665811;17.4754905116748;16.5782110033791;16.3817942179439;16.0873986421341;17.0065404634922;17.3284332877318;17.9615880183332;17.2146713461808;16.3230794388318;16.7047440537567;16.5783266861829;16.4541052314677;16.4541052314677;16.4127208903484;17.8920515151774;18.0849852516691;18.4810725533028;18.7433606712337;15.803562033778;15.1644677686365
9309;27.1096662456086;24.7071720259343;25.9720148445152;26.6897516326578;28.724040051846;26.9473023653869;26.3481870627405;26.7858037335753;25.5179615404934;25.6470535969225;24.3632203489488;23.6442425644446;21.9153594656688;21.7513609238991;22.5626322209261;22.6754223585787;23.0937541559493;23.0937541559493;23.4469459957491;23.3375685951038;23.6476772429422;25.0446978097869;24.6942928246876;24.9584184123647
9310;27.2169581388233;25.7086010040199;23.5019765990767;25.0704203838723;25.0264803172391;26.7068133589153;25.9997566855884;25.297244059466;25.3460541195589;24.6340394865466;22.9417598558453;22.8599429028095;23.7940978405336;23.7380749676715;23.1202974532123;23.0328340503625;23.0328340503625;22.9607706394214;22.7248870883277;22.9351901252721;24.0087853016336;24.9783142015192;25.481481165686;26.2409193450858
9311;19.9057877316677;20.3367524458704;19.9220477435598;22.1884703849042;23.7154399107079;24.9965343812151;24.055728480742;23.4763912809491;23.0951311461224;23.1273311414028;23.7870376232793;24.493628184624;24.161363654527;24.0620662606668;23.7667129128675;23.7227181720938;23.6407971977646;23.6966652000545;24.0128223378607;24.2210190458126;23.7458933761178;23.2886487440648;22.4061878223686;22.1029804298686
9312;21.272968591968;22.353081784409;22.7527944232223;22.6416965649428;22.4247179075297;21.3772684825683;21.7210641518288;21.1591902697992;19.4865474117434;19.5292001002028;18.9678044339024;18.0460935884221;18.2989059085356;18.5310547127776;19.0408402831976;19.4627487653591;19.3599516905508;19.2979800644174;18.7717826113882;18.6243312083107;18.5121945009409;18.2678381939766;20.1006651235907;20.4168985479657
9402;17.6229100120803;18.0521693359433;18.5322485225869;18.710448656036;18.6634943338871;19.1000144207349;16.6790846796608;16.6336397353772;16.9480200259702;19.3738822200093;17.6475773199544;18.1971527458249;17.9919072535801;17.9179441787302;17.9910745818594;17.3974744684355;17.468354246424;17.468354246424;17.5652448098567;17.7083760197642;17.778628561772;18.0667035884303;17.7200358769336;18.0032036335932
9403;22.7771240339167;23.5307322291519;23.6590701580937;24.6956178824335;24.7798455986268;21.1906467678048;19.6324591920793;21.9005810429783;22.2501663367536;23.3264902096237;23.7619818471013;22.4202321584086;22.4798069707896;22.4003351682306;21.7009118514815;22.1297208571622;21.5717482984349;21.8756553434472;22.2306222794373;22.2306222794373;22.5999678547132;22.4338652180333;21.5362673952818;22.2539186285968
9404;16.7412505159429;18.5252671327173;17.5929134091358;18.6129307780332;15.0435667116432;13.9495773495377;14.8463729864177;16.7622928036433;17.6475108038488;19.1224967167233;22.4788742550227;22.4460563716513;21.0084124392628;20.572882605675;19.989419760661;20.0232541364128;20.1799784797679;20.4751093066475;21.5882948014688;21.5315987747385;22.1096973043579;20.7287510140254;19.7029868232584;17.5541088693204
9405;24.990043371001;24.1995949967492;25.2792398176304;24.4435051189918;25.147236813611;24.9724605926697;26.9579192033946;31.3823704996669;28.2438672126909;31.2829024416721;31.1716394031715;33.8167472166569;34.1393102634857;32.9851845204063;33.3827062766287;31.0366288421425;30.8696287008307;30.5715200262514;28.8959749782519;27.3237143300176;26.443592168579;28.2885116976633;27.0680083549136;25.0254294319766
9406;18.4025882589277;18.4471387606138;19.7627623448739;20.0419353191453;18.0293160594813;18.6416300743185;17.9332754863038;22.2527987136322;20.0160023362966;18.662268512533;21.679217267847;21.6041516565954;20.7470280804124;20.778286654461;20.3549013953928;20.1913839148448;20.1913839148448;20.6847186318559;19.7992155325062;20.0872588331127;18.6946225988832;19.1846050219035;17.863985413012;18.0826378194244
9407;22.067854442764;22.2061287512771;24.3612860412603;25.4183295309675;23.8014360993296;24.580363551119;23.1545814493725;20.5404930102489;20.582876268329;21.4960700490664;20.9762122616243;20.5678088775168;19.9563755550956;19.3683154089984;19.1307158045926;19.7420981861653;20.0359243691634;19.5474585222082;19.6712449656664;19.8379396701704;19.9482219986856;18.9247865417157;18.8828672211707;22.7119552464439
9408;17.6207781615861;16.6744703427861;17.7904643904242;17.7611874504407;16.5344907031267;15.3010591807365;16.0815777053037;14.5138502818246;15.4990617810371;19.0787673069732;18.7244344131403;19.457930406375;18.501885671932;18.1074904168573;18.1518462105489;17.877187916426;17.6989193579797;17.8165688385631;17.9476389654639;17.8624123087618;17.619279604138;18.5479071652895;19.3230795788735;18.8563121274443
9409;16.4271496350776;17.4651840863079;18.8394860266929;18.4970676401378;18.974330508787;18.7159079967262;19.8643963724953;19.0692124220609;18.3071161373674;17.1114040062469;16.892338476758;17.4055954332098;17.9908735621255;17.6172686353049;17.2951285440431;17.5428200039357;17.559255418492;17.559255418492;17.8035257116665;17.9116490222027;17.9235877103027;18.4101347101724;19.6333521612243;17.979151598151
9410;27.9959301158677;28.0402485235107;27.6582174783274;26.0268333791685;27.0249476542105;28.5424888668288;30.9010598713216;32.4708380445873;29.1032513656783;26.1148062850008;29.5908873320053;30.5680035022412;29.5479670983922;30.8081823724468;30.2375638772626;30.492968491693;30.4067109151258;30.0377546358432;29.844244174651;30.0619534303014;29.5925630203475;29.0719606285591;27.4787917472655;27.0872604015579
9411;22.4247145324038;22.4992923804936;19.6976046335314;19.3777024517807;21.4293682784595;24.4525722308253;24.8849834414484;26.5913884034863;26.7702381095128;25.7964782766297;26.8293455977279;27.3625730824116;25.0660219721998;24.8042035172202;25.7102988834738;26.1918735840167;26.2199597991928;26.2199597991928;26.9938121827799;27.1345992865755;26.8298358087114;27.5265484693662;26.8745876070596;23.1732307167835
9412;17.2253136352302;20.2939719301845;19.2638857616927;19.6839875186021;22.2083025361108;22.6119019307531;26.1543567454114;25.8519700452339;20.9845493682434;23.3401086567496;23.1862389528739;20.7893263397626;21.2142076709244;21.9116586867345;20.9540695443184;21.0491286841288;21.0491286841288;20.8902670644817;19.5325467653934;19.5576323704161;18.7697617842104;17.1335294442071;12.6268980716957;15.8694753708407
9413;28.4864081000184;28.9793569728162;28.0418489520362;26.0564189563751;23.4827355033685;23.8584491171723;24.3149893240184;25.6258460622996;26.1831106521727;27.3917948485122;27.0003730547022;25.2451391476605;25.5257417596345;26.2727783566292;25.539360792904;26.0428143241466;26.2737816081187;26.2737816081187;26.4079379972865;25.9849552938009;26.3313918819453;26.7394225077218;27.7235642012149;26.4628994079963
9414;24.7777419235604;24.1507539599414;26.0500883338121;24.5974128124648;24.4439941463697;25.895739633751;26.6912592058004;23.8309049043306;22.9856411142818;25.4331719915478;24.4953647463696;25.5120662546919;25.6668150352445;26.4393596169407;26.2449539346351;25.8386075207984;25.8867542129909;25.7407230812478;26.5092939654348;26.5531062618584;26.1706086423883;25.3875929897015;24.8124479766392;28.294792016859
9501;21.93531601132;21.0659643446931;18.2730505556168;22.1724335132288;21.6545374954794;20.8210137691683;20.9531589356365;21.8080360018204;20.9916554081571;22.9158847676482;25.4234653391617;27.1487091626047;27.4017140875099;29.0154721009784;29.053669304427;29.3585264667358;29.1010453270259;29.0110982971767;29.8614148776797;30.115077264637;30.4606107529962;29.0127457439779;24.3265457256426;23.1988027182101
9502;18.9514620734379;21.0316430146011;20.0884719657666;21.0315586006367;20.760628099409;21.524267880238;19.7835988241786;20.5673352730989;19.2281308085156;19.8048040896625;18.0122174728819;18.5803067014012;19.4573729171571;19.4292156024606;19.6609411715185;20.2451160104928;19.7600024351887;19.2397857751941;17.4792600790658;17.3639465771982;16.7570793835637;16.1190852952312;15.9934784434263;18.60689647426
9503;15.8995066667056;16.9283438326904;16.3283467802697;17.4335910514091;17.6227933755984;16.1095972338118;13.4986106868556;16.031376835902;16.5114806988814;15.7825100181903;17.1550968645082;16.5241164177327;16.5843089494587;16.4669528727732;16.5421849886787;16.9581795084056;17.1714953676041;17.1117297867553;16.2901469436538;16.2273875641052;16.8791424057326;16.6698084687563;15.720625585114;15.3836816800071
9504;29.1165814611301;27.2411099411576;25.0332085700547;25.1344757071987;26.2222001280528;27.0243573221819;27.4988582798543;28.2579140310291;28.3279335988791;25.5483184763075;25.1026260608964;23.4764596587619;23.642605340608;23.8857123229324;24.1607822746797;23.0675891654574;23.4251452191641;23.3254099007275;23.9989849815483;24.209111689027;23.5866288019174;24.3089159242803;25.8305823970309;29.0682180140596
9505;27.3123378181167;26.5187691666694;24.3165022777954;26.3267041917979;26.1088371297684;23.4938903213338;25.4345635397321;26.5630971006285;28.5122398481156;32.5942867602648;34.480626105011;33.0279019147261;34.2879817076951;33.328967531423;32.0418992460037;32.5085823347402;32.6369007390156;32.3869198614854;34.773501909648;34.7611138281973;34.7021846850545;34.7146090542714;32.4881938714753;28.0052155963015
9506;24.6835125370339;24.3076368471639;24.1986224186793;21.0569995735875;22.4282947709657;21.6252827354641;21.9986462911913;17.9789506839917;20.6822934211571;20.9180958393438;20.519932464829;22.4138739188767;22.2567713669108;22.1720041652643;21.6038847639846;21.6038847639846;21.5135657329371;21.4772672777226;21.0978084421585;21.2886185846427;21.6514149582009;21.9928583147906;18.9954619068253;21.2519612642421
9507;17.326898151513;16.3610039236293;16.9849087736326;16.0012482645097;16.151395806371;14.9765296160305;11.9879550318129;12.6094213779316;15.5590588554072;16.6023103122397;15.7191742967498;17.4940118825459;17.1607037549436;16.944755951237;17.7031325775892;17.9839150275412;17.9839150275412;18.22692463221;18.2832656376777;18.3795288563654;17.6908525569231;18.9472424437113;16.471065175231;14.3195475586192
9508;22.8838729382829;22.2076116651836;22.3239738394239;22.2148461303368;21.0012484032252;21.2506986245018;24.939015985771;22.019398776209;25.342964485338;24.2263518736202;25.2604860687108;25.8152677372438;25.6927436342607;26.9735242101007;27.6651486807741;27.6651486807741;27.7868959273952;27.9315490087063;28.3102520263624;28.2198440409606;28.0483818963775;28.1195280218494;28.4680096355931;24.7008597820515
9509;24.3233780232647;23.693550487942;24.808518858725;24.4584700306725;23.5658345857748;21.4590390441103;18.387788682184;19.8010937169352;21.9874684210052;22.224945985562;21.4388702858494;20.9261511864137;20.9820048426738;21.4707276396583;23.7989579282498;23.926999715993;24.5298401524606;24.5298401524606;24.3067742790796;24.3707553632953;23.2413417972495;23.2986386626708;22.4766685418585;21.5572747501978
9510;34.1092448010996;33.8896797736531;32.6854351314455;32.6373021200668;30.4740019255849;31.8529471098023;33.0242808728927;34.3884617680025;32.6995828967011;29.0368994968612;28.7943795879137;28.1162537030899;27.3348874568709;27.4356969355258;27.4747879829013;27.5525131820844;27.6493828576631;27.5624591334241;28.1603459802337;28.1603459802337;27.7066971121258;27.8969238619394;28.9401771731303;30.1597044289188
9511;28.2506578212252;28.0922774185697;28.7146886750161;30.0930014489592;29.3418036920861;30.2879977984302;27.6128313377321;27.0709150041761;28.6181507519936;27.4681345216474;27.7104486259761;27.6548493882163;27.6713988777095;30.1039603935831;27.7493408175411;27.6428960747293;27.6104751962319;28.0214337394083;27.5120402699975;27.5120402699975;27.8032913286602;28.5173290956117;30.1817434954989;31.0343515188897
9512;20.9032416273267;21.7531265188245;24.5526393774617;25.7301289025173;26.9047198681585;21.8415619358867;25.9232026164814;25.5148769839519;23.8194735311915;26.3866237119383;25.8040134738605;28.9212216696836;28.8528941770981;27.5486975026438;27.7396026664177;28.0094985637243;27.8128764119374;27.8128764119374;27.4999268613345;27.4999268613345;26.6868069229818;26.2947905962677;21.3468313643393;22.8809596890694
9513;12.5464132717138;10.7061007721611;11.3445658408865;12.8074277221499;14.6028059471826;14.9250873461652;15.2801323048479;12.3075215400359;11.8534366790373;10.5868738175425;13.845308247136;12.0331681345699;12.1842136405809;11.836822042464;11.1503617395299;11.0369296027092;10.9870413775347;11.0251204423247;11.8715250827383;11.8354099855409;11.8240969386409;10.810046436638;10.8471545323836;10.994500523581
