"district","hour","cleduc1","cleduc2","cleduc3","cleduc4"
"001","4am",0,18.42869,26.44528,55.126028
"002","4am",0,12.6828,36.41971,50.897489
"003","4am",2.8699731,21.90974,28.1697,47.050591
"004","4am",3.3441039,33.12187,31.13974,32.394292
"005","4am",3.3156974,19.37693,28.91371,48.393658
"006","4am",7.579503,15.91911,25.57802,50.923364
"007","4am",0,15.04583,27.69291,57.261257
"008","4am",5.6391442,29.88389,26.47588,38.001081
"009","4am",2.4686021,26.47784,30.78475,40.268804
"010","4am",1.7807317,31.33445,34.89783,31.986985
"011","4am",2.4982556,52.1431,30.51015,14.848495
"012","4am",5.6775028,37.85749,27.72028,28.744723
"013","4am",7.3270465,37.84428,27.82749,27.001183
"014","4am",4.1343444,38.74842,27.10863,30.008601
"015","4am",1.4901964,28.43954,29.39075,40.679505
"016","4am",6.0695108,22.61334,32.07319,39.243959
"017","4am",3.5488759,32.46078,21.54259,42.44775
"018","4am",16.8714547,40.82425,19.6587,22.645604
"019","4am",11.7778494,33.66051,35.08408,19.477554
"020","4am",28.1981079,47.06655,21.79089,2.94445
"021","4am",7.7384499,29.87054,34.86874,27.522267
"022","4am",5.6556769,34.72134,14.04145,45.581534
"023","4am",5.179184,21.4365,34.116,39.268316
"024","4am",7.1183539,56.00268,18.46823,18.410738
"025","4am",0,20.82548,20.6436,58.530922
"026","4am",5.614602,18.6932,19.36412,56.328075
"027","4am",0.7583536,39.07632,27.3505,32.814834
"028","4am",1.3944387,24.70902,41.43111,32.465434
"029","4am",2.4590045,30.28196,34.41372,32.845323
"030","4am",1.5000148,23.41423,30.76934,44.316408
"031","4am",10.1441279,33.29765,38.27351,18.284715
"032","4am",2.2288874,28.28109,37.95652,31.533502
"033","4am",3.6473934,34.99127,33.6358,27.725535
"034","4am",2.749592,27.09639,36.55152,33.602503
"035","4am",1.8929575,32.3269,33.48898,32.291158
"036","4am",4.1964841,25.3757,37.85294,32.574879
"037","4am",2.4232319,41.63167,32.50479,23.440312
"038","4am",5.6240267,21.67961,42.33682,30.35954
"039","4am",1.9698857,23.45978,39.02198,35.548364
"040","4am",4.0797588,24.97198,29.86783,41.080435
"041","4am",3.9438576,23.45455,28.50215,44.09944
"042","4am",5.0521302,28.85959,34.98157,31.106716
"043","4am",10.6445509,27.22097,32.31994,29.814542
"044","4am",9.3441651,49.37989,28.62709,12.648845
"045","4am",1.6042478,46.63169,29.97143,21.792629
"046","4am",2.5614431,34.22205,34.89591,28.320602
"047","4am",5.7818942,35.92995,29.80077,28.487381
"048","4am",8.3244307,36.67612,29.69853,25.300917
"049","4am",3.2253733,33.05903,40.14908,23.566509
"050","4am",5.820564,37.07583,35.94155,21.162055
"051","4am",5.3414037,38.01907,24.13994,32.499596
"052","4am",4.2504672,26.56619,26.5598,42.623546
"053","4am",8.0741866,26.86589,29.68,35.379922
"054","4am",6.9514492,44.77241,29.5514,18.724745
"055","4am",5.6514055,37.67702,32.41864,24.252935
"056","4am",6.7295537,37.39159,39.61192,16.266931
"057","4am",1.8596486,24.76235,32.77668,40.601322
"058","4am",5.0837942,58.10567,21.99018,14.820355
"059","4am",8.6318992,51.8048,24.29512,15.268173
"060","4am",12.0088822,40.32853,34.40382,13.258772
"061","4am",8.2555143,36.90846,32.9842,21.851824
"062","4am",1.4705704,39.40645,25.66999,33.452995
"063","4am",2.4244094,27.60718,35.98233,33.98608
"064","4am",4.7645077,32.50999,32.38362,30.34188
"065","4am",8.8560387,38.81132,26.68846,25.644175
"066","4am",5.0202676,38.6005,25.67537,30.70386
"067","4am",8.4022746,39.58497,37.23576,14.776998
"068","4am",6.3669896,42.848,37.06989,13.715112
"069","4am",4.785548,41.22189,37.48765,16.504918
"070","4am",9.3304941,40.4146,32.70149,17.553417
"071","4am",12.5142063,60.21942,20.33668,6.929697
"072","4am",8.7465828,54.94186,23.16931,13.142246
"073","4am",6.1426425,49.30386,25.95816,18.595341
"074","4am",10.9092972,47.06592,25.37845,16.646338
"075","4am",10.6368443,53.96707,22.28111,13.114971
"076","4am",16.3060031,46.85275,27.34306,9.498188
"077","4am",15.0174039,28.04867,39.6633,17.270629
"078","4am",13.9209409,38.43205,29.78887,17.858132
"079","4am",15.7963318,41.32053,25.51268,17.370462
"080","4am",22.6089616,31.97417,30.17037,15.246497
"001","5am",0,17.93851,28.40173,53.65976
"002","5am",0,12.49718,37.35024,50.152584
"003","5am",2.8176383,22.04408,27.65602,47.482265
"004","5am",3.3655308,33.33409,31.33926,31.961117
"005","5am",3.3156974,19.37693,28.91371,48.393658
"006","5am",7.579503,15.91911,25.57802,50.923364
"007","5am",0,15.38196,27.58334,57.034696
"008","5am",5.6672417,30.03279,26.6078,37.692166
"009","5am",2.3987991,28.55678,29.91427,39.130149
"010","5am",1.8243971,30.39237,35.75356,32.029667
"011","5am",2.4705933,52.78311,30.06222,14.684083
"012","5am",5.7729663,37.7415,27.25748,29.228047
"013","5am",7.0964201,38.13129,28.621,26.151293
"014","5am",4.1952467,38.39855,26.95555,30.450652
"015","5am",1.5051853,28.7256,29.68637,40.082841
"016","5am",6.1999079,22.0752,31.63782,40.087075
"017","5am",3.5178497,34.02776,21.35426,41.100131
"018","5am",17.1668273,39.78824,20.00287,23.042066
"019","5am",11.7778494,33.66051,35.08408,19.477554
"020","5am",28.9759602,48.36489,19.63347,3.025673
"021","5am",7.035125,30.09825,35.13455,27.732074
"022","5am",5.4718912,34.96565,14.45265,45.109813
"023","5am",4.9498342,25.78846,31.73231,37.529397
"024","5am",7.1495318,57.35586,18.54912,16.945489
"025","5am",0,21.90827,20.36128,57.73045
"026","5am",5.614602,18.6932,19.36412,56.328075
"027","5am",0.7726978,40.66811,26.8953,31.663893
"028","5am",1.3997628,23.13728,42.87357,32.589389
"029","5am",2.4122989,29.70679,33.78747,34.093442
"030","5am",1.5000148,23.41423,30.76934,44.316408
"031","5am",10.2911251,33.31082,37.84838,18.549676
"032","5am",2.2140432,28.62369,37.83877,31.323493
"033","5am",3.6330969,35.24608,33.50396,27.616861
"034","5am",2.7144685,28.83806,35.27421,33.173262
"035","5am",1.8343985,32.71671,34.15666,31.292225
"036","5am",4.151911,26.16832,37.45088,32.228883
"037","5am",2.4392943,42.22694,31.73808,23.595686
"038","5am",5.6546027,21.79747,41.20149,31.34643
"039","5am",1.9846641,22.77256,38.45151,36.79127
"040","5am",4.0534662,24.04065,31.0902,40.815685
"041","5am",3.9438576,23.45455,28.50215,44.09944
"042","5am",5.1187167,28.4906,34.87398,31.516699
"043","5am",10.5958003,27.55429,32.17192,29.677995
"044","5am",9.3908507,49.12699,28.77012,12.712042
"045","5am",1.6277563,46.68244,29.57783,22.111977
"046","5am",2.5197653,35.29233,34.32811,27.859791
"047","5am",6.0567553,34.50496,30.46041,28.977876
"048","5am",8.3244307,36.67612,29.69853,25.300917
"049","5am",3.1574598,32.36205,40.08254,24.397949
"050","5am",5.8550718,37.29564,35.56178,21.287516
"051","5am",5.4986458,36.19445,24.85058,33.45633
"052","5am",4.2808793,26.75627,26.03433,42.928518
"053","5am",8.0741866,26.86589,29.68,35.379922
"054","5am",7.0424374,44.89857,29.08915,18.969835
"055","5am",5.7717651,36.34971,33.10907,24.769457
"056","5am",6.8367242,37.98707,38.65022,16.525988
"057","5am",1.8333645,23.72729,34.41188,40.027467
"058","5am",5.2183037,56.99721,22.57201,15.212479
"059","5am",8.6333241,50.77261,25.32337,15.270693
"060","5am",11.7452052,42.55552,32.73162,12.967651
"061","5am",8.3875446,36.92374,32.48741,22.2013
"062","5am",1.4747001,39.51711,27.02843,31.97976
"063","5am",2.4950166,27.51528,35.01383,34.975872
"064","5am",4.7645077,32.50999,32.38362,30.34188
"065","5am",8.9212767,38.36058,26.88506,25.833082
"066","5am",5.0202676,38.6005,25.67537,30.70386
"067","5am",8.6666978,39.18411,36.90715,15.242037
"068","5am",6.5433834,43.23711,36.12442,14.095081
"069","5am",4.9531109,42.66524,37.79048,14.59117
"070","5am",9.0838336,42.15795,31.66884,17.089376
"071","5am",12.7495087,60.05288,20.13762,7.059994
"072","5am",8.9359866,52.89031,24.74686,13.426837
"073","5am",6.128942,49.98827,25.90026,17.982523
"074","5am",11.2029329,45.64114,26.06154,17.094392
"075","5am",10.5777391,53.52866,22.85151,13.042096
"076","5am",15.8333973,47.11732,27.49746,9.551822
"077","5am",15.1013396,27.64652,39.88498,17.367159
"078","5am",14.0413902,38.76458,29.18138,18.012648
"079","5am",15.7963318,41.32053,25.51268,17.370462
"080","5am",22.9712914,32.48659,29.05129,15.490836
"001","6am",0,17.50352,29.31858,53.1779
"002","6am",0,12.68555,37.15956,50.154884
"003","6am",2.7362201,24.48098,27.0464,45.736398
"004","6am",3.4200413,32.90544,31.84685,31.827665
"005","6am",3.3590893,19.52821,29.2921,47.8206
"006","6am",7.8488875,14.37787,27.0308,50.742438
"007","6am",0,15.44058,28.12887,56.430552
"008","6am",5.7376026,29.68231,26.93815,37.641943
"009","6am",2.7864741,28.83664,31.03439,37.342502
"010","6am",1.8499685,29.23888,35.68048,33.230674
"011","6am",2.4386591,54.59375,28.47331,14.494281
"012","6am",5.8525791,36.88292,27.63338,29.63112
"013","6am",6.7703023,40.65423,27.93695,24.638524
"014","6am",4.2550102,36.39861,27.53538,31.810994
"015","6am",1.5554304,27.12823,29.89547,41.420861
"016","6am",5.9682257,24.98715,30.45555,38.589075
"017","6am",2.9911027,34.97084,19.79883,42.239223
"018","6am",17.0176178,39.44241,20.69818,22.84179
"019","6am",13.3861429,34.18725,34.05264,18.373961
"020","6am",28.0234632,48.47779,20.36096,3.137784
"021","6am",7.3006601,31.16739,33.59519,27.936759
"022","6am",5.836696,32.95821,13.63324,47.571853
"023","6am",4.9462461,24.62078,32.0792,38.353767
"024","6am",7.3849079,55.95193,19.15979,17.503366
"025","6am",0,22.50999,20.66297,56.827042
"026","6am",5.7585369,18.41822,18.95584,56.867401
"027","6am",0.7692497,41.22801,26.48014,31.522597
"028","6am",1.3506571,25.87173,41.55132,31.226299
"029","6am",2.4974454,32.10696,32.04543,33.350166
"030","6am",1.4649345,22.22024,33.03483,43.279998
"031","6am",10.2295567,32.7626,38.56914,18.4387
"032","6am",2.0526926,33.99067,35.82184,28.134793
"033","6am",3.7287975,36.73638,32.99602,26.538808
"034","6am",2.7338257,30.31569,34.35683,32.593652
"035","6am",1.7262099,32.564,34.47425,31.235532
"036","6am",2.7052148,27.93879,37.4621,31.893896
"037","6am",2.4708166,42.29942,31.32916,23.900607
"038","6am",5.9002773,23.12571,39.73995,31.234069
"039","6am",2.0394525,20.73439,39.41923,37.806925
"040","6am",4.0580706,24.72858,31.12551,40.087837
"041","6am",4.0286675,24.38433,27.72555,43.86145
"042","6am",4.4926727,28.77539,35.21638,31.515559
"043","6am",10.5762658,29.8831,29.91735,29.62328
"044","6am",9.8948631,44.17779,32.53304,13.394304
"045","6am",1.6825222,46.6743,28.78724,22.855935
"046","6am",2.5903313,33.4802,35.28947,28.640004
"047","6am",6.1032941,35.88222,29.93672,28.077772
"048","6am",8.8105297,36.85111,30.69294,23.645419
"049","6am",3.2364059,33.21415,38.54147,25.007972
"050","6am",5.9196221,36.60434,35.95383,21.522204
"051","6am",5.6997324,34.52501,25.09543,34.679835
"052","6am",4.5012444,26.65454,24.8377,44.006519
"053","6am",8.4348315,28.0659,28.55465,34.944619
"054","6am",7.0972463,45.24487,29.31554,18.34234
"055","6am",5.9147116,36.26064,32.44173,25.38291
"056","6am",6.8367242,37.98707,38.65022,16.525988
"057","6am",1.8548818,22.90114,35.63895,39.605028
"058","6am",5.165031,56.89515,22.88264,15.057178
"059","6am",9.5108236,48.72145,27.62477,14.142961
"060","6am",10.8409368,42.86879,31.86973,14.420538
"061","6am",9.0417803,34.34763,32.67757,23.93302
"062","6am",1.5408204,39.95797,27.14181,31.3594
"063","6am",1.6887874,26.66342,35.37839,36.269403
"064","6am",5.2927153,32.02146,33.09446,29.591367
"065","6am",9.3447797,34.50875,29.08706,27.059408
"066","6am",5.3478791,36.84342,26.09764,31.711062
"067","6am",8.5974517,38.54354,37.73876,15.120254
"068","6am",6.6935564,43.60331,36.95349,12.749642
"069","6am",5.0317977,41.7544,38.39083,14.82297
"070","6am",8.805204,43.73146,30.69746,16.765882
"071","6am",12.9120232,60.71684,19.22115,7.149986
"072","6am",8.9798341,51.11422,26.41322,13.49272
"073","6am",5.5845762,49.9579,26.57286,17.884671
"074","6am",10.9385643,46.43408,25.93636,16.690996
"075","6am",11.5446302,52.63743,22.6922,13.125734
"076","6am",16.9482744,45.49451,29.43364,8.123575
"077","6am",15.6398438,28.94336,37.43034,17.986461
"078","6am",14.5401357,38.71133,30.64582,16.102712
"079","6am",15.8629497,42.19641,25.62027,16.320364
"080","6am",24.4851598,29.80038,29.20273,16.511723
"001","7am",0,16.59244,29.63656,53.770999
"002","7am",0,12.59102,41.27343,46.13555
"003","7am",2.6881462,23.72991,29.31329,44.268648
"004","7am",3.447225,28.45705,34.29969,33.796039
"005","7am",3.5268281,20.07212,29.74771,46.653341
"006","7am",8.3290532,17.62426,29.11799,44.928697
"007","7am",0,14.85356,30.12856,55.017871
"008","7am",6.4510288,26.55185,30.88265,36.114468
"009","7am",2.5164381,26.41068,33.1745,37.89838
"010","7am",1.9223884,32.46292,33.26115,32.353542
"011","7am",2.3674722,50.47479,32.79562,14.36212
"012","7am",6.1920782,38.64191,27.60766,27.558357
"013","7am",6.4874109,41.01669,31.38221,21.113691
"014","7am",5.1246823,41.42995,27.46883,25.97654
"015","7am",1.8467937,25.44815,31.63822,41.066838
"016","7am",6.7526903,26.83453,27.25963,39.15315
"017","7am",2.4873487,32.09002,18.32026,47.10238
"018","7am",16.8274811,40.22456,21.36027,21.587688
"019","7am",11.3012685,32.63202,31.97438,24.092331
"020","7am",27.6734652,46.90442,21.36903,4.053081
"021","7am",7.9354729,34.40962,31.62199,26.032916
"022","7am",4.2157181,30.48763,16.21072,49.085929
"023","7am",4.5444041,25.01845,33.39982,37.03733
"024","7am",6.0781291,53.45179,20.46401,20.006068
"025","7am",0,18.43585,18.57193,62.992214
"026","7am",5.2519858,21.4073,22.29856,51.042149
"027","7am",0.6471978,42.46919,28.07227,28.811339
"028","7am",2.565657,25.66292,39.99389,31.777532
"029","7am",2.3906969,32.89307,31.68257,33.033662
"030","7am",1.362812,25.15426,31.26978,42.213149
"031","7am",11.5796809,33.48015,36.8804,18.059775
"032","7am",2.8099464,32.62609,42.62026,21.9437
"033","7am",4.0057901,37.29955,32.94181,25.752846
"034","7am",2.4849096,36.10189,30.44019,30.973006
"035","7am",2.5314155,33.45398,34.16621,29.848391
"036","7am",2.9791597,26.71452,35.66884,34.637479
"037","7am",1.8920401,44.87799,27.06663,26.16334
"038","7am",5.735489,22.21075,39.71313,32.340631
"039","7am",2.3799649,23.3455,40.84193,33.432605
"040","7am",4.391716,25.90207,33.17038,36.535832
"041","7am",4.396347,26.41396,29.42872,39.760979
"042","7am",5.3392746,28.3933,34.86817,31.399254
"043","7am",8.9046647,32.25895,30.33816,28.498223
"044","7am",11.108073,48.12758,26.4728,14.291543
"045","7am",2.8785394,45.40384,28.8303,22.887324
"046","7am",2.9870022,36.26389,36.75744,23.991666
"047","7am",5.495385,38.63564,33.9064,21.962578
"048","7am",9.1851321,36.48633,26.72165,27.606879
"049","7am",4.4674159,36.94554,33.41715,25.169895
"050","7am",6.9081781,36.69377,34.84109,21.556958
"051","7am",6.4818984,42.42194,20.82845,30.267716
"052","7am",5.4688045,30.13853,21.02393,43.368734
"053","7am",10.6751793,35.62077,25.24878,28.455265
"054","7am",7.7359914,43.72019,29.78385,18.759964
"055","7am",6.4091747,34.45387,37.58832,21.548639
"056","7am",7.3063864,39.58854,38.13941,14.965663
"057","7am",2.3143118,26.25652,34.14619,37.282985
"058","7am",5.5900066,59.64271,21.47318,13.294104
"059","7am",9.3925198,50.66747,26.58151,13.358497
"060","7am",11.1477075,41.57997,31.15299,16.119336
"061","7am",10.1463115,36.22715,34.91569,18.710841
"062","7am",1.8922995,41.07466,24.39066,32.642382
"063","7am",1.9256956,25.81564,37.65081,34.60785
"064","7am",6.110982,30.12321,33.7793,29.986509
"065","7am",9.5016078,38.55559,28.75263,23.190165
"066","7am",6.2309766,39.60683,22.28762,31.874574
"067","7am",10.3762211,41.42481,34.8781,13.320864
"068","7am",8.0040218,45.63827,36.25423,10.103483
"069","7am",6.967928,42.31904,35.91808,14.794949
"070","7am",9.994933,44.02141,30.18392,15.79973
"071","7am",13.4827512,60.76891,18.28232,7.466025
"072","7am",7.1833044,50.8429,28.02452,13.949278
"073","7am",6.1312442,48.47308,28.34217,17.053501
"074","7am",12.2733006,43.48133,25.21022,19.035155
"075","7am",10.5536674,54.64773,20.90647,13.892139
"076","7am",16.6550716,44.70746,28.92444,9.713024
"077","7am",17.198523,30.5918,33.05887,19.150809
"078","7am",14.8985001,39.5805,30.20876,15.312245
"079","7am",16.4421992,41.52412,25.89462,16.139061
"080","7am",25.8742192,29.45268,27.96865,16.704449
"001","8am",0.6628276,19.35969,27.93953,52.037956
"002","8am",0,16.94205,39.99802,43.059922
"003","8am",3.5039221,26.08265,32.63081,37.782624
"004","8am",3.6038238,30.7595,34.9517,30.684978
"005","8am",3.6371229,21.78928,30.01271,44.56089
"006","8am",9.4470067,18.85514,29.73305,41.964806
"007","8am",0,17.12303,34.69897,48.177996
"008","8am",7.0759493,29.03649,31.30445,32.583115
"009","8am",2.473369,26.1668,34.60834,36.751493
"010","8am",1.9088614,37.35512,29.228,31.508016
"011","8am",2.1618731,45.05699,33.18469,19.596449
"012","8am",6.885283,40.29633,27.43285,25.385538
"013","8am",4.1528917,38.67925,34.23025,22.937614
"014","8am",4.3171303,44.68913,29.23555,21.758185
"015","8am",2.1476839,29.10663,34.86359,33.882103
"016","8am",10.1903036,31.58833,26.41636,31.805006
"017","8am",1.6593306,31.54278,22.37977,44.418119
"018","8am",13.9343565,40.39472,25.37312,20.297804
"019","8am",9.5090397,27.37673,29.87617,33.238064
"020","8am",27.566553,47.617,19.65215,5.164294
"021","8am",10.5337266,38.25621,30.61556,20.594497
"022","8am",2.028949,20.30888,25.76744,51.894735
"023","8am",4.4526887,23.22376,31.64427,40.679288
"024","8am",5.5583069,49.82142,24.55313,20.06714
"025","8am",3.3781476,16.42253,14.11061,66.088716
"026","8am",6.2592303,21.68137,23.5002,48.559205
"027","8am",0.4008855,29.39804,29.62237,40.578703
"028","8am",2.194434,24.34631,41.23434,32.224909
"029","8am",2.2083501,31.70207,30.23811,35.851479
"030","8am",1.5205973,29.43658,29.9218,39.121027
"031","8am",13.118078,36.41593,33.57262,16.893363
"032","8am",2.4514441,30.43587,46.30483,20.807856
"033","8am",4.5177315,40.73403,38.06284,16.685398
"034","8am",1.3315847,29.63572,33.73585,35.296843
"035","8am",2.8792821,37.9916,30.73362,28.395498
"036","8am",3.3560089,29.49629,36.82378,30.323917
"037","8am",2.0768978,48.79323,25.95312,23.176752
"038","8am",6.275311,20.62398,35.58629,37.514414
"039","8am",1.9023652,27.60024,34.58081,35.916581
"040","8am",5.3372186,25.12864,33.31034,36.223805
"041","8am",3.3548478,29.49531,29.01097,38.138873
"042","8am",6.1767635,30.36588,36.55189,26.905465
"043","8am",8.0370785,28.56613,34.33113,29.065663
"044","8am",9.9580601,41.58416,27.00746,21.450321
"045","8am",3.6886952,48.22689,26.14628,21.938136
"046","8am",4.3664862,38.61857,36.10384,20.91111
"047","8am",4.4333349,37.33469,37.97886,20.253114
"048","8am",10.4352767,37.54227,27.86198,24.160467
"049","8am",5.1045943,41.83828,31.23504,21.82208
"050","8am",7.1307444,45.30668,31.00162,16.560965
"051","8am",6.5946051,47.95666,23.12187,22.326864
"052","8am",6.0653051,32.77515,28.30095,32.858595
"053","8am",12.3619573,40.79178,22.87979,23.96648
"054","8am",8.9996671,43.76954,26.88982,20.340971
"055","8am",7.2247822,35.1892,37.59219,19.993833
"056","8am",7.4193358,41.10182,35.05718,16.421666
"057","8am",1.3012837,28.9319,32.21935,37.547465
"058","8am",7.1455789,64.16959,19.08438,9.600453
"059","8am",9.6727971,51.38535,27.76471,11.17715
"060","8am",11.3365283,41.75616,27.38951,19.5178
"061","8am",11.8346506,39.98486,35.72211,12.458379
"062","8am",2.3090675,46.97138,25.87369,24.845863
"063","8am",2.3442717,25.60997,40.27119,31.774567
"064","8am",7.4941894,32.19203,30.12159,30.19219
"065","8am",9.1940639,42.06977,30.06689,18.669272
"066","8am",6.5069193,39.27703,27.70152,26.514529
"067","8am",11.9729782,45.53447,32.87073,9.621817
"068","8am",7.9125203,46.93099,34.13846,11.018037
"069","8am",8.7520979,45.29484,34.47254,11.480523
"070","8am",10.6017374,47.796,27.71314,13.889117
"071","8am",12.2407879,57.97606,18.83229,10.950865
"072","8am",6.9667817,50.73842,30.97166,11.323135
"073","8am",6.618319,46.43004,30.54621,16.405431
"074","8am",12.307902,45.25396,24.42875,18.009393
"075","8am",9.409451,52.5627,20.98803,17.039814
"076","8am",17.1408531,46.36372,26.74325,9.75218
"077","8am",19.0111553,32.92384,30.20689,17.858116
"078","8am",14.4962733,38.1223,28.54969,18.831735
"079","8am",17.0531944,40.31561,28.22183,14.409358
"080","8am",29.4570865,31.0045,26.18918,13.349233
"001","9am",1.2734229,16.0512,27.05111,55.624273
"002","9am",1.044279,14.70554,39.42917,44.82101
"003","9am",4.5128649,25.94767,35.53603,34.003433
"004","9am",3.9924619,28.49572,39.04798,28.463837
"005","9am",3.7840421,26.49377,33.38239,36.339794
"006","9am",7.8897177,18.41324,27.67067,46.026364
"007","9am",2.3137252,20.68898,28.4552,48.542095
"008","9am",7.512394,30.57689,31.66086,30.249856
"009","9am",1.9755488,28.59813,35.26934,34.156976
"010","9am",1.8392902,40.14147,29.70157,28.317669
"011","9am",2.0497499,44.66079,31.42049,21.868975
"012","9am",7.4082105,38.37082,27.59145,26.62952
"013","9am",6.1427306,40.66941,29.39638,23.791478
"014","9am",3.1925017,43.15669,30.2538,23.397007
"015","9am",2.06803,36.81061,31.01039,30.110963
"016","9am",9.5246407,27.19037,32.06419,31.220793
"017","9am",3.0402917,35.12121,21.63612,40.202382
"018","9am",14.8551346,40.84581,22.66455,21.634507
"019","9am",9.0920079,26.30441,30.20837,34.395205
"020","9am",28.4132824,44.83785,20.7551,5.993768
"021","9am",9.6606323,39.92894,30.75116,19.65927
"022","9am",1.4016125,20.70184,26.54764,51.348912
"023","9am",5.654733,22.27788,32.04013,40.027256
"024","9am",8.3999104,50.94065,19.98127,20.678166
"025","9am",3.1663435,14.97073,16.89099,64.971939
"026","9am",5.7813624,18.49694,23.91075,51.810947
"027","9am",0.317542,25.70215,29.18973,44.790581
"028","9am",0.9015543,25.48361,41.04152,32.573321
"029","9am",2.1424613,30.81566,31.07413,35.96775
"030","9am",1.7057456,37.38666,25.1273,35.78029
"031","9am",13.971658,35.13493,33.3538,17.539605
"032","9am",2.1788425,31.53655,44.93154,21.353072
"033","9am",3.8593863,39.76826,33.54463,22.827727
"034","9am",1.6919415,30.97235,34.88164,32.454069
"035","9am",1.0604977,39.42891,30.84008,28.670505
"036","9am",2.6587785,34.28434,34.51913,28.537751
"037","9am",2.0379913,46.7857,23.26498,27.911325
"038","9am",7.4970656,23.33076,33.41788,35.754291
"039","9am",2.3781657,23.85924,34.37048,39.392113
"040","9am",5.3266765,25.99663,32.53754,36.139153
"041","9am",3.5812696,27.84689,26.3681,42.203738
"042","9am",7.1273455,24.08678,46.35901,22.426868
"043","9am",8.9308009,29.45058,33.73182,27.886805
"044","9am",10.4513521,45.00627,21.01224,23.530134
"045","9am",3.4664174,48.34855,28.1049,20.08013
"046","9am",4.0398485,39.42865,35.72444,20.807062
"047","9am",3.4217616,34.15877,37.26789,25.151583
"048","9am",12.7536374,38.03399,32.49612,16.716256
"049","9am",5.5769017,44.6887,29.31722,20.417179
"050","9am",9.6004108,41.36338,31.52236,17.513847
"051","9am",7.1476515,47.20506,23.50808,22.139206
"052","9am",6.0497425,31.52667,27.82353,34.600057
"053","9am",12.2212268,39.67513,24.99605,23.107596
"054","9am",8.7019533,41.85957,28.123,21.315478
"055","9am",8.0725439,36.47415,33.11338,22.339925
"056","9am",6.5357562,40.44583,35.55611,17.462307
"057","9am",1.2932132,32.77004,28.42716,37.509591
"058","9am",8.2902916,63.14289,20.95662,7.610197
"059","9am",9.4060313,52.26139,28.30493,10.027649
"060","9am",11.5980446,42.95008,24.92008,20.531794
"061","9am",12.0997438,38.36532,36.25952,13.275424
"062","9am",2.5422141,47.95132,24.16496,25.34151
"063","9am",2.7690424,23.61838,44.78907,28.823505
"064","9am",8.2610858,37.84575,29.01746,24.875697
"065","9am",7.5092989,40.87207,31.11733,20.501296
"066","9am",7.9553753,36.89933,27.36968,27.775615
"067","9am",12.5425088,45.07205,31.64456,10.740884
"068","9am",8.7674526,45.23626,34.32073,11.675564
"069","9am",10.0031187,48.5354,28.96128,12.5002
"070","9am",10.246625,48.2798,28.84808,12.625496
"071","9am",11.410455,60.30308,17.17935,11.107113
"072","9am",10.5312043,46.39767,31.52505,11.546077
"073","9am",6.8011495,47.43754,28.89338,16.867927
"074","9am",13.7075146,42.76907,25.24731,18.276111
"075","9am",6.7106767,52.85499,23.02375,17.410581
"076","9am",17.6902279,46.34413,26.44393,9.521705
"077","9am",20.1299049,34.72518,28.88426,16.260658
"078","9am",13.1832298,35.45209,29.93182,21.432861
"079","9am",16.2858211,41.78293,29.29336,12.63788
"080","9am",27.895262,29.59927,31.78346,10.722008
"001","10am",2.7153926,15.42651,29.73093,52.127173
"002","10am",0.4978422,17.46416,40.0422,41.995798
"003","10am",4.4381911,27.46629,34.06748,34.028042
"004","10am",4.548022,30.76915,33.46543,31.2174
"005","10am",3.8801326,21.26981,35.22689,39.623168
"006","10am",6.0197418,17.5563,30.56523,45.85873
"007","10am",2.4601746,22.31661,33.47208,41.751135
"008","10am",8.7790232,31.24923,29.92217,30.049584
"009","10am",1.9005632,26.94661,35.46985,35.682976
"010","10am",2.0549555,40.31224,25.68225,31.950557
"011","10am",2.134902,44.89506,32.30267,20.66737
"012","10am",6.9937192,42.17319,26.27586,24.557231
"013","10am",6.2015778,40.44459,29.5995,23.754324
"014","10am",3.3284713,42.98912,29.76035,23.922059
"015","10am",1.9525281,33.76152,31.96719,32.318767
"016","10am",9.2033145,27.67129,33.54813,29.577273
"017","10am",4.5014325,38.32845,21.07299,36.097124
"018","10am",14.2744865,39.87526,21.37703,24.473217
"019","10am",10.5423442,26.63944,29.31279,33.505426
"020","10am",29.1833588,38.89577,23.99378,7.92709
"021","10am",9.2963249,39.17919,32.74187,18.782621
"022","10am",1.649082,23.83566,24.66513,49.850132
"023","10am",5.4876407,21.12795,33.39659,39.987817
"024","10am",6.1244365,56.08363,18.81101,18.980931
"025","10am",3.1755668,14.3787,17.01471,65.431031
"026","10am",5.0453092,20.12186,23.32241,51.510427
"027","10am",0.3126414,25.78115,30.58093,43.325275
"028","10am",1.2370724,24.57331,39.56979,34.619821
"029","10am",1.7361326,30.39962,31.69257,36.171672
"030","10am",1.9534403,34.93259,28.02804,35.085928
"031","10am",13.1393262,36.29409,33.53682,17.029766
"032","10am",2.3224203,32.15264,41.41733,24.107611
"033","10am",4.371274,39.82971,32.43792,23.361095
"034","10am",1.6643381,30.46412,32.32147,35.550075
"035","10am",1.488396,38.10271,31.73895,28.669946
"036","10am",4.5272831,33.7948,36.35988,25.318039
"037","10am",2.1189667,49.48975,23.31654,25.074743
"038","10am",8.2814482,21.76699,33.82215,36.129412
"039","10am",4.0006282,26.72006,31.0167,38.262615
"040","10am",5.1647851,24.92873,34.48082,35.425664
"041","10am",3.5198816,28.90209,23.66771,43.910316
"042","10am",5.3074112,25.01421,44.75281,24.925567
"043","10am",8.1641055,31.01788,36.90647,23.911546
"044","10am",9.6702532,44.70568,20.11915,25.504918
"045","10am",3.2898218,46.08244,29.09855,21.529192
"046","10am",3.0364203,41.46361,38.14918,17.35079
"047","10am",4.1334589,34.20399,37.73377,23.928783
"048","10am",11.2850033,37.93553,29.02435,21.755121
"049","10am",4.7208815,45.02295,28.91851,21.33766
"050","10am",9.7959505,40.3579,34.3101,15.536053
"051","10am",7.3205795,50.58394,20.27049,21.824995
"052","10am",6.4123231,30.52703,27.96199,35.098649
"053","10am",12.6669107,37.95252,26.45544,22.925121
"054","10am",9.6831344,40.26366,31.40047,18.652731
"055","10am",7.4505034,39.38793,33.45506,19.706502
"056","10am",6.8499661,41.08209,36.92435,15.1436
"057","10am",1.3512845,32.70464,30.33988,35.6042
"058","10am",6.9719963,60.16918,21.29578,11.563044
"059","10am",8.3951498,52.95195,26.32898,12.323926
"060","10am",11.6427141,46.03893,24.15667,18.161686
"061","10am",14.5709771,40.37428,30.56693,14.487807
"062","10am",1.7025075,48.82256,24.96709,24.507844
"063","10am",2.8112304,27.63163,40.59732,28.95982
"064","10am",8.7392144,37.44761,28.56465,25.248522
"065","10am",7.937183,41.91156,26.18289,23.968369
"066","10am",6.2513011,38.21575,27.72885,27.804097
"067","10am",12.9278009,47.56361,29.16871,10.339876
"068","10am",8.663919,46.96961,31.80769,12.558779
"069","10am",9.4045175,49.67439,27.89629,13.024805
"070","10am",9.1991319,46.08928,28.16489,16.546698
"071","10am",11.4672157,59.701,17.78702,11.044761
"072","10am",7.7742292,46.3612,34.14762,11.716951
"073","10am",7.3281643,48.45256,29.5329,14.68638
"074","10am",11.7230046,46.20524,25.11091,16.960846
"075","10am",10.0164154,49.7607,22.90265,17.32024
"076","10am",16.5788541,46.63208,26.93482,9.854246
"077","10am",21.8584848,35.07772,27.68683,15.376966
"078","10am",12.3474112,37.10309,31.04471,19.50479
"079","10am",16.6155886,41.39207,28.48423,13.50811
"080","10am",26.4196855,27.86813,32.42621,13.285975
"001","11am",2.6671657,13.52308,30.81946,52.990291
"002","11am",0,21.35498,41.78964,36.855377
"003","11am",2.8031205,28.57335,34.4846,34.138927
"004","11am",4.3721035,30.91415,32.14574,32.568007
"005","11am",3.3259918,26.81073,34.37004,35.49324
"006","11am",6.1553628,21.89345,28.48987,43.46131
"007","11am",2.2161854,23.05862,30.36705,44.35815
"008","11am",6.0710805,32.14684,31.28638,30.495698
"009","11am",2.3608054,22.58559,36.8783,38.175308
"010","11am",3.4287236,34.54369,28.76678,33.260799
"011","11am",3.3912398,43.58005,34.09943,18.929283
"012","11am",6.436047,42.36696,27.72943,23.467555
"013","11am",5.0037559,38.14185,29.99979,26.8546
"014","11am",5.6627583,45.41721,29.75292,19.167119
"015","11am",1.8254713,34.61394,35.41185,28.148733
"016","11am",10.1925771,29.13997,27.41283,33.254631
"017","11am",3.305753,33.25872,22.98225,40.45328
"018","11am",16.3801746,40.41969,19.63277,23.567366
"019","11am",5.6465632,25.84289,32.67224,35.838311
"020","11am",28.9448323,41.87749,21.34075,7.83693
"021","11am",8.4867725,36.58257,35.40184,19.528811
"022","11am",2.4279754,23.83307,25.71016,48.028792
"023","11am",7.14416,21.0536,31.26839,40.533844
"024","11am",5.0089007,59.364,16.78933,18.837774
"025","11am",3.0650862,14.28708,15.98994,66.657892
"026","11am",5.2576317,22.96031,21.03312,50.748941
"027","11am",0.373842,26.10228,30.7922,42.731682
"028","11am",0.9551965,22.06287,40.81968,36.162252
"029","11am",2.344157,29.59554,29.27246,38.787851
"030","11am",3.0257529,36.23786,26.67253,34.063862
"031","11am",12.0974571,39.41496,32.70741,15.780174
"032","11am",3.001473,29.04106,43.58137,24.376096
"033","11am",4.4807407,38.96292,35.79624,20.760099
"034","11am",1.6258564,30.00061,30.56934,37.804203
"035","11am",2.5259307,35.24861,34.25524,27.970223
"036","11am",2.7907825,32.13993,36.88548,28.183813
"037","11am",2.0441905,50.37831,22.13083,25.446673
"038","11am",6.4409253,21.55051,36.81401,35.194548
"039","11am",2.3777885,26.77354,31.87538,38.97329
"040","11am",4.7406847,23.65836,33.27016,38.330796
"041","11am",4.2118599,31.8827,22.98601,40.919429
"042","11am",5.7290008,29.18685,36.78202,28.302131
"043","11am",8.5158485,30.14751,34.70125,26.63539
"044","11am",8.910236,41.86476,23.24837,25.976631
"045","11am",3.2777977,47.2026,30.19745,19.322149
"046","11am",3.9302194,39.67706,36.86493,19.527787
"047","11am",4.3035974,36.18041,36.10165,23.41434
"048","11am",11.1545355,37.80505,30.81184,20.228577
"049","11am",4.9447561,42.37879,31.25233,21.424118
"050","11am",7.8633529,43.74681,33.3204,15.069436
"051","11am",5.231976,50.67571,21.26454,22.827781
"052","11am",6.5798932,34.48717,28.21326,30.719681
"053","11am",10.8721416,38.4551,29.02045,21.652308
"054","11am",9.532461,36.7154,33.44677,20.305363
"055","11am",8.5055036,40.62861,31.39228,19.473605
"056","11am",7.2902037,39.4894,36.38079,16.83961
"057","11am",1.2821772,29.06471,34.2139,35.439219
"058","11am",7.18583,63.00018,19.08853,10.725463
"059","11am",8.6400315,54.40394,27.17792,9.778114
"060","11am",11.7586368,46.07499,24.30014,17.866232
"061","11am",14.1758586,36.76392,31.87753,17.182692
"062","11am",1.5777347,50.72655,25.88291,21.8128
"063","11am",2.5567202,27.96571,38.32843,31.14914
"064","11am",8.4560363,38.0174,26.95989,26.566664
"065","11am",9.0936375,40.1112,27.40292,23.392234
"066","11am",5.8995262,36.27197,25.20717,32.621333
"067","11am",13.7226521,47.18335,28.11838,10.975612
"068","11am",8.5234798,46.18872,31.92806,13.359743
"069","11am",10.42927,50.81773,27.9153,10.837701
"070","11am",9.2400377,49.98319,24.80424,15.972525
"071","11am",11.3499898,59.48637,20.2633,8.900336
"072","11am",7.9600476,44.79426,33.77497,13.470724
"073","11am",7.7103119,46.88928,30.91534,14.485063
"074","11am",10.4575083,48.08268,24.25668,17.203132
"075","11am",10.2000803,49.51171,22.63341,17.654802
"076","11am",16.3891137,46.0811,27.47087,10.058922
"077","11am",20.2331798,34.11241,29.77446,15.879955
"078","11am",12.1268012,36.63865,31.8111,19.42345
"079","11am",17.381155,38.26189,29.79664,14.560313
"080","11am",26.9573257,28.97048,30.51585,13.556344
"001","12am",0.2613259,12.28133,30.41445,57.042897
"002","12am",0.4954561,22.35183,40.47863,36.674087
"003","12am",2.9635428,26.59465,35.48325,34.958554
"004","12am",3.5180444,29.8511,35.51242,31.118434
"005","12am",3.7899478,21.71224,35.03536,39.462444
"006","12am",6.3138773,20.09647,29.74815,43.841508
"007","12am",2.2598871,23.77704,30.66288,43.300191
"008","12am",5.6182211,29.55708,31.38496,33.439734
"009","12am",2.3002031,24.03018,35.08217,38.587454
"010","12am",3.5660965,37.83847,29.5784,29.017032
"011","12am",2.5164328,45.73543,37.00832,14.739817
"012","12am",6.0469866,42.44411,26.46753,25.041374
"013","12am",5.8832981,40.98152,28.25245,24.882725
"014","12am",5.8161722,39.5101,27.59632,27.077411
"015","12am",1.6044125,34.74826,33.29179,30.355537
"016","12am",9.4066332,28.4235,27.15229,35.017573
"017","12am",4.0929394,32.85597,22.61793,40.43316
"018","12am",15.8720862,42.44627,23.03062,18.651026
"019","12am",8.8165106,24.46055,32.60486,34.118082
"020","12am",26.0285364,44.2801,23.25009,6.441276
"021","12am",7.9930136,38.67569,29.68192,23.649375
"022","12am",2.2012096,24.622,22.73246,50.444333
"023","12am",7.8529098,19.33353,32.31426,40.499299
"024","12am",5.8801618,54.75009,18.63651,20.733239
"025","12am",3.2760983,14.6426,15.83847,66.242833
"026","12am",5.6626213,18.48272,19.49325,56.361417
"027","12am",0.4110999,30.24672,31.20718,38.134998
"028","12am",0.9851733,22.93997,39.69593,36.378928
"029","12am",2.519647,29.13661,29.24553,39.098214
"030","12am",1.6431521,30.76869,28.14277,39.445384
"031","12am",11.2873752,37.50169,40.04969,11.161248
"032","12am",2.6729151,31.09229,41.92094,24.31385
"033","12am",3.7011201,37.31747,34.59461,24.386804
"034","12am",2.1084221,29.37619,25.29104,43.224346
"035","12am",2.7549656,35.62961,34.7288,26.886624
"036","12am",2.5137717,34.26226,36.14981,27.074156
"037","12am",2.0445597,45.61013,25.00361,27.341704
"038","12am",6.3214709,23.29183,34.32257,36.064128
"039","12am",0.6339969,29.87914,37.51805,31.968811
"040","12am",4.6546916,23.82361,30.0825,41.4392
"041","12am",4.266293,27.7958,26.25623,41.681673
"042","12am",5.6856593,26.77719,37.07756,30.459594
"043","12am",7.7349241,27.87533,39.55501,24.834739
"044","12am",8.6811422,42.48073,28.32098,20.517146
"045","12am",3.301628,51.79842,27.45336,17.446589
"046","12am",2.8761653,44.17196,34.0544,18.897476
"047","12am",6.5217903,33.40178,37.06862,23.007811
"048","12am",10.0289862,42.34716,27.68976,19.934095
"049","12am",3.4125622,40.54818,35.14794,20.891318
"050","12am",8.0959827,40.45278,31.05169,20.39954
"051","12am",8.1741843,46.64694,22.92559,22.253283
"052","12am",5.153437,31.81427,28.45756,34.574729
"053","12am",12.088129,39.51611,27.19599,21.199768
"054","12am",8.6287619,37.32569,33.18815,20.857401
"055","12am",7.6230064,39.82016,30.24404,22.312791
"056","12am",7.4342846,39.34609,37.09642,16.123207
"057","12am",2.2311271,28.38027,29.8245,39.564102
"058","12am",7.4302439,63.19139,20.03208,9.346284
"059","12am",9.6818567,52.61126,25.19715,12.509741
"060","12am",11.0945551,44.36025,26.95658,17.588618
"061","12am",13.4080932,35.59281,34.04453,16.954561
"062","12am",2.183049,50.62703,26.57365,20.61627
"063","12am",2.3977701,29.41813,38.58506,29.599049
"064","12am",7.690001,36.06027,29.35831,26.891428
"065","12am",8.7998556,42.3313,28.59093,20.27792
"066","12am",5.6685855,36.41648,25.34394,32.570991
"067","12am",11.8952837,45.86151,29.57117,12.67204
"068","12am",8.2355075,44.90278,32.43174,14.429963
"069","12am",10.5339687,52.98797,25.98484,10.493225
"070","12am",9.0861284,49.05867,25.91224,15.942964
"071","12am",11.2276771,59.09757,22.1021,7.572658
"072","12am",7.5126261,48.60755,30.86899,13.010828
"073","12am",6.8161728,48.13794,27.38751,17.658382
"074","12am",11.1181965,46.23096,27.45942,15.191432
"075","12am",11.590492,51.13675,21.78469,15.488074
"076","12am",17.843817,45.68607,28.20959,8.260526
"077","12am",19.2319041,32.73108,29.65893,18.378085
"078","12am",12.3757398,37.08816,29.75029,20.785812
"079","12am",18.0611095,38.30149,28.98279,14.65461
"080","12am",25.8234913,28.46238,32.80064,12.913483
"001","1pm",0.8370875,13.7605,31.27504,54.127377
"002","1pm",0,21.89757,38.59421,39.508221
"003","1pm",2.8265523,29.36173,35.45532,32.356403
"004","1pm",3.7490254,30.76266,35.46977,30.018543
"005","1pm",3.9788298,17.82056,35.48717,42.713433
"006","1pm",7.3166391,20.82307,27.15304,44.707243
"007","1pm",2.3509185,23.82659,30.25912,43.563371
"008","1pm",6.0689697,29.98054,31.17688,32.773611
"009","1pm",2.6026777,23.82911,37.19279,36.375424
"010","1pm",3.8269332,38.56651,28.88243,28.724127
"011","1pm",2.2774468,44.68608,34.39404,18.642435
"012","1pm",6.9983947,40.4662,28.72622,23.809188
"013","1pm",5.1339505,38.59756,28.89751,27.370981
"014","1pm",6.2755194,43.7064,26.97403,23.044056
"015","1pm",1.7053058,35.63033,35.15634,27.508024
"016","1pm",9.596345,29.32026,27.9082,33.175193
"017","1pm",1.6878536,32.54645,20.13543,45.630267
"018","1pm",12.9753744,41.934,21.5204,23.57023
"019","1pm",8.976291,26.77613,32.74235,31.505233
"020","1pm",25.6849155,42.26766,24.58111,7.466315
"021","1pm",9.2443149,35.10608,29.97657,25.673028
"022","1pm",2.0360966,25.97839,21.73812,50.247393
"023","1pm",6.8430512,17.83676,31.97228,43.347907
"024","1pm",6.6460692,56.10068,16.09312,21.160135
"025","1pm",3.1651751,12.87174,18.33119,65.631901
"026","1pm",5.354137,17.20244,25.87377,51.569652
"027","1pm",0.3671818,23.19478,32.18932,44.248716
"028","1pm",1.423025,25.36065,40.52434,32.691991
"029","1pm",2.2503426,27.03134,32.37713,38.34119
"030","1pm",5.1587894,33.03797,21.8539,39.949338
"031","1pm",13.9820106,36.32472,33.64784,16.045431
"032","1pm",2.9645378,27.34959,44.49033,25.195542
"033","1pm",3.7701115,40.38035,31.34042,24.509112
"034","1pm",2.0149375,26.7157,33.58676,37.682609
"035","1pm",1.9104884,35.88384,33.64445,28.561222
"036","1pm",2.8023703,37.39759,36.1315,23.668535
"037","1pm",2.0953145,48.59582,23.07088,26.237988
"038","1pm",7.3268112,26.43624,32.00251,34.234438
"039","1pm",2.3810157,27.83206,31.22318,38.563737
"040","1pm",5.323825,24.89577,30.11985,39.660548
"041","1pm",4.6064101,26.49145,25.96117,42.94097
"042","1pm",5.523476,27.17293,38.63432,28.669273
"043","1pm",6.6342489,24.87899,41.56267,26.924098
"044","1pm",7.8974421,48.14315,22.34573,21.613679
"045","1pm",3.1650885,50.36129,28.64998,17.823641
"046","1pm",3.9350928,42.94501,35.58429,17.5356
"047","1pm",5.8878269,32.54533,37.09296,24.473887
"048","1pm",9.771804,40.86027,33.14165,16.226277
"049","1pm",4.2409718,47.60442,28.00957,20.14504
"050","1pm",9.1490689,45.39205,27.25577,18.203112
"051","1pm",7.0505988,53.15079,22.63226,17.16635
"052","1pm",5.3949713,36.77598,27.1862,30.642848
"053","1pm",12.9094777,38.91144,28.11046,20.068615
"054","1pm",7.8992833,41.76555,31.53524,18.799931
"055","1pm",7.4486244,42.33951,30.97845,19.23342
"056","1pm",7.3858126,40.08846,37.3054,15.220331
"057","1pm",2.5998372,27.38007,28.52837,41.49172
"058","1pm",7.7250657,60.25586,23.01821,9.000864
"059","1pm",10.9490223,46.7287,27.53785,14.784429
"060","1pm",12.2630799,42.18369,26.01083,19.542402
"061","1pm",11.4632738,42.18828,31.83714,14.511311
"062","1pm",2.1501745,52.50092,25.25614,20.092764
"063","1pm",2.6350648,28.84298,37.27576,31.246199
"064","1pm",8.1663808,35.62026,28.76484,27.448514
"065","1pm",8.7697824,40.43739,31.19738,19.595454
"066","1pm",5.0316139,38.23135,25.12085,31.616185
"067","1pm",12.1644286,46.72555,29.35107,11.758955
"068","1pm",8.3467094,45.60331,32.89757,13.152415
"069","1pm",10.7367198,52.03777,29.06576,8.159756
"070","1pm",9.4506282,44.47327,32.37108,13.705017
"071","1pm",13.3102759,55.96203,23.82345,6.904247
"072","1pm",8.1132501,53.88975,26.41997,11.577025
"073","1pm",6.9161422,45.32362,26.95432,20.805912
"074","1pm",11.2757519,45.95427,27.47035,15.299623
"075","1pm",10.095327,55.42115,20.40278,14.080739
"076","1pm",17.396221,44.34048,27.76529,10.498013
"077","1pm",19.296352,33.38356,27.58349,19.736595
"078","1pm",12.4288117,36.87603,30.9642,19.730963
"079","1pm",16.9531655,41.01378,27.79527,14.237782
"080","1pm",26.0259041,30.44956,30.65788,12.866651
"001","2pm",4.0592738,13.2773,30.63648,52.026947
"002","2pm",0.4449129,20.05031,38.47389,41.030881
"003","2pm",3.0771435,27.88613,35.13462,33.902101
"004","2pm",4.2613964,29.65342,38.15933,27.925854
"005","2pm",3.5174934,17.96669,36.50953,42.006288
"006","2pm",7.4376778,21.30974,27.59836,43.654227
"007","2pm",0,20.80344,32.92652,46.270033
"008","2pm",6.2220347,29.332,34.41306,30.032906
"009","2pm",2.494137,28.77518,36.70831,32.022368
"010","2pm",4.3649708,45.53737,26.92716,23.170506
"011","2pm",2.2559467,43.47832,32.22432,22.041418
"012","2pm",6.6701355,42.9511,25.71558,24.663182
"013","2pm",4.0922603,36.11725,31.99276,27.797734
"014","2pm",9.0261155,39.76304,25.72427,25.486571
"015","2pm",1.5875332,31.49144,38.86504,28.055994
"016","2pm",8.491037,31.08564,26.65307,33.770252
"017","2pm",2.2088879,28.05188,27.70228,42.036961
"018","2pm",13.1519236,39.17306,21.67575,25.999274
"019","2pm",8.4168034,25.67678,33.30647,32.599944
"020","2pm",25.7673602,42.03409,24.70712,7.491431
"021","2pm",10.1483337,32.90531,34.33579,22.610574
"022","2pm",2.7609408,27.33231,22.29623,47.61051
"023","2pm",5.9392942,18.51101,31.42395,44.125741
"024","2pm",7.1607638,58.67517,16.63856,17.525509
"025","2pm",3.0542343,12.24479,15.71267,68.988308
"026","2pm",5.2473663,17.00455,24.77912,52.968965
"027","2pm",0.373011,20.97599,31.72652,46.924476
"028","2pm",1.2191367,27.20304,40.79695,30.780879
"029","2pm",3.2569115,27.51278,31.84146,37.388843
"030","2pm",5.2890846,38.56592,17.52009,38.624909
"031","2pm",11.1890911,39.25817,31.29706,18.255682
"032","2pm",2.7931451,27.94291,43.6652,25.598736
"033","2pm",4.2009239,38.89723,33.31007,23.59177
"034","2pm",2.5771567,27.54574,31.21781,38.65929
"035","2pm",2.0908539,37.25824,34.62181,26.029095
"036","2pm",2.773921,32.39215,33.33361,31.500316
"037","2pm",3.9797203,54.1902,20.68857,21.141511
"038","2pm",8.5587156,21.57792,35.37344,34.489925
"039","2pm",3.8549464,28.68251,31.62442,35.838126
"040","2pm",5.40736,28.04057,27.27832,39.273743
"041","2pm",4.401926,25.34886,28.23996,42.009251
"042","2pm",5.4244662,31.24548,35.87465,27.455402
"043","2pm",7.0297272,27.90479,36.94402,28.121461
"044","2pm",8.8910374,49.65098,23.6333,17.824684
"045","2pm",3.7196972,51.9011,31.03395,13.345245
"046","2pm",3.8789704,35.23992,44.46663,16.414479
"047","2pm",4.2516291,36.83741,32.15486,26.756107
"048","2pm",7.7030944,40.77276,35.01946,16.504689
"049","2pm",5.065517,48.11772,26.53933,20.277429
"050","2pm",7.3370971,43.00592,23.96118,25.695798
"051","2pm",7.7030093,52.16654,21.53586,18.59459
"052","2pm",3.1261176,37.76104,23.3334,35.779443
"053","2pm",12.1896435,36.93519,28.09185,22.783315
"054","2pm",7.9916848,42.34468,29.9748,19.688842
"055","2pm",7.403505,41.86183,30.21784,20.516821
"056","2pm",8.1396861,35.85892,38.18583,17.815566
"057","2pm",2.6592385,25.49615,31.50199,40.342627
"058","2pm",7.5852234,55.22414,24.855,12.335631
"059","2pm",9.1337875,51.36076,25.95415,13.551297
"060","2pm",12.2877754,44.54444,25.00849,18.159302
"061","2pm",10.9651181,43.24204,31.37362,14.419221
"062","2pm",2.0817093,51.3859,22.96785,23.564548
"063","2pm",4.7996881,28.6938,38.50266,28.003852
"064","2pm",9.7803009,36.85912,28.20774,25.152836
"065","2pm",8.0365722,41.67866,30.75013,19.53463
"066","2pm",5.5445283,39.31268,22.77534,32.367444
"067","2pm",12.1696949,45.37671,31.50635,10.947247
"068","2pm",8.0144716,47.76715,30.57547,13.6429
"069","2pm",9.7791442,48.4972,32.115,9.608655
"070","2pm",8.7040746,47.86088,31.98385,11.451194
"071","2pm",14.8267473,55.52448,23.5124,6.136378
"072","2pm",10.0515831,50.28949,26.78059,12.878345
"073","2pm",4.3340286,49.25465,27.33929,19.072031
"074","2pm",10.9016669,45.45457,25.83032,17.813445
"075","2pm",11.4949661,53.30572,20.96194,14.237376
"076","2pm",18.3370683,42.82011,27.92973,10.913092
"077","2pm",19.6976025,35.15362,25.81625,19.332528
"078","2pm",11.8583195,36.28074,31.63314,20.227797
"079","2pm",17.0745316,40.81993,26.98826,15.117277
"080","2pm",25.2293334,31.95607,30.42145,12.393142
"001","3pm",0.8245293,15.20094,25.62173,58.352803
"002","3pm",2.2814531,18.42745,36.16076,43.13034
"003","3pm",3.6022867,25.13929,40.06173,31.196687
"004","3pm",4.9717424,31.29451,34.79704,28.936707
"005","3pm",3.2873791,19.97319,40.07678,36.662646
"006","3pm",9.3848572,21.77784,26.43136,42.405946
"007","3pm",0,23.73905,28.28983,47.971123
"008","3pm",3.3239028,27.56164,37.54958,31.564874
"009","3pm",2.2047185,25.6708,36.4436,35.680889
"010","3pm",3.7735494,46.16088,23.43134,26.634233
"011","3pm",2.1331066,42.47453,33.64703,21.745335
"012","3pm",6.9951506,44.70336,23.95157,24.349924
"013","3pm",4.5374036,36.92793,32.16847,26.366204
"014","3pm",5.8676168,41.35973,26.28259,26.490068
"015","3pm",1.6234964,35.37381,33.59584,29.406862
"016","3pm",8.5696099,31.80266,27.52609,32.101635
"017","3pm",4.4022058,29.38574,27.51254,38.699505
"018","3pm",12.4521834,40.71354,20.63093,26.203346
"019","3pm",7.1378601,27.22929,33.13644,32.496412
"020","3pm",24.4028124,43.96169,24.14445,7.491047
"021","3pm",10.4374829,35.2428,33.89601,20.423708
"022","3pm",1.6701631,25.37283,24.12807,48.828932
"023","3pm",6.5819003,20.66406,31.56177,41.192264
"024","3pm",7.9852866,55.30131,17.90491,18.808496
"025","3pm",3.0314714,12.44368,16.73159,67.793252
"026","3pm",4.9226044,21.53193,23.23659,50.308877
"027","3pm",0.3711521,22.55609,32.12098,44.951783
"028","3pm",1.5197923,24.70648,40.77994,32.993786
"029","3pm",2.781529,23.9345,33.29389,39.990078
"030","3pm",5.7330933,42.51258,16.86176,34.892561
"031","3pm",12.4566414,35.30979,33.53379,18.699779
"032","3pm",3.2357647,30.45673,40.90526,25.402238
"033","3pm",3.6768025,43.34368,32.55442,20.425094
"034","3pm",2.4586975,27.08973,32.17975,38.271822
"035","3pm",2.7282299,32.44347,37.56019,27.268109
"036","3pm",3.2421632,31.65926,33.26053,31.838049
"037","3pm",4.2022476,51.60993,21.86598,22.32185
"038","3pm",7.2768082,27.2831,28.14845,37.291645
"039","3pm",5.5025117,26.22533,31.43718,36.834973
"040","3pm",5.386375,24.82997,31.65316,38.130494
"041","3pm",4.1623473,26.62714,27.36131,41.849193
"042","3pm",5.878131,32.14079,39.09564,22.885434
"043","3pm",8.6406644,25.64357,37.76591,27.949854
"044","3pm",9.078078,52.0358,19.6461,19.240019
"045","3pm",4.7913389,48.29056,31.28035,15.637753
"046","3pm",4.0556584,38.90395,40.44785,16.592543
"047","3pm",2.5611075,35.64112,33.14909,28.648682
"048","3pm",6.1276804,39.89446,34.68546,19.292395
"049","3pm",4.5745526,40.92777,32.31828,22.179399
"050","3pm",7.146205,43.13781,31.42776,18.288224
"051","3pm",9.1863477,54.79487,19.06066,16.958121
"052","3pm",5.3705176,36.57224,26.07215,31.985093
"053","3pm",11.9379504,37.88378,26.02681,24.151459
"054","3pm",7.1895313,44.75629,29.11317,18.94101
"055","3pm",9.4246039,44.49897,25.64219,20.434238
"056","3pm",7.1197628,37.12776,38.65451,17.097976
"057","3pm",2.6843633,26.57882,30.36897,40.367848
"058","3pm",7.3517541,60.34959,21.85636,10.442294
"059","3pm",8.1234164,52.05177,26.14644,13.678369
"060","3pm",11.9256359,42.57445,27.12975,18.370167
"061","3pm",12.1755557,44.58654,28.4987,14.739214
"062","3pm",1.5015263,47.7064,27.36732,23.424754
"063","3pm",4.5534893,33.87869,36.99383,24.573989
"064","3pm",10.0732709,38.58732,28.27395,23.06546
"065","3pm",8.7914047,38.57228,30.12335,22.512962
"066","3pm",5.1728301,38.92652,24.2867,31.61395
"067","3pm",13.4757533,42.48201,33.80496,10.237274
"068","3pm",8.4741772,47.98292,31.49456,12.048349
"069","3pm",8.8068692,43.81544,35.90105,11.476636
"070","3pm",9.1841511,46.67604,30.15624,13.98357
"071","3pm",14.7497443,54.86105,23.86961,6.519599
"072","3pm",9.8469521,48.64252,27.11786,14.392677
"073","3pm",4.2054115,49.2752,28.62576,17.893633
"074","3pm",10.806044,39.73742,28.67877,20.777772
"075","3pm",11.165117,55.71281,18.31766,14.804409
"076","3pm",17.9808966,43.25956,27.41853,11.341022
"077","3pm",19.0580728,34.28643,30.66832,15.98718
"078","3pm",12.8026794,33.51947,31.06919,22.608655
"079","3pm",16.384382,39.33344,28.01159,16.270593
"080","3pm",26.3324944,31.30175,30.36954,11.996216
"001","4pm",0.9534587,18.74659,27.63627,52.663689
"002","4pm",2.0764825,15.62692,35.24001,47.056585
"003","4pm",3.7592333,23.7035,34.95877,37.578497
"004","4pm",4.6822887,37.74005,28.04309,29.534573
"005","4pm",4.000815,21.24213,37.49351,37.263549
"006","4pm",6.3737565,22.90803,26.45526,44.26296
"007","4pm",0,19.78835,30.55681,49.654842
"008","4pm",5.7648795,32.10695,32.13749,29.990677
"009","4pm",2.0797318,28.34974,32.33818,37.232349
"010","4pm",3.0848478,40.5319,26.5015,29.881752
"011","4pm",2.4085631,42.62112,36.09401,18.876304
"012","4pm",7.4885526,42.01704,26.32833,24.166074
"013","4pm",7.0504289,36.26419,28.18048,28.5049
"014","4pm",3.7805126,45.15359,26.26797,24.797923
"015","4pm",1.4241949,37.49074,36.68362,24.401454
"016","4pm",7.5248474,31.15917,30.04616,31.269826
"017","4pm",3.8675816,29.19961,30.01552,36.917285
"018","4pm",17.8558616,40.71994,17.88252,23.541674
"019","4pm",9.1035276,28.09092,31.12421,31.681347
"020","4pm",25.9511466,43.28034,24.19187,6.576647
"021","4pm",8.8879093,38.55534,27.82005,24.736703
"022","4pm",1.8038722,24.75639,22.25733,51.182401
"023","4pm",5.0804537,20.52952,29.38091,45.009116
"024","4pm",7.9104129,58.5364,16.48854,17.064644
"025","4pm",3.3019078,12.31957,16.16542,68.213105
"026","4pm",5.0314453,19.1945,23.61254,52.161519
"027","4pm",0.3840559,24.34778,28.45688,46.811292
"028","4pm",2.0460881,26.40156,41.81498,29.737369
"029","4pm",2.8230311,26.251,27.60664,43.319321
"030","4pm",5.5260022,40.92328,18.30575,35.244967
"031","4pm",11.4071476,37.17009,32.92764,18.495117
"032","4pm",2.9076737,28.53875,41.47022,27.083359
"033","4pm",3.8375896,39.60582,34.95856,21.598031
"034","4pm",2.775358,30.11793,32.0884,35.018308
"035","4pm",1.5350817,33.53846,37.45619,27.470271
"036","4pm",3.2453898,35.01497,35.6447,26.094943
"037","4pm",3.9543731,46.85367,24.74611,24.445849
"038","4pm",6.8857255,24.82982,33.83734,34.447116
"039","4pm",6.8112769,25.63318,29.3468,38.208751
"040","4pm",5.2472983,21.31663,32.01101,41.425062
"041","4pm",4.5461016,22.77291,31.8546,40.826382
"042","4pm",5.1788401,29.39939,41.48343,23.938341
"043","4pm",7.3311327,25.27227,38.69543,28.701161
"044","4pm",8.5044372,51.06181,21.95246,18.481289
"045","4pm",3.5774053,50.9074,30.91206,14.603135
"046","4pm",4.1631349,38.40168,37.45543,19.979761
"047","4pm",4.0577131,30.83568,37.48645,27.620165
"048","4pm",5.3354118,42.49991,35.86633,16.29835
"049","4pm",4.3411907,41.46096,32.44603,21.751823
"050","4pm",6.1226088,43.61374,35.33652,14.927136
"051","4pm",6.837991,55.78361,18.01688,19.361523
"052","4pm",6.149913,37.14335,19.51755,37.189187
"053","4pm",12.523966,39.42309,24.78167,23.271272
"054","4pm",7.5470604,42.9906,30.34223,19.120108
"055","4pm",7.8138065,44.94929,26.91875,20.318159
"056","4pm",7.0421533,38.43708,36.63316,17.887605
"057","4pm",2.3509189,28.19013,35.45526,34.003694
"058","4pm",7.1532592,58.96436,22.85094,11.031439
"059","4pm",6.8633133,60.25717,22.15341,10.726107
"060","4pm",12.0917712,40.7464,32.14247,15.019367
"061","4pm",11.6926142,41.31704,31.58309,15.407261
"062","4pm",2.174099,45.21039,27.71538,24.900129
"063","4pm",2.7564794,34.32984,38.44957,24.464106
"064","4pm",10.3277658,41.73917,28.59624,19.336826
"065","4pm",8.1881029,38.71203,28.37696,24.722915
"066","4pm",5.6073234,42.23504,19.88667,32.270974
"067","4pm",10.3805442,43.67541,36.61301,9.331036
"068","4pm",9.4772713,47.00898,30.70912,12.804626
"069","4pm",9.4445364,43.07567,37.48987,9.989932
"070","4pm",12.4860782,45.74784,26.17545,15.590638
"071","4pm",13.9209157,54.5982,25.57598,5.904909
"072","4pm",7.5468828,50.59171,26.08323,15.778172
"073","4pm",5.56768,48.09885,30.90274,15.430736
"074","4pm",11.2976975,48.07205,26.56694,14.063307
"075","4pm",9.4375184,52.82765,22.317,15.41783
"076","4pm",17.2653163,42.99263,28.30266,11.439398
"077","4pm",18.917828,34.11785,30.34517,16.619152
"078","4pm",12.0702338,36.83556,31.41942,19.674778
"079","4pm",17.2416855,40.39688,27.55904,14.802397
"080","4pm",25.836004,34.23404,28.22996,11.699987
"001","5pm",0,17.67498,27.53571,54.789312
"002","5pm",0.5527596,20.59546,35.51383,43.337955
"003","5pm",2.2998878,24.80896,32.35523,40.535918
"004","5pm",4.0855314,30.26565,32.4492,33.199619
"005","5pm",6.2038508,20.21157,35.26321,38.321367
"006","5pm",7.0478642,19.96073,28.23784,44.753564
"007","5pm",0,20.35974,25.00366,54.636602
"008","5pm",4.4650926,34.1966,34.141,27.197314
"009","5pm",1.9080042,25.6325,35.55206,36.907432
"010","5pm",2.1999106,40.73161,24.97546,32.093018
"011","5pm",3.2165044,45.80011,31.14452,19.838868
"012","5pm",7.0825961,42.7295,26.73941,23.448495
"013","5pm",7.0902287,39.68706,25.64254,27.58017
"014","5pm",3.1163158,39.66024,28.88847,28.334977
"015","5pm",1.7533023,32.3493,34.1188,31.778594
"016","5pm",7.2452235,33.03727,30.53768,29.179828
"017","5pm",3.6674758,29.72775,29.75035,36.854422
"018","5pm",17.5257379,38.42434,18.61756,25.432366
"019","5pm",10.3380263,27.27363,29.18,33.208349
"020","5pm",26.965998,42.9329,22.66436,7.436741
"021","5pm",9.2256087,32.72077,31.52494,26.528675
"022","5pm",4.3719427,26.22097,17.15791,52.249178
"023","5pm",5.2081048,18.77409,26.9329,49.084901
"024","5pm",8.929103,59.72824,14.38707,16.955591
"025","5pm",1.1285922,12.15318,16.51036,70.207861
"026","5pm",7.5354479,21.25124,20.62728,50.586038
"027","5pm",0.5001982,26.57047,24.89437,48.034956
"028","5pm",1.5257414,27.66288,39.90268,30.908698
"029","5pm",2.53649,29.01672,32.6114,35.835395
"030","5pm",5.5676505,35.2982,25.99546,33.138695
"031","5pm",12.1062458,31.80944,38.21719,17.867127
"032","5pm",1.7511079,29.4289,38.0529,30.767092
"033","5pm",3.4887877,41.28471,34.66433,20.56217
"034","5pm",2.5300276,22.12731,37.08597,38.256693
"035","5pm",1.557122,31.2161,36.56332,30.663464
"036","5pm",4.6649806,29.49173,42.29957,23.543717
"037","5pm",2.104282,47.75495,27.44176,22.69901
"038","5pm",7.0188043,25.08927,33.63793,34.253992
"039","5pm",6.1280402,25.76333,29.27282,38.835815
"040","5pm",4.4600961,22.57677,34.51895,38.444183
"041","5pm",4.6707673,24.13745,35.0888,36.102983
"042","5pm",4.9127229,32.56224,37.58544,24.939597
"043","5pm",10.3100136,23.27795,38.37774,28.034302
"044","5pm",7.8285805,53.62029,25.67005,12.881081
"045","5pm",2.890004,53.82063,25.57515,17.714209
"046","5pm",2.8493731,33.20235,34.61619,29.332088
"047","5pm",4.8975668,36.54404,37.8476,20.710798
"048","5pm",6.0958192,40.02816,32.52692,21.349105
"049","5pm",3.7856411,35.89018,37.27043,23.05375
"050","5pm",6.8651403,39.87731,35.62698,17.630566
"051","5pm",6.001255,43.80048,25.51288,24.685386
"052","5pm",5.3239472,33.69004,25.41984,35.566175
"053","5pm",10.2282657,36.56445,24.12452,29.082772
"054","5pm",9.1891017,41.99129,29.68485,19.134752
"055","5pm",7.8466429,45.15382,29.06042,17.939115
"056","5pm",6.7394547,35.35255,38.77723,19.130763
"057","5pm",2.3724638,28.44357,31.07087,38.113096
"058","5pm",6.6282487,61.67008,20.86531,10.836362
"059","5pm",8.5649894,54.25845,23.88889,13.287667
"060","5pm",11.1436199,42.94847,28.04904,17.858873
"061","5pm",9.6551991,42.78345,32.72393,14.837421
"062","5pm",1.9307881,42.71003,24.54194,30.817247
"063","5pm",3.2538179,32.38988,35.29335,29.062948
"064","5pm",6.151505,37.18336,30.32052,26.344622
"065","5pm",8.8878367,36.53392,27.43372,27.14452
"066","5pm",4.7226404,39.92526,25.02122,30.330879
"067","5pm",10.1376287,41.97102,38.5549,9.336447
"068","5pm",7.6219476,44.60487,35.54905,12.224129
"069","5pm",7.7220604,43.62272,35.1181,13.537121
"070","5pm",9.1252796,49.58724,29.14994,12.137535
"071","5pm",13.3710552,58.69947,23.28565,4.643824
"072","5pm",9.6050072,48.46223,28.55206,13.38071
"073","5pm",6.5300141,45.57018,31.21318,16.686621
"074","5pm",11.400881,48.75912,25.18177,14.658231
"075","5pm",9.7579935,51.83768,21.92352,16.48081
"076","5pm",17.1290608,44.33054,27.40451,11.13589
"077","5pm",18.071515,29.79341,34.38137,17.753713
"078","5pm",13.5685244,39.11466,30.36719,16.949618
"079","5pm",16.7408591,40.03628,26.67771,16.545143
"080","5pm",23.7780216,33.19045,29.96715,13.064375
"001","6pm",0,16.25906,29.42673,54.314212
"002","6pm",0,15.92138,29.96437,54.114249
"003","6pm",3.6491101,25.07608,33.21662,38.058183
"004","6pm",4.2374529,32.56253,33.96279,29.237227
"005","6pm",3.6083595,18.41346,33.02518,44.953009
"006","6pm",7.6083342,16.21599,24.16667,52.009007
"007","6pm",0,20.341,28.12531,51.533691
"008","6pm",5.6182131,32.12396,32.69881,29.559013
"009","6pm",2.2303553,25.65353,34.08302,38.033094
"010","6pm",2.1701108,36.06127,29.51942,32.249193
"011","6pm",3.2178643,47.95433,28.99646,19.831346
"012","6pm",6.807582,42.91782,24.19084,26.083763
"013","6pm",6.354298,39.87032,24.42365,29.351724
"014","6pm",3.6593774,42.37012,31.02327,22.947231
"015","6pm",1.6407476,29.66284,32.10209,36.594331
"016","6pm",7.4818892,28.71113,28.93222,34.874765
"017","6pm",3.595652,33.87886,26.38748,36.138011
"018","6pm",16.2998249,39.47379,18.67258,25.553806
"019","6pm",12.3570895,30.84381,30.67212,26.126983
"020","6pm",28.8443053,44.32471,21.04201,5.788976
"021","6pm",8.3347542,28.50071,33.00122,30.163318
"022","6pm",4.3603957,27.39931,16.4711,51.769186
"023","6pm",4.8355753,16.92459,30.21382,48.026017
"024","6pm",9.4591506,57.17016,16.37355,16.997138
"025","6pm",1.6235419,19.83077,19.45254,59.093157
"026","6pm",7.4524278,20.26697,22.46673,49.813874
"027","6pm",0.679993,32.85739,28.31401,38.148603
"028","6pm",1.9797598,25.36258,37.99979,34.657875
"029","6pm",2.4807054,29.65105,33.0021,34.866151
"030","6pm",1.6923037,27.87264,30.49365,39.941401
"031","6pm",10.2081513,31.75095,38.49681,19.544092
"032","6pm",1.980357,29.55264,38.56822,29.898787
"033","6pm",3.2988242,37.92505,33.44874,25.327382
"034","6pm",3.0196686,34.52861,33.32812,29.123598
"035","6pm",1.1178197,35.06093,34.24658,29.574674
"036","6pm",4.6520338,29.5816,34.66272,31.10364
"037","6pm",0.8529595,43.22109,31.72827,24.197682
"038","6pm",9.5269664,25.09153,39.43569,25.945811
"039","6pm",3.632157,23.67692,34.75564,37.935281
"040","6pm",4.1887974,25.18392,33.5371,37.090188
"041","6pm",4.3553455,25.62788,31.04867,38.968109
"042","6pm",5.5299071,30.6202,38.63058,25.219308
"043","6pm",9.338418,21.32537,37.4613,31.874913
"044","6pm",7.9962364,52.7755,25.14004,14.088226
"045","6pm",1.8169977,47.3709,27.68013,23.131975
"046","6pm",3.0110805,33.5876,36.11015,27.291172
"047","6pm",5.3369655,35.78718,32.82741,26.048438
"048","6pm",5.7001802,40.57181,32.54559,21.18242
"049","6pm",3.2380437,35.0559,37.39246,24.313599
"050","6pm",6.8661669,41.38611,32.51946,19.228272
"051","6pm",5.7242277,38.52282,23.84294,31.910012
"052","6pm",4.7630311,26.90423,28.32419,40.008555
"053","6pm",9.1205559,30.07534,28.65729,32.146809
"054","6pm",8.3469736,45.98282,30.19563,15.474579
"055","6pm",6.8213047,40.99197,27.80178,24.384945
"056","6pm",6.7748227,36.19081,40.92772,16.106644
"057","6pm",2.1672177,28.76164,31.63482,37.436315
"058","6pm",5.7430324,57.5163,22.47159,14.269073
"059","6pm",9.2028994,49.39658,24.79461,16.605908
"060","6pm",11.8289083,45.97838,30.62656,11.566154
"061","6pm",9.7997107,40.62191,32.07247,17.505901
"062","6pm",1.8190774,41.82534,23.55858,32.797
"063","6pm",2.7223994,27.85865,36.19505,33.223901
"064","6pm",5.3801273,35.19596,30.24049,29.183423
"065","6pm",7.9828194,36.35991,27.98532,27.671952
"066","6pm",4.6570049,39.76903,25.21129,30.362679
"067","6pm",9.7505093,40.60836,40.86096,8.780173
"068","6pm",7.5175582,43.83142,38.09578,10.555242
"069","6pm",4.9364783,41.71698,36.6807,16.665836
"070","6pm",8.7564285,47.28165,30.68113,13.280794
"071","6pm",13.8328542,59.0441,20.66901,6.454038
"072","6pm",8.4192543,52.53645,26.02583,13.018464
"073","6pm",6.8130501,45.24101,30.12373,17.822206
"074","6pm",11.2239966,49.76092,23.89515,15.119939
"075","6pm",10.3675057,53.81749,19.76188,16.05313
"076","6pm",16.8781457,45.99722,28.19686,8.927767
"077","6pm",16.6034187,31.3375,35.9264,16.132681
"078","6pm",13.8596787,38.48701,30.78849,16.86482
"079","6pm",16.8069303,42.13366,26.4682,14.591209
"080","6pm",21.8785722,32.32898,30.69488,15.097569
"001","7pm",0,13.16815,38.70109,48.130756
"002","7pm",0,15.43805,24.57076,59.991191
"003","7pm",3.1568076,24.06526,28.88227,43.895666
"004","7pm",3.9154402,33.83364,34.02907,28.221848
"005","7pm",3.8010728,17.50452,30.27492,48.419488
"006","7pm",8.1906911,17.67497,26.57012,47.564222
"007","7pm",0,16.21584,26.26499,57.519164
"008","7pm",5.3000201,28.37665,31.90988,34.413451
"009","7pm",1.0917559,26.31,32.69398,39.904257
"010","7pm",1.9133119,34.36051,35.90559,27.82059
"011","7pm",2.8088558,49.8102,28.81304,18.567904
"012","7pm",6.4128829,39.58512,25.765,28.236997
"013","7pm",6.6175592,41.17769,24.92199,27.282759
"014","7pm",4.4220975,42.24738,27.94808,25.382439
"015","7pm",1.5564858,30.8671,27.60924,39.96717
"016","7pm",5.405335,25.25312,30.42776,38.913785
"017","7pm",4.1516535,29.41569,25.96234,40.470317
"018","7pm",17.5143409,39.98882,18.96307,23.533771
"019","7pm",10.8309866,31.44864,29.76924,27.951136
"020","7pm",28.9042375,44.40218,21.38951,5.304067
"021","7pm",8.3090784,31.65452,32.53597,27.500428
"022","7pm",5.0377289,31.43389,17.8223,45.706083
"023","7pm",5.2357158,19.3663,35.06017,40.337818
"024","7pm",8.4730174,57.88211,15.68048,17.964391
"025","7pm",1.6529559,19.01251,23.29661,56.037929
"026","7pm",5.432725,20.55641,22.37469,51.636174
"027","7pm",1.4319696,37.02929,28.50616,33.03258
"028","7pm",2.0053946,22.57064,42.04498,33.378989
"029","7pm",2.6454238,29.18658,31.98265,36.18535
"030","7pm",1.6524643,27.1257,27.09635,44.125491
"031","7pm",9.7349199,34.36691,38.07897,17.819197
"032","7pm",2.5556485,22.34971,39.14551,35.949134
"033","7pm",3.7318635,36.49196,34.23289,25.543286
"034","7pm",2.9613242,28.18277,32.85957,35.996336
"035","7pm",1.2092706,32.8918,33.21899,32.679945
"036","7pm",4.0804234,28.01815,36.54163,31.359793
"037","7pm",0.8002985,44.89044,33.68819,20.621064
"038","7pm",6.1282238,23.79262,39.6061,30.473051
"039","7pm",3.5911714,23.18389,34.66119,38.563751
"040","7pm",4.0148651,24.8743,31.76119,39.349648
"041","7pm",4.5352924,24.78256,28.1591,42.523047
"042","7pm",4.5578274,32.22725,36.23454,26.98038
"043","7pm",9.234983,24.73332,34.71543,31.316271
"044","7pm",8.8352233,53.01579,27.63947,10.509517
"045","7pm",1.5901732,46.11096,29.44891,22.849958
"046","7pm",2.7857897,34.65097,34.9055,27.657739
"047","7pm",5.8734534,33.96262,32.40205,27.761876
"048","7pm",5.270472,40.73806,30.27464,23.716832
"049","7pm",3.0847946,34.89467,38.14487,23.875662
"050","7pm",6.4654728,37.93844,36.30822,19.287872
"051","7pm",6.1732203,39.13629,24.35409,30.336399
"052","7pm",4.7893102,27.38216,25.30484,42.523694
"053","7pm",7.6639482,30.69007,28.13768,33.508299
"054","7pm",7.8173441,48.12169,29.04213,15.018837
"055","7pm",6.4644907,37.72304,27.62439,28.188073
"056","7pm",6.5181543,36.17575,38.04003,19.266066
"057","7pm",1.9705031,28.78965,27.26477,41.975082
"058","7pm",5.5743771,56.78391,22.07228,15.569429
"059","7pm",8.8382984,48.18745,24.78106,18.193187
"060","7pm",11.3518891,44.95795,31.30591,12.384252
"061","7pm",9.7802349,40.5957,29.15532,20.468739
"062","7pm",1.7195906,36.06517,27.70431,34.510928
"063","7pm",2.6617855,27.9846,37.23262,32.12099
"064","7pm",5.0802695,33.24384,33.09661,28.57928
"065","7pm",8.3116663,36.42563,26.09475,29.167954
"066","7pm",4.9896988,38.76994,26.31335,29.927007
"067","7pm",9.302434,40.9518,37.31535,12.430418
"068","7pm",6.5056841,42.19823,39.25087,12.045218
"069","7pm",4.8332386,43.19759,36.7708,15.198374
"070","7pm",9.2672941,43.50153,31.60561,15.625559
"071","7pm",13.4619822,60.82781,19.42921,6.280999
"072","7pm",9.1664116,50.40813,25.15297,15.272491
"073","7pm",6.1815347,51.16622,26.88371,15.768541
"074","7pm",11.0472228,45.32801,28.74296,14.881805
"075","7pm",10.6120564,56.01017,18.87461,14.503163
"076","7pm",16.2777479,45.37079,27.79305,10.558407
"077","7pm",15.6150982,30.12747,38.59776,15.659664
"078","7pm",14.3249686,37.93681,30.99154,16.746685
"079","7pm",16.2563494,40.7534,25.92839,17.061865
"080","7pm",21.7578074,32.08757,30.75943,15.395197
"001","8pm",0,17.91927,28.94011,53.140618
"002","8pm",0,14.93391,25.57806,59.488025
"003","8pm",2.925364,21.36356,31.29108,44.419996
"004","8pm",3.7946798,34.50119,32.9392,28.764926
"005","8pm",3.9145863,16.57656,31.74926,47.759593
"006","8pm",7.9306352,17.51923,27.68484,46.865291
"007","8pm",0,14.82029,26.67064,58.509062
"008","8pm",5.1124317,27.63031,24.66208,42.59518
"009","8pm",1.2181,23.67358,35.11129,39.997026
"010","8pm",1.8603878,33.65575,35.35601,29.127854
"011","8pm",2.7565958,50.1863,28.93614,18.120967
"012","8pm",6.0183819,39.80862,25.17426,28.998742
"013","8pm",6.4546668,38.51707,27.81562,27.212648
"014","8pm",5.177259,41.76401,27.87789,25.180843
"015","8pm",1.5051759,29.84956,28.44325,40.202014
"016","8pm",6.3323609,24.34606,30.35584,38.965743
"017","8pm",3.6059817,31.33351,23.6545,41.406
"018","8pm",17.0434515,41.02262,19.11796,22.815971
"019","8pm",11.417657,33.15208,34.62491,20.805354
"020","8pm",29.519924,47.04178,18.65095,4.787343
"021","8pm",8.0363015,30.88306,36.35966,24.720979
"022","8pm",5.3151688,31.85073,15.92479,46.90931
"023","8pm",5.2770823,18.77555,33.59825,42.349117
"024","8pm",7.2709084,58.0577,16.93893,17.732465
"025","8pm",1.6635246,19.13407,23.42484,55.777568
"026","8pm",6.4190758,19.52226,21.98647,52.072201
"027","8pm",1.4123356,37.84395,29.24182,31.501889
"028","8pm",1.5814456,23.34952,43.35009,31.718946
"029","8pm",2.5218779,29.52862,33.09575,34.853751
"030","8pm",1.4259424,24.11498,28.84535,45.613722
"031","8pm",10.0112101,35.59819,37.84593,16.544678
"032","8pm",2.6740989,25.51544,36.16067,35.649786
"033","8pm",3.8053884,35.64882,33.55364,26.99215
"034","8pm",2.8605082,26.87907,35.90723,34.353185
"035","8pm",1.2044709,33.22715,32.96432,32.604066
"036","8pm",4.2643906,25.03932,37.68484,33.01145
"037","8pm",0.7633243,44.51327,33.72055,21.002863
"038","8pm",6.2059303,19.69784,41.64487,32.451357
"039","8pm",2.0289944,23.25395,34.65391,40.06314
"040","8pm",4.056048,25.12945,29.17966,41.634842
"041","8pm",4.2316673,25.75499,27.0721,42.941241
"042","8pm",4.3867036,31.01728,38.93833,25.657684
"043","8pm",9.2006325,25.40296,34.7214,30.67501
"044","8pm",8.9879276,52.27102,27.8846,10.856448
"045","8pm",1.5469093,45.24867,29.32472,23.8797
"046","8pm",2.6361823,33.42177,35.52312,28.41893
"047","8pm",5.9826368,34.76875,32.06649,27.18212
"048","8pm",5.1417906,39.74342,30.38572,24.729073
"049","8pm",3.1566528,34.20599,39.03343,23.603925
"050","8pm",6.5251688,38.48818,37.58287,17.403785
"051","8pm",6.3880731,37.29968,23.55247,32.759778
"052","8pm",4.4501355,25.44298,29.81181,40.29508
"053","8pm",7.986844,30.72502,30.60883,30.679306
"054","8pm",7.1568371,46.19032,27.31815,19.33469
"055","8pm",6.2376314,37.45774,29.77428,26.530348
"056","8pm",6.4211781,35.67816,38.16936,19.731301
"057","8pm",1.9728527,24.92306,27.80496,45.299125
"058","8pm",5.8050537,55.34254,20.50137,18.351037
"059","8pm",8.338031,51.25011,22.65235,17.759517
"060","8pm",11.8189539,40.11158,33.42813,14.641343
"061","8pm",9.0947151,40.69959,28.50269,21.703002
"062","8pm",1.6056128,37.1875,27.30084,33.906048
"063","8pm",2.5483906,28.61607,35.00275,33.832784
"064","8pm",4.8855968,33.33622,31.78251,29.995667
"065","8pm",8.2623263,35.09451,28.1164,28.52677
"066","8pm",4.8120073,38.08543,26.83533,30.267233
"067","8pm",8.8370158,40.5316,36.7193,13.912086
"068","8pm",6.5952118,44.71226,37.93111,10.761419
"069","8pm",4.6328276,44.28561,35.75505,15.326514
"070","8pm",9.0233113,42.96406,31.82388,16.188745
"071","8pm",13.0661935,61.10833,19.72914,6.096335
"072","8pm",8.9154179,49.52949,26.70079,14.854302
"073","8pm",6.0488255,50.7748,24.02994,19.146432
"074","8pm",11.06391,46.2946,28.23717,14.404314
"075","8pm",11.1077067,54.91177,20.64035,13.340168
"076","8pm",16.0320002,45.40274,27.37346,11.191803
"077","8pm",15.911064,30.10722,38.61678,15.364929
"078","8pm",12.9704552,36.71732,31.87585,18.436378
"079","8pm",16.5461926,41.80187,24.28587,17.36607
"080","8pm",22.1099524,32.6069,29.63879,15.644365
"001","9pm",0,17.00234,26.74609,56.251573
"002","9pm",0,14.74178,25.53753,59.720691
"003","9pm",2.9423802,21.10342,31.4207,44.533507
"004","9pm",3.5875806,35.74497,31.1415,29.525942
"005","9pm",3.8352702,16.2407,31.80138,48.122652
"006","9pm",7.3159759,18.02111,28.13862,46.524298
"007","9pm",0,14.6655,24.08049,61.254014
"008","9pm",5.1245509,27.6958,23.87231,43.307335
"009","9pm",2.5552243,25.49395,33.42252,38.528308
"010","9pm",1.806381,33.39539,36.37231,28.425919
"011","9pm",2.6556913,50.27636,30.26408,16.803865
"012","9pm",5.8404298,38.27542,27.15601,28.728133
"013","9pm",6.5963827,38.81114,26.93268,27.659803
"014","9pm",4.3538926,41.92396,27.59119,26.130952
"015","9pm",1.5192819,29.19214,28.70981,40.578772
"016","9pm",6.1158984,24.08333,30.74259,39.058178
"017","9pm",3.5863726,30.59643,24.48721,41.329995
"018","9pm",16.4435756,41.7892,19.74421,22.023009
"019","9pm",11.2084445,33.85866,35.46696,19.465931
"020","9pm",27.8973144,47.47431,19.85709,4.771294
"021","9pm",8.0073424,30.07521,37.28555,24.631896
"022","9pm",5.7886811,33.42554,17.34811,43.437663
"023","9pm",5.1213275,17.01044,34.44088,43.427357
"024","9pm",8.088524,58.47864,17.94635,15.486488
"025","9pm",1.748463,20.11104,22.10675,56.033743
"026","9pm",5.9277318,18.02794,19.85696,56.187373
"027","9pm",2.31288,36.46685,29.19854,32.021726
"028","9pm",1.6411196,25.23611,42.75905,30.363714
"029","9pm",2.5096317,30.12103,33.17659,34.19274
"030","9pm",1.5066841,22.64874,26.52464,49.319932
"031","9pm",9.9258288,35.88708,37.22798,16.959115
"032","9pm",2.1006682,25.1546,37.60235,35.142381
"033","9pm",3.4584764,35.12439,33.51097,27.906168
"034","9pm",2.5187248,25.26253,42.13842,30.080329
"035","9pm",1.2618697,32.62491,34.60371,31.509513
"036","9pm",4.2787571,25.12368,36.53313,34.064434
"037","9pm",0.7935142,44.46278,33.25772,21.485986
"038","9pm",6.2527836,20.65627,40.39459,32.696357
"039","9pm",1.9860564,22.76185,37.19997,38.052128
"040","9pm",4.0398251,25.24968,29.78939,40.921108
"041","9pm",4.0252437,26.29011,24.3606,45.324043
"042","9pm",5.1529029,31.10102,33.09234,30.653731
"043","9pm",9.3184257,25.72819,33.61063,31.342759
"044","9pm",10.6586992,51.82677,26.57534,10.939195
"045","9pm",1.5113978,44.79729,28.65153,25.03978
"046","9pm",2.6610517,33.73707,34.91485,28.687031
"047","9pm",5.8497897,35.04062,31.35444,27.755151
"048","9pm",7.4982825,39.29654,28.99016,24.215019
"049","9pm",3.1785497,33.06814,39.30419,24.449115
"050","9pm",6.1442055,37.06269,37.81676,18.976342
"051","9pm",5.4370676,37.72272,23.75073,33.089481
"052","9pm",4.2719891,25.23688,28.61839,41.872741
"053","9pm",7.931812,30.51332,30.39792,31.156949
"054","9pm",7.1504588,45.40126,28.31289,19.135387
"055","9pm",6.0671518,37.24659,29.77312,26.913139
"056","9pm",6.5156585,36.20312,38.49781,18.783413
"057","9pm",1.9077529,24.10066,32.9986,40.992988
"058","9pm",5.7267183,55.45524,20.71464,18.103401
"059","9pm",8.2828408,50.11613,24.41623,17.184805
"060","9pm",12.1395625,41.19967,32.40419,14.256574
"061","9pm",8.7089134,39.90398,30.0463,21.340801
"062","9pm",1.5835369,36.43551,26.92547,35.055481
"063","9pm",2.5110535,28.8945,35.25735,33.337092
"064","9pm",4.7761095,32.58915,31.07026,31.564479
"065","9pm",8.4817143,36.02637,28.86297,26.628954
"066","9pm",4.8398249,38.88848,26.99046,29.281229
"067","9pm",8.6010889,40.33745,36.94256,14.118904
"068","9pm",6.3640383,44.01633,38.51996,11.099667
"069","9pm",4.6028316,43.99887,35.52355,15.874746
"070","9pm",9.329735,41.64454,30.93937,18.086353
"071","9pm",12.9824503,61.24416,19.71613,6.057263
"072","9pm",9.0510208,51.03241,24.83633,15.080234
"073","9pm",6.1807114,50.85595,25.16937,17.793963
"074","9pm",10.8778129,48.56115,25.535,15.026038
"075","9pm",10.7434419,55.81329,19.96347,13.479796
"076","9pm",16.0591225,45.31038,27.41977,11.210737
"077","9pm",15.7138055,29.73397,38.13803,16.414198
"078","9pm",13.0644372,36.98337,31.38223,18.569965
"079","9pm",16.5461926,41.80187,24.28587,17.36607
"080","9pm",21.9581567,32.38303,30.12185,15.536958
"001","10pm",0,18.18702,28.71908,53.093894
"002","10pm",0,14.54164,30.21217,55.24619
"003","10pm",2.9404533,20.29268,31.85802,44.908851
"004","10pm",3.5909726,35.77877,30.23364,30.396618
"005","10pm",3.6702896,15.54207,31.62206,49.165573
"006","10pm",7.4696773,18.39971,27.28618,46.844435
"007","10pm",0,15.43851,22.65441,61.907078
"008","10pm",5.2231977,28.70067,25.2753,40.80083
"009","10pm",2.5042995,24.70875,34.26521,38.521749
"010","10pm",1.7860271,33.77194,35.37677,29.065266
"011","10pm",2.6184462,50.86528,30.24402,16.272255
"012","10pm",5.7668653,37.79332,27.51242,28.927404
"013","10pm",6.5165661,38.99931,25.51417,28.969958
"014","10pm",4.3031506,40.73907,27.83625,27.121525
"015","10pm",1.5257877,28.66619,28.83275,40.975273
"016","10pm",6.1158984,24.08333,30.74259,39.058178
"017","10pm",3.452444,30.59345,23.70205,42.252054
"018","10pm",16.3237968,42.29235,19.60039,21.783466
"019","10pm",11.6570396,34.68188,34.72421,18.936867
"020","10pm",28.640612,47.98257,20.38616,2.990656
"021","10pm",7.7732866,30.00501,36.19569,26.026017
"022","10pm",5.9850664,34.55953,14.54409,44.911317
"023","10pm",5.0607796,18.82011,34.03369,42.085414
"024","10pm",8.0699601,58.34443,18.84887,14.73674
"025","10pm",1.6929728,20.67883,20.72166,56.906534
"026","10pm",5.9309964,18.03787,19.94198,56.089156
"027","10pm",1.40988,35.79427,27.64127,35.154577
"028","10pm",1.1993371,24.29779,44.55904,29.943832
"029","10pm",2.5736293,30.88914,32.55415,33.983078
"030","10pm",1.4860155,22.33804,27.29055,48.885386
"031","10pm",9.8872908,35.74774,37.08344,17.281529
"032","10pm",2.1409713,25.63721,37.63709,34.584719
"033","10pm",3.5288293,35.60278,33.62891,27.239478
"034","10pm",2.2564609,22.63205,40.24801,34.863475
"035","10pm",1.3084834,32.74049,32.69172,33.259306
"036","10pm",4.3738748,25.68218,38.11145,31.832494
"037","10pm",0.8065945,45.1957,32.78023,21.217476
"038","10pm",6.4212381,21.21276,40.26338,32.102617
"039","10pm",2.0004353,22.92664,38.53417,36.538757
"040","10pm",4.0398251,25.24968,29.78939,40.921108
"041","10pm",3.9292533,25.66317,26.16438,44.243196
"042","10pm",5.0009746,30.18404,33.03475,31.780241
"043","10pm",9.4892269,26.19977,32.6692,31.641806
"044","10pm",10.0619481,51.82504,26.49526,11.617756
"045","10pm",1.5290781,46.28085,28.56707,23.623
"046","10pm",2.6181301,34.1785,34.97905,28.224322
"047","10pm",5.8422779,33.95388,33.66319,26.540649
"048","10pm",7.5089203,38.20816,29.03129,25.251633
"049","10pm",3.0787119,32.02948,39.07568,25.816129
"050","10pm",6.0581427,36.54355,37.28706,20.111252
"051","10pm",5.4353408,37.71074,23.74319,33.110731
"052","10pm",4.2887515,25.3359,28.33831,42.037041
"053","10pm",7.8240434,30.09874,29.98491,32.092311
"054","10pm",7.0749914,44.92209,28.9454,19.057524
"055","10pm",6.106124,38.30366,28.5042,27.086015
"056","10pm",6.5435437,36.35806,39.29636,17.80204
"057","10pm",1.8358881,24.44596,32.38242,41.335736
"058","10pm",5.6553277,56.49667,20.94023,16.907771
"059","10pm",8.4063984,50.49201,23.66044,17.441156
"060","10pm",12.0459369,40.98359,32.82385,14.146622
"061","10pm",8.7298775,37.53755,30.67842,23.054148
"062","10pm",1.5527706,36.64157,26.40234,35.403315
"063","10pm",2.4802392,28.53993,35.43826,33.541571
"064","10pm",4.576185,31.22499,31.77638,32.422437
"065","10pm",8.6661948,37.97934,26.14632,27.208144
"066","10pm",4.8398249,38.88848,26.99046,29.281229
"067","10pm",8.213334,39.26943,37.90779,14.609446
"068","10pm",6.3218551,43.72458,38.26464,11.68893
"069","10pm",4.6028316,43.99887,35.52355,15.874746
"070","10pm",9.329735,41.64454,30.93937,18.086353
"071","10pm",12.8704205,60.03345,20.23303,6.8631
"072","10pm",8.9251381,51.71346,24.4909,14.870497
"073","10pm",6.4529792,51.89515,24.38433,17.267535
"074","10pm",10.6370257,48.83631,25.83324,14.693427
"075","10pm",10.3970335,53.06703,22.2151,14.320834
"076","10pm",16.1876752,45.67308,27.63926,10.499982
"077","10pm",15.4341079,29.74137,38.70249,16.122034
"078","10pm",13.2482717,36.57499,30.68719,19.48955
"079","10pm",16.5461926,41.80187,24.28587,17.36607
"080","10pm",21.9581567,32.38303,30.12185,15.536958
"001","11pm",0,19.08353,27.03709,53.879387
"002","11pm",0,13.4067,33.34733,53.245975
"003","11pm",2.8596249,20.70653,30.26663,46.167215
"004","11pm",3.4648712,34.52236,32.68357,29.329204
"005","11pm",3.515962,15.35579,30.29243,50.835826
"006","11pm",7.7613621,16.58711,27.70451,47.947018
"007","11pm",0,14.56366,24.42822,61.008117
"008","11pm",5.1725211,27.41109,28.02255,39.393847
"009","11pm",2.4492698,24.16579,34.46201,38.922927
"010","11pm",1.7549225,33.89721,35.69208,28.655781
"011","11pm",2.5621016,49.77074,30.63481,17.032341
"012","11pm",5.6976033,38.50659,26.626,29.169806
"013","11pm",6.4469311,39.18331,26.38211,27.987653
"014","11pm",4.1998774,38.86575,27.53833,29.396045
"015","11pm",1.5257877,28.66619,28.83275,40.975273
"016","11pm",5.9592854,23.46662,31.49072,39.083377
"017","11pm",3.4193112,30.29985,24.43428,41.846565
"018","11pm",16.3237968,42.29235,19.60039,21.783466
"019","11pm",11.5687857,34.41931,34.46132,19.550585
"020","11pm",28.007965,47.35586,21.71158,2.924595
"021","11pm",7.7732866,30.00501,36.19569,26.026017
"022","11pm",5.7795112,32.42379,16.5276,45.269101
"023","11pm",5.1042379,18.98172,35.69592,40.218116
"024","11pm",7.9292798,57.32733,18.78663,15.956757
"025","11pm",1.7103722,20.89136,19.90688,57.491388
"026","11pm",5.4025994,18.382,20.25672,55.958683
"027","11pm",0.7841412,38.47184,27.29736,33.446659
"028","11pm",1.2819027,23.99104,40.71108,34.015974
"029","11pm",2.5792815,30.95698,33.42761,33.03612
"030","11pm",1.4382169,22.44961,28.79922,47.312957
"031","11pm",9.4008951,34.6409,39.52683,16.431381
"032","11pm",2.2482909,27.81206,37.03352,32.906126
"033","11pm",3.5837983,36.15737,32.94991,27.308919
"034","11pm",2.3134354,23.2035,41.81432,32.668748
"035","11pm",1.8396053,31.79503,31.74767,34.617692
"036","11pm",4.307863,26.0492,37.53626,32.106683
"037","11pm",0.8393913,43.75339,34.1131,21.294122
"038","11pm",6.0964564,21.41016,39.58358,32.909804
"039","11pm",1.9934426,23.74032,39.14524,35.121001
"040","11pm",4.1084521,25.67861,28.59668,41.616261
"041","11pm",3.9502454,25.07866,27.38106,43.590034
"042","11pm",4.9240403,29.71969,34.06493,31.291338
"043","11pm",9.7661735,26.35081,32.85055,31.032467
"044","11pm",10.3650864,50.57062,27.29348,11.770809
"045","11pm",1.4897819,45.09147,27.83292,25.585833
"046","11pm",2.5993359,33.93315,34.72795,28.739564
"047","11pm",5.6837677,36.36576,32.14942,25.801055
"048","11pm",8.1293764,36.96736,29.00265,25.900619
"049","11pm",3.0492131,32.68074,38.70128,25.568771
"050","11pm",5.877256,37.24615,36.29162,20.58497
"051","11pm",5.3831706,37.34878,24.48287,32.78518
"052","11pm",4.1735122,25.34838,28.62626,41.851844
"053","11pm",7.7911824,29.97232,29.45795,32.778543
"054","11pm",7.1995403,45.7129,27.69454,19.393015
"055","11pm",5.9428947,38.07568,29.61948,26.36195
"056","11pm",6.4816659,36.01425,38.92476,18.579329
"057","11pm",1.8358881,24.44596,32.38242,41.335736
"058","11pm",5.6553277,56.49667,20.94023,16.907771
"059","11pm",8.1925672,51.75133,23.05859,16.99751
"060","11pm",11.9565039,40.67931,33.32259,14.041592
"061","11pm",8.5752581,36.20414,32.57478,22.645824
"062","11pm",1.4610943,36.55021,26.82138,35.167322
"063","11pm",2.4635018,27.46903,35.53338,34.534088
"064","11pm",4.6372843,31.6419,31.77295,31.947873
"065","11pm",8.6661948,37.97934,26.14632,27.208144
"066","11pm",4.8398249,38.88848,26.99046,29.281229
"067","11pm",8.2031323,39.05612,38.31398,14.426769
"068","11pm",6.3595027,43.98496,37.89699,11.75854
"069","11pm",4.6028316,43.99887,35.52355,15.874746
"070","11pm",9.5455576,41.36256,31.13387,17.958015
"071","11pm",12.644869,59.39272,20.54902,7.413394
"072","11pm",8.9441686,53.07358,24.54312,13.43913
"073","11pm",6.2051804,51.33167,24.52529,17.93786
"074","11pm",10.4463856,48.42249,25.73933,15.391787
"075","11pm",10.3724471,52.94154,22.68398,14.002037
"076","11pm",16.1876752,45.67308,27.63926,10.499982
"077","11pm",15.2982741,29.47962,38.36187,16.860235
"078","11pm",13.2482717,36.57499,30.68719,19.48955
"079","11pm",16.3740703,43.22963,23.21088,17.185419
"080","11pm",22.3652542,32.21411,29.96472,15.455911
"001","12pm",0,19.49988,27.62697,52.873148
"002","12pm",0,12.87716,38.48662,48.636216
"003","12pm",2.8736338,20.01923,29.83206,47.275074
"004","12pm",3.442165,34.95145,32.46939,29.137001
"005","12pm",3.3617908,14.68245,28.96413,52.991624
"006","12pm",7.5806931,17.23157,26.14956,49.038175
"007","12pm",0,16.3742,24.9716,58.654202
"008","12pm",5.1725211,27.41109,28.02255,39.393847
"009","12pm",2.4115894,23.79402,33.60145,40.192946
"010","12pm",1.7414642,33.63726,34.67737,29.94391
"011","12pm",2.489136,51.20121,29.76237,16.547281
"012","12pm",5.6485121,38.17481,26.39659,29.780087
"013","12pm",6.41363,38.98091,27.0056,27.599861
"014","12pm",5.0218614,38.69927,27.42037,28.858495
"015","12pm",1.5189132,28.98759,28.70284,40.790657
"016","12pm",5.9592854,23.46662,31.49072,39.083377
"017","12pm",3.4193112,30.29985,24.43428,41.846565
"018","12pm",16.3011304,42.23362,19.57317,21.892073
"019","12pm",11.5863806,33.1133,34.51373,20.786582
"020","12pm",28.007965,47.35586,21.71158,2.924595
"021","12pm",7.7399702,29.87641,34.85595,27.527674
"022","12pm",5.8124372,32.60851,14.12459,47.454468
"023","12pm",5.1246317,19.05757,35.83854,39.97926
"024","12pm",7.8620741,56.84145,18.6274,16.669077
"025","12pm",1.6486849,20.13788,19.99289,58.220547
"026","12pm",5.4831205,18.65596,18.91066,56.95026
"027","12pm",0.7796372,38.25086,27.14057,33.828934
"028","12pm",1.34477,23.8289,45.54175,29.284578
"029","12pm",2.5995128,30.88236,33.68981,32.828309
"030","12pm",1.4382169,22.44961,28.79922,47.312957
"031","12pm",9.6693434,33.72528,38.63527,17.970103
"032","12pm",2.2482909,27.81206,37.03352,32.906126
"033","12pm",3.6562415,36.00264,32.85725,27.483873
"034","12pm",2.5762418,25.83942,37.18433,34.40001
"035","12pm",1.843184,31.85689,31.80943,34.490499
"036","12pm",4.2811942,25.88793,37.30388,32.526991
"037","12pm",0.8441161,43.43678,34.30512,21.413985
"038","12pm",5.9287342,20.82113,41.24572,32.004408
"039","12pm",1.9719649,23.48454,39.8009,34.742602
"040","12pm",3.9697145,24.81147,29.96057,41.258242
"041","12pm",3.9919583,24.28752,27.6702,44.050327
"042","12pm",4.8905986,29.51785,33.83358,31.757974
"043","12pm",10.5485486,26.96706,31.6233,30.861084
"044","12pm",8.7470582,50.87031,27.45523,12.927405
"045","12pm",1.4897819,45.09147,27.83292,25.585833
"046","12pm",2.5788301,34.45434,34.45399,28.512841
"047","12pm",5.6837677,36.36576,32.14942,25.801055
"048","12pm",8.1293764,36.96736,29.00265,25.900619
"049","12pm",3.0492131,32.68074,38.70128,25.568771
"050","12pm",5.831427,37.73549,36.00863,20.424455
"051","12pm",5.3831706,37.34878,24.48287,32.78518
"052","12pm",4.1735122,25.34838,28.62626,41.851844
"053","12pm",7.6108104,30.43598,28.77598,33.177233
"054","12pm",7.1525199,46.06745,27.51367,19.266358
"055","12pm",5.8357272,37.38906,30.88864,25.886568
"056","12pm",6.5599924,36.44945,39.39514,17.595416
"057","12pm",1.8198175,24.23197,32.09895,41.849256
"058","12pm",5.6553277,56.49667,20.94023,16.907771
"059","12pm",8.1925672,51.75133,23.05859,16.99751
"060","12pm",12.038822,40.2709,33.55201,14.138266
"061","12pm",8.5752581,36.20414,32.57478,22.645824
"062","12pm",1.4334237,37.26825,26.31343,34.9849
"063","12pm",2.4635018,27.46903,35.53338,34.534088
"064","12pm",4.6372843,31.6419,31.77295,31.947873
"065","12pm",8.8330532,38.71059,26.64974,25.806614
"066","12pm",4.8398249,38.88848,26.99046,29.281229
"067","12pm",8.2031323,39.05612,38.31398,14.426769
"068","12pm",6.2910138,43.51127,37.48886,12.708859
"069","12pm",4.6028316,43.99887,35.52355,15.874746
"070","12pm",9.3289968,40.42416,32.69624,17.550601
"071","12pm",12.644869,59.39272,20.54902,7.413394
"072","12pm",8.9441686,53.07358,24.54312,13.43913
"073","12pm",6.2051804,51.33167,24.52529,17.93786
"074","12pm",10.3827103,48.12734,25.58244,15.90751
"075","12pm",10.4198542,53.18351,22.78766,13.608984
"076","12pm",16.151432,45.57082,28.37608,9.901663
"077","12pm",15.2982741,29.47962,38.36187,16.860235
"078","12pm",13.2867193,36.68113,30.77625,19.255902
"079","12pm",16.1354564,42.59966,22.87264,18.392248
"080","12pm",22.5949369,32.62763,29.54039,15.237039
"001","1am",0,19.85677,26.30239,53.840838
"002","1am",0,15.27269,37.41392,47.313385
"003","1am",2.8875509,20.11618,29.97654,47.019725
"004","1am",3.3353624,33.86698,31.46193,31.335719
"005","1am",3.4991396,15.28232,30.14749,51.071056
"006","1am",7.2927473,15.76275,26.00152,50.942987
"007","1am",0,16.44486,26.46153,57.093607
"008","1am",5.4293227,28.77197,26.27275,39.525955
"009","1am",2.438318,24.05774,32.86552,40.63842
"010","1am",1.7455057,33.02807,34.75784,30.468583
"011","1am",2.5188177,51.81176,29.60723,16.062189
"012","1am",5.5787631,37.7707,27.23819,29.412356
"013","1am",6.41363,38.98091,27.0056,27.599861
"014","1am",4.9874335,38.43397,27.23239,29.346213
"015","1am",1.5189132,28.98759,28.70284,40.790657
"016","1am",5.9592854,23.46662,31.49072,39.083377
"017","1am",3.4878219,30.90695,22.92021,42.68502
"018","1am",16.1707257,41.89576,19.41659,22.516916
"019","1am",11.5863806,33.1133,34.51373,20.786582
"020","1am",28.007965,47.35586,21.71158,2.924595
"021","1am",7.7399702,29.87641,34.85595,27.527674
"022","1am",5.8429165,32.7795,13.67427,47.703311
"023","1am",5.1246317,19.05757,35.83854,39.97926
"024","1am",7.7959981,56.36373,18.47085,17.369423
"025","1am",1.6295459,19.9041,19.7608,58.705549
"026","1am",5.4298616,19.44608,18.72697,56.397089
"027","1am",0.7796372,38.25086,27.14057,33.828934
"028","1am",1.34477,23.8289,45.54175,29.284578
"029","1am",2.5476935,30.26675,35.01166,32.173902
"030","1am",1.4521896,22.66772,28.10748,47.77262
"031","1am",9.6693434,33.72528,38.63527,17.970103
"032","1am",2.2482909,27.81206,37.03352,32.906126
"033","1am",3.6307039,35.75117,32.62775,27.990375
"034","1am",2.5762418,25.83942,37.18433,34.40001
"035","1am",1.8748032,31.2564,32.77078,34.098019
"036","1am",4.2811942,25.88793,37.30388,32.526991
"037","1am",0.843149,43.38701,34.38039,21.38945
"038","1am",5.8830807,21.42043,40.93852,31.757962
"039","1am",1.9719649,23.48454,39.8009,34.742602
"040","1am",3.9697145,24.81147,29.96057,41.258242
"041","1am",3.9434639,25.20728,27.33406,43.515202
"042","1am",4.8456619,29.24663,34.44154,31.46617
"043","1am",10.4831484,26.79987,32.04723,30.669748
"044","1am",8.8745454,50.15425,27.85538,13.115821
"045","1am",1.506426,45.59524,28.14387,24.754465
"046","1am",2.5614431,34.22205,34.89591,28.320602
"047","1am",5.6837677,36.36576,32.14942,25.801055
"048","1am",8.1293764,36.96736,29.00265,25.900619
"049","1am",3.0492131,32.68074,38.70128,25.568771
"050","1am",5.831427,37.73549,36.00863,20.424455
"051","1am",5.2986388,36.76229,24.09842,33.840653
"052","1am",4.2632695,25.89354,27.09127,42.751928
"053","1am",7.5479069,30.18443,28.53814,33.729525
"054","1am",7.1525199,46.06745,27.51367,19.266358
"055","1am",5.7444803,38.36804,30.40567,25.481808
"056","1am",6.5599924,36.44945,39.39514,17.595416
"057","1am",1.8198175,24.23197,32.09895,41.849256
"058","1am",5.6553277,56.49667,20.94023,16.907771
"059","1am",8.1925672,51.75133,23.05859,16.99751
"060","1am",12.038822,40.2709,33.55201,14.138266
"061","1am",8.5752581,36.20414,32.57478,22.645824
"062","1am",1.4334237,37.26825,26.31343,34.9849
"063","1am",2.4635018,27.46903,35.53338,34.534088
"064","1am",4.6446726,31.69231,31.32413,32.338892
"065","1am",8.7455337,38.32704,26.8811,26.046327
"066","1am",4.8076028,38.62958,27.47654,29.086283
"067","1am",8.2031323,39.05612,38.31398,14.426769
"068","1am",6.2910138,43.51127,37.48886,12.708859
"069","1am",4.6028316,43.99887,35.52355,15.874746
"070","1am",9.3289968,40.42416,32.69624,17.550601
"071","1am",12.644869,59.39272,20.54902,7.413394
"072","1am",8.9441686,53.07358,24.54312,13.43913
"073","1am",6.2051804,51.33167,24.52529,17.93786
"074","1am",10.4690467,48.52754,25.79517,15.208248
"075","1am",10.4198542,53.18351,22.78766,13.608984
"076","1am",15.907033,46.39443,27.9467,9.751834
"077","1am",15.1868924,29.26499,38.08257,17.465548
"078","1am",13.3795941,36.93754,30.99137,18.691497
"079","1am",16.1354564,42.59966,22.87264,18.392248
"080","1am",22.2442919,32.12129,30.63384,15.000579
"001","2am",0,19.85677,26.30239,53.840838
"002","2am",0,15.53257,36.34895,48.118477
"003","2am",2.9166125,20.60001,29.49227,46.99111
"004","2am",3.3353624,33.86698,31.46193,31.335719
"005","2am",3.4863834,15.2266,30.40214,50.884875
"006","2am",7.2927473,15.76275,26.00152,50.942987
"007","2am",0,16.44486,26.46153,57.093607
"008","2am",5.3809649,28.51571,26.92942,39.173906
"009","2am",2.3935985,24.27233,32.39142,40.942654
"010","2am",1.7526392,32.75437,34.89989,30.593102
"011","2am",2.5048665,51.52479,29.99712,15.973224
"012","2am",5.5787631,37.7707,27.23819,29.412356
"013","2am",6.41363,38.98091,27.0056,27.599861
"014","2am",4.9874335,38.43397,27.23239,29.346213
"015","2am",1.5238081,29.081,28.47308,40.922112
"016","2am",5.9592854,23.46662,31.49072,39.083377
"017","2am",3.4878219,30.90695,22.92021,42.68502
"018","2am",16.1707257,41.89576,19.41659,22.516916
"019","2am",11.5863806,33.1133,34.51373,20.786582
"020","2am",28.007965,47.35586,21.71158,2.924595
"021","2am",7.7399702,29.87641,34.85595,27.527674
"022","2am",5.8429165,32.7795,13.67427,47.703311
"023","2am",5.1246317,19.05757,35.83854,39.97926
"024","2am",7.7959981,56.36373,18.47085,17.369423
"025","2am",1.6295459,19.9041,19.7608,58.705549
"026","2am",5.4298616,19.44608,18.72697,56.397089
"027","2am",0.7733723,37.94349,27.72604,33.557097
"028","2am",1.3440345,23.81587,44.56783,30.272267
"029","2am",2.5316551,30.07621,34.79125,32.600885
"030","2am",1.4521896,22.66772,28.10748,47.77262
"031","2am",9.6693434,33.72528,38.63527,17.970103
"032","2am",2.2482909,27.81206,37.03352,32.906126
"033","2am",3.6307039,35.75117,32.62775,27.990375
"034","2am",2.5762418,25.83942,37.18433,34.40001
"035","2am",1.8748032,31.2564,32.77078,34.098019
"036","2am",4.2811942,25.88793,37.30388,32.526991
"037","2am",0.8170003,42.04145,34.35309,22.788456
"038","2am",5.8830807,21.42043,40.93852,31.757962
"039","2am",1.9719649,23.48454,39.8009,34.742602
"040","2am",3.9697145,24.81147,29.96057,41.258242
"041","2am",3.9434639,25.20728,27.33406,43.515202
"042","2am",4.8456619,29.24663,34.44154,31.46617
"043","2am",10.4831484,26.79987,32.04723,30.669748
"044","2am",8.8745454,50.15425,27.85538,13.115821
"045","2am",1.546617,46.8117,28.89474,22.746937
"046","2am",2.5614431,34.22205,34.89591,28.320602
"047","2am",5.6837677,36.36576,32.14942,25.801055
"048","2am",8.1293764,36.96736,29.00265,25.900619
"049","2am",3.0492131,32.68074,38.70128,25.568771
"050","2am",5.831427,37.73549,36.00863,20.424455
"051","2am",5.2986388,36.76229,24.09842,33.840653
"052","2am",4.2458839,26.19574,26.98079,42.577586
"053","2am",7.5479069,30.18443,28.53814,33.729525
"054","2am",7.1525199,46.06745,27.51367,19.266358
"055","2am",5.7444803,38.36804,30.40567,25.481808
"056","2am",6.623382,36.80167,39.77582,16.799135
"057","2am",1.8198175,24.23197,32.09895,41.849256
"058","2am",5.6113652,56.05749,20.77745,17.553699
"059","2am",8.1925672,51.75133,23.05859,16.99751
"060","2am",12.038822,40.2709,33.55201,14.138266
"061","2am",8.5752581,36.20414,32.57478,22.645824
"062","2am",1.4334237,37.26825,26.31343,34.9849
"063","2am",2.4830587,26.89323,35.81547,34.808243
"064","2am",4.691372,32.01096,31.63907,31.658599
"065","2am",8.7455337,38.32704,26.8811,26.046327
"066","2am",4.7512257,38.17658,27.15433,29.917864
"067","2am",8.2031323,39.05612,38.31398,14.426769
"068","2am",6.2910138,43.51127,37.48886,12.708859
"069","2am",4.6028316,43.99887,35.52355,15.874746
"070","2am",9.3289968,40.42416,32.69624,17.550601
"071","2am",12.644869,59.39272,20.54902,7.413394
"072","2am",8.9441686,53.07358,24.54312,13.43913
"073","2am",6.2051804,51.33167,24.52529,17.93786
"074","2am",10.4690467,48.52754,25.79517,15.208248
"075","2am",10.4198542,53.18351,22.78766,13.608984
"076","2am",15.907033,46.39443,27.9467,9.751834
"077","2am",14.98486,28.87567,38.90627,17.233203
"078","2am",13.2810402,36.66546,31.49969,18.553815
"079","2am",16.1354564,42.59966,22.87264,18.392248
"080","2am",22.2442919,32.12129,30.63384,15.000579
"001","3am",0,19.85677,26.30239,53.840838
"002","3am",0,15.53257,36.34895,48.118477
"003","3am",2.9258586,20.66531,29.26875,47.140079
"004","3am",3.3353624,33.86698,31.46193,31.335719
"005","3am",3.4863834,15.2266,30.40214,50.884875
"006","3am",7.2927473,15.76275,26.00152,50.942987
"007","3am",0,16.44486,26.46153,57.093607
"008","3am",5.3809649,28.51571,26.92942,39.173906
"009","3am",2.3935985,24.27233,32.39142,40.942654
"010","3am",1.7569857,32.13853,34.98644,31.118037
"011","3am",2.5048665,51.52479,29.99712,15.973224
"012","3am",5.5787631,37.7707,27.23819,29.412356
"013","3am",6.41363,38.98091,27.0056,27.599861
"014","3am",4.9997817,38.52912,27.29981,29.171284
"015","3am",1.5238081,29.081,28.47308,40.922112
"016","3am",5.9592854,23.46662,31.49072,39.083377
"017","3am",3.4878219,30.90695,22.92021,42.68502
"018","3am",16.1707257,41.89576,19.41659,22.516916
"019","3am",11.5863806,33.1133,34.51373,20.786582
"020","3am",28.007965,47.35586,21.71158,2.924595
"021","3am",7.7399702,29.87641,34.85595,27.527674
"022","3am",5.8429165,32.7795,13.67427,47.703311
"023","3am",5.1246317,19.05757,35.83854,39.97926
"024","3am",7.7959981,56.36373,18.47085,17.369423
"025","3am",1.6295459,19.9041,19.7608,58.705549
"026","3am",5.4298616,19.44608,18.72697,56.397089
"027","3am",0.7798058,38.25913,27.12481,33.836251
"028","3am",1.3440345,23.81587,44.56783,30.272267
"029","3am",2.5316551,30.07621,34.79125,32.600885
"030","3am",1.4521896,22.66772,28.10748,47.77262
"031","3am",9.6693434,33.72528,38.63527,17.970103
"032","3am",2.2482909,27.81206,37.03352,32.906126
"033","3am",3.6307039,35.75117,32.62775,27.990375
"034","3am",2.5762418,25.83942,37.18433,34.40001
"035","3am",1.8748032,31.2564,32.77078,34.098019
"036","3am",4.2456973,25.67329,37.82372,32.257299
"037","3am",0.8170003,42.04145,34.35309,22.788456
"038","3am",5.8415857,21.97468,40.64977,31.533964
"039","3am",1.9719649,23.48454,39.8009,34.742602
"040","3am",3.9697145,24.81147,29.96057,41.258242
"041","3am",3.9434639,25.20728,27.33406,43.515202
"042","3am",4.8456619,29.24663,34.44154,31.46617
"043","3am",10.4831484,26.79987,32.04723,30.669748
"044","3am",8.9395559,49.78911,28.05944,13.2119
"045","3am",1.546617,46.8117,28.89474,22.746937
"046","3am",2.5614431,34.22205,34.89591,28.320602
"047","3am",5.6837677,36.36576,32.14942,25.801055
"048","3am",8.1293764,36.96736,29.00265,25.900619
"049","3am",3.0721007,32.92604,38.99177,25.010084
"050","3am",5.831427,37.73549,36.00863,20.424455
"051","3am",5.2986388,36.76229,24.09842,33.840653
"052","3am",4.2458839,26.19574,26.98079,42.577586
"053","3am",7.6282261,30.50563,27.7777,34.088449
"054","3am",7.1525199,46.06745,27.51367,19.266358
"055","3am",5.7011648,38.83277,30.1764,25.289665
"056","3am",6.623382,36.80167,39.77582,16.799135
"057","3am",1.8198175,24.23197,32.09895,41.849256
"058","3am",5.6113652,56.05749,20.77745,17.553699
"059","3am",8.1925672,51.75133,23.05859,16.99751
"060","3am",12.038822,40.2709,33.55201,14.138266
"061","3am",8.5752581,36.20414,32.57478,22.645824
"062","3am",1.4334237,37.26825,26.31343,34.9849
"063","3am",2.4830587,26.89323,35.81547,34.808243
"064","3am",4.691372,32.01096,31.63907,31.658599
"065","3am",8.7455337,38.32704,26.8811,26.046327
"066","3am",4.7512257,38.17658,27.15433,29.917864
"067","3am",8.1429934,39.50292,38.03309,14.321003
"068","3am",6.2910138,43.51127,37.48886,12.708859
"069","3am",4.6028316,43.99887,35.52355,15.874746
"070","3am",9.3289968,40.42416,32.69624,17.550601
"071","3am",12.644869,59.39272,20.54902,7.413394
"072","3am",8.9441686,53.07358,24.54312,13.43913
"073","3am",6.1529375,50.8995,25.16073,17.786837
"074","3am",10.4690467,48.52754,25.79517,15.208248
"075","3am",10.5104069,53.64569,22.11665,13.727251
"076","3am",15.907033,46.39443,27.9467,9.751834
"077","3am",14.98486,28.87567,38.90627,17.233203
"078","3am",13.2810402,36.66546,31.49969,18.553815
"079","3am",16.1354564,42.59966,22.87264,18.392248
"080","3am",22.2442919,32.12129,30.63384,15.000579
