"district","hour","mode1","mode2","mode3"
"001","4am",1054.47821,436.4772,3801.2407
"002","4am",573.29074,327.2948,2512.2296
"003","4am",1737.38489,1859.1613,7341.9738
"004","4am",586.99459,1875.1355,2078.7417
"005","4am",688.30081,1722.5168,2695.041
"006","4am",2243.65368,2914.8894,5117.1849
"007","4am",854.77263,2764.7463,2995.7235
"008","4am",459.41557,1697.6416,856.5157
"009","4am",1387.46733,2436.7631,3741.3185
"010","4am",945.63615,2435.9547,1750.3336
"011","4am",1198.35049,3654.5237,1105.4707
"012","4am",1935.81411,3356.0291,2382.3838
"013","4am",1017.48997,3561.841,1742.9543
"014","4am",1900.65773,5436.6668,2432.4003
"015","4am",649.53809,2283.4556,864.1429
"016","4am",649.87481,3566.4402,708.3568
"017","4am",1761.48056,3218.8104,1544.9984
"018","4am",2708.34135,3658.9686,3255.9339
"019","4am",1056.51057,2542.795,1661.9261
"020","4am",1785.65359,1889.5748,2576.5352
"021","4am",1036.66335,2765.8758,1078.0785
"022","4am",3843.68092,4978.2826,3965.3725
"023","4am",546.72948,3729.8327,1541.9253
"024","4am",889.76735,3311.9947,1060.6182
"025","4am",1724.09211,2769.907,1775.7161
"026","4am",1380.54243,4513.5345,1711.9778
"027","4am",331.64778,4145.1082,1110.8183
"028","4am",2311.43421,3610.2971,2339.04
"029","4am",957.85446,4200.265,1005.9686
"030","4am",466.79597,2943.1605,619.6118
"031","4am",281.48291,5115.4645,1871.9142
"032","4am",484.32104,4567.2703,1508.8467
"033","4am",600.64725,7496.7671,1526.0086
"034","4am",54.67152,1640.2597,311.1977
"035","4am",334.50193,4444.1476,1485.9168
"036","4am",627.43271,4309.1395,877.3611
"037","4am",260.48572,5470.4687,1351.2268
"038","4am",365.04009,4438.3827,363.5893
"039","4am",606.05259,3558.4052,402.3473
"040","4am",531.03408,7352.4813,1423.2683
"041","4am",192.96493,4156.2612,875.6746
"042","4am",276.40546,2684.5529,549.9805
"043","4am",460.48976,4568.2654,941.3008
"044","4am",138.58146,2939.8548,1115.7055
"045","4am",572.44199,3515.4794,1211.9327
"046","4am",389.50016,4162.9712,1138.8497
"047","4am",56.69001,4877.211,1145.6506
"048","4am",518.92048,4014.997,677.0289
"049","4am",377.03713,3729.5718,600.883
"050","4am",61.76176,2407.4271,330.0282
"051","4am",186.78915,2648.8568,296.4188
"052","4am",211.61907,4526.6895,689.9219
"053","4am",188.37928,5509.1906,1176.6916
"054","4am",226.17955,5102.3565,601.8535
"055","4am",198.75425,3490.0448,776.6624
"056","4am",273.90712,3984.1285,2257.5747
"057","4am",167.13456,2806.0313,386.4617
"058","4am",298.42974,5130.7007,868.5404
"059","4am",385.7736,7400.6211,3081.6358
"060","4am",190.20865,4259.8673,1169.9855
"061","4am",262.41516,7014.3752,1476.2834
"062","4am",535.41628,6860.3497,1289.1109
"063","4am",165.92847,2664.1253,329.2078
"064","4am",255.22267,4654.3094,1535.8695
"065","4am",487.00207,4121.4038,2266.562
"066","4am",43.36955,4391.1561,1335.4104
"067","4am",354.88824,7402.7341,1849.5499
"068","4am",114.52172,5137.8067,2048.715
"069","4am",117.79894,3152.8278,805.676
"070","4am",142.26017,6504.8777,2525.1475
"071","4am",507.60823,6404.0758,1637.6789
"072","4am",59.77686,4855.0965,1217.5273
"073","4am",990.31618,4261.2946,5566.5482
"074","4am",342.21589,5288.7815,2994.7709
"075","4am",1054.94345,7377.1705,1516.397
"076","4am",292.7977,3685.5431,1550.6917
"077","4am",75.6673,5428.416,2344.8678
"078","4am",0,6024.4523,2141.2013
"079","4am",0,5743.4043,2337.9229
"080","4am",234.0877,4270.2988,2290.5328
"001","5am",1054.47821,566.8246,3763.7803
"002","5am",611.99199,327.2948,2512.2296
"003","5am",1737.38489,1951.294,7432.6915
"004","5am",586.99459,1845.8112,2078.7417
"005","5am",688.30081,1722.5168,2695.041
"006","5am",2243.65368,2914.8894,5117.1849
"007","5am",854.77263,2788.3456,2995.7235
"008","5am",444.79643,1697.6416,856.5157
"009","5am",1629.30738,2515.9958,3784.6265
"010","5am",945.63615,2397.355,1661.3158
"011","5am",1198.35049,3679.6657,1159.5307
"012","5am",1935.81411,3296.1104,2308.4234
"013","5am",1017.48997,3777.0296,1742.9543
"014","5am",1900.65773,5293.3716,2432.4003
"015","5am",649.53809,2239.688,864.1429
"016","5am",601.71821,3513.559,708.3568
"017","5am",1761.48056,3332.8161,1484.846
"018","5am",2708.34135,3598.2998,3158.0554
"019","5am",1056.51057,2542.795,1661.9261
"020","5am",1733.51459,1775.6229,2576.5352
"021","5am",1036.66335,2734.6583,1078.0785
"022","5am",3843.68092,5150.938,3965.3725
"023","5am",546.72948,3963.6484,1541.9253
"024","5am",799.04964,3377.0096,1060.6182
"025","5am",1724.09211,2813.4127,1775.7161
"026","5am",1380.54243,4513.5345,1711.9778
"027","5am",331.64778,4138.3385,1065.4746
"028","5am",2311.43421,3589.5072,2333.1924
"029","5am",1015.80799,4365.7039,1005.9686
"030","5am",466.79597,2943.1605,619.6118
"031","5am",281.48291,5004.9582,1871.9142
"032","5am",484.32104,4611.8019,1508.8467
"033","5am",600.64725,7535.3668,1526.0086
"034","5am",54.67152,1671.1077,311.1977
"035","5am",334.50193,4642.6064,1485.9168
"036","5am",627.43271,4370.1243,877.3611
"037","5am",260.48572,5496.4934,1271.179
"038","5am",365.04009,4408.3866,363.5893
"039","5am",606.05259,3563.4715,363.646
"040","5am",531.03408,7413.9619,1423.2683
"041","5am",192.96493,4156.2612,875.6746
"042","5am",276.40546,2641.0193,549.9805
"043","5am",460.48976,4597.3033,941.3008
"044","5am",115.86782,2939.8548,1115.7055
"045","5am",572.44199,3467.9966,1175.8655
"046","5am",389.50016,4250.7602,1138.8497
"047","5am",56.69001,4582.0148,1145.6506
"048","5am",518.92048,4014.997,677.0289
"049","5am",377.03713,3832.9614,600.883
"050","5am",61.76176,2389.7924,330.0282
"051","5am",186.78915,2591.4028,296.4188
"052","5am",211.61907,4488.1614,689.9219
"053","5am",188.37928,5509.1906,1176.6916
"054","5am",226.17955,5022.8265,601.8535
"055","5am",198.75425,3454.618,714.4875
"056","5am",273.90712,3874.3627,2257.5747
"057","5am",167.13456,2854.7195,386.4617
"058","5am",298.42974,4957.4628,868.5404
"059","5am",385.7736,7339.3695,3141.0257
"060","5am",190.20865,4377.1769,1194.9118
"061","5am",262.41516,6864.9026,1476.2834
"062","5am",535.41628,6834.9634,1289.1109
"063","5am",165.92847,2564.6145,329.2078
"064","5am",255.22267,4654.3094,1535.8695
"065","5am",487.00207,4068.0668,2266.562
"066","5am",43.36955,4391.1561,1335.4104
"067","5am",354.88824,7155.8879,1849.5499
"068","5am",114.52172,4929.9487,2048.715
"069","5am",117.79894,3003.2144,805.676
"070","5am",142.26017,6790.4952,2525.1475
"071","5am",507.60823,6222.652,1637.6789
"072","5am",59.77686,4705.6029,1217.5273
"073","5am",729.48778,4261.2946,5767.731
"074","5am",342.21589,5259.6477,2764.0721
"075","5am",1054.94345,7441.2827,1516.397
"076","5am",292.7977,3651.5112,1550.6917
"077","5am",75.6673,5378.2698,2344.8678
"078","5am",0,5947.841,2141.2013
"079","5am",0,5743.4043,2337.9229
"080","5am",234.0877,4270.2988,2174.2472
"001","6am",1054.47821,624.2878,3793.1045
"002","6am",611.99199,327.2948,2472.9622
"003","6am",1903.80384,2056.135,7459.8006
"004","6am",586.99459,1802.1907,2049.4174
"005","6am",688.30081,1698.0165,2695.041
"006","6am",2169.73852,2934.8237,4955.7357
"007","6am",880.94065,2739.5331,2995.7235
"008","6am",429.77908,1676.6784,856.5157
"009","6am",1790.48762,2723.8781,3784.6265
"010","6am",913.95321,2325.4167,1661.3158
"011","6am",1130.93723,3840.7466,1159.5307
"012","6am",1888.71829,3234.8964,2308.4234
"013","6am",1017.48997,4106.3399,1742.9543
"014","6am",1900.65773,5235.0412,2354.1024
"015","6am",611.22672,2137.4367,864.1429
"016","6am",601.71821,3635.9713,768.5092
"017","6am",1639.58498,3288.5938,1484.846
"018","6am",2655.93891,3634.1948,3158.0554
"019","6am",1031.13662,2437.0753,1744.196
"020","6am",1672.77459,1678.1318,2447.7823
"021","6am",1036.66335,2585.7144,1078.0785
"022","6am",4112.41742,5721.7407,3965.3725
"023","6am",546.72948,3926.0794,1545.36
"024","6am",766.95855,3122.4829,1060.6182
"025","6am",1670.18966,2944.3408,1775.7161
"026","6am",1380.54243,4506.1838,1628.9231
"027","6am",331.64778,4231.1418,1065.4746
"028","6am",2311.43421,3798.9454,2377.4047
"029","6am",907.57559,4210.5246,1005.9686
"030","6am",466.79597,3040.2277,619.6118
"031","6am",281.48291,4977.5069,1945.2635
"032","6am",436.61311,5062.6317,1508.8467
"033","6am",517.33145,7365.9367,1526.0086
"034","6am",54.67152,1654.0087,311.1977
"035","6am",334.50193,5081.0734,1449.5229
"036","6am",627.43271,4398.0466,877.3611
"037","6am",142.94962,5392.5154,1271.179
"038","6am",312.37564,4289.7326,324.3047
"039","6am",568.54648,3423.4994,363.646
"040","6am",531.03408,7403.1376,1423.2683
"041","6am",260.37819,3976.9616,875.6746
"042","6am",276.40546,2516.3235,584.0205
"043","6am",460.48976,4648.0906,941.3008
"044","6am",115.86782,2759.3945,1092.5419
"045","6am",572.44199,3354.5467,1103.7311
"046","6am",248.51109,4103.7798,1138.8497
"047","6am",56.69001,4504.8335,1135.2886
"048","6am",274.84245,3757.8774,640.3011
"049","6am",304.94659,3751.0663,531.3502
"050","6am",61.76176,2398.9015,288.4836
"051","6am",186.78915,2448.5943,296.4188
"052","6am",105.96828,4152.5904,689.9219
"053","6am",188.37928,5068.8918,1140.4151
"054","6am",226.17955,4973.8848,559.5507
"055","6am",143.40494,3243.19,750.486
"056","6am",273.90712,3839.5842,2292.3532
"057","6am",133.26263,2814.7588,386.4617
"058","6am",298.42974,5024.9949,868.5404
"059","6am",264.7646,6365.2763,3074.5786
"060","6am",190.20865,4182.3372,1197.8676
"061","6am",262.41516,6193.1249,1509.8487
"062","6am",368.85908,6445.6848,1396.7462
"063","6am",138.80986,2462.9104,309.0512
"064","6am",213.05021,4496.7723,1487.1443
"065","6am",294.30766,3850.1944,2213.225
"066","6am",0,3997.677,1335.4104
"067","6am",354.88824,7237.4519,1849.5499
"068","6am",59.33065,4816.8134,2048.715
"069","6am",117.79894,2936.3949,805.676
"070","6am",142.26017,7132.3782,2525.1475
"071","6am",274.05441,6101.2101,1684.2119
"072","6am",25.60332,4671.8936,1251.7009
"073","6am",344.3313,4055.1514,5531.0627
"074","6am",342.21589,5492.9565,2764.0721
"075","6am",1054.94345,7363.2372,1520.9222
"076","6am",174.5158,3373.3486,1392.5218
"077","6am",75.6673,5069.3517,2344.8678
"078","6am",0,5713.08,2141.2013
"079","6am",0,5563.735,2476.1449
"080","6am",170.39631,4052.5694,2007.0386
"001","7am",1367.78089,998.393,3878.2908
"002","7am",642.9063,370.6477,2263.6597
"003","7am",2668.83655,2396.8023,6596.6269
"004","7am",487.6183,1662.2943,2063.2822
"005","7am",825.50559,1718.6918,2633.0652
"006","7am",2631.48791,2753.1063,4900.5337
"007","7am",763.46852,2217.1901,2612.4992
"008","7am",414.76173,1382.1562,794.8027
"009","7am",3258.01522,3950.9566,3819.46
"010","7am",773.14939,2153.554,1584.6609
"011","7am",1004.55496,4072.3041,1129.1927
"012","7am",1628.79956,2865.2956,2078.0681
"013","7am",746.43483,4058.2484,1623.1756
"014","7am",1159.9151,4114.4924,1980.5923
"015","7am",441.98895,1654.2006,696.9028
"016","7am",556.12726,3032.5745,653.5862
"017","7am",2037.80538,3478.7886,1599.9988
"018","7am",1808.1786,3991.3805,3010.0396
"019","7am",1465.03138,2963.6146,1782.2456
"020","7am",1150.07599,1866.9914,2249.4522
"021","7am",787.3587,2217.9508,940.4689
"022","7am",3398.78091,6529.2104,3716.5612
"023","7am",1037.23847,4596.0977,1496.3572
"024","7am",704.92945,3089.7409,1018.2468
"025","7am",3729.69159,4490.9441,3095.8634
"026","7am",941.60357,3741.1378,1555.1077
"027","7am",286.94498,5190.8174,1142.4416
"028","7am",2101.13524,4551.4465,2243.1103
"029","7am",850.00989,4329.1187,1136.3579
"030","7am",537.91887,3220.8257,619.6118
"031","7am",58.57737,4136.4869,1783.5205
"032","7am",413.94214,5765.1051,1439.1085
"033","7am",692.45056,7002.8587,1480.4468
"034","7am",0,1920.2466,324.6817
"035","7am",399.32082,5894.7552,1242.2957
"036","7am",585.67412,3920.3439,831.0606
"037","7am",80.04775,5209.9983,1152.0563
"038","7am",144.41634,3403.3748,286.6348
"039","7am",568.54648,2735.116,363.646
"040","7am",445.91777,6639.9584,1345.7686
"041","7am",150.12285,3746.8157,670.4663
"042","7am",124.77763,2120.3103,509.0562
"043","7am",339.44846,4667.8531,829.3037
"044","7am",71.24192,2037.2065,1347.1177
"045","7am",362.53673,2998.3936,977.9176
"046","7am",196.41584,3044.7794,1105.7941
"047","7am",0,4173.4456,1037.7037
"048","7am",173.31541,3613.2314,480.0756
"049","7am",108.43758,3238.4571,455.2207
"050","7am",44.12706,2010.4456,288.4836
"051","7am",58.56299,2048.5958,315.2376
"052","7am",0,3256.8111,638.7459
"053","7am",0,3614.7423,1078.6392
"054","7am",46.73358,4174.5854,474.539
"055","7am",39.48595,3013.3661,602.9571
"056","7am",182.45204,3427.4587,2292.3532
"057","7am",110.77386,2065.6303,378.572
"058","7am",212.17686,4394.117,888.8863
"059","7am",143.7556,6549.3147,2808.1908
"060","7am",913.96467,4252.7926,1294.5629
"061","7am",0,5358.4838,1383.5703
"062","7am",245.0246,4940.9789,1294.4129
"063","7am",103.09724,1974.5603,330.141
"064","7am",66.88157,3547.783,1339.6943
"065","7am",0,3738.0683,2182.8619
"066","7am",0,3170.7781,1216.2795
"067","7am",0,6238.0736,1602.2224
"068","7am",0,4558.3428,1918.5916
"069","7am",64.74294,2694.0289,736.1115
"070","7am",104.77841,6003.0385,2430.8408
"071","7am",212.35446,5630.8951,1809.5327
"072","7am",25.60332,3907.8818,1081.4271
"073","7am",283.65617,4899.8218,5307.3985
"074","7am",581.8401,5465.5209,2602.06
"075","7am",1635.21602,7312.3118,1494.9535
"076","7am",174.5158,3389.434,1430.4035
"077","7am",0,4028.3716,2141.2897
"078","7am",294.59715,5514.1816,2112.7148
"079","7am",428.82928,4966.74,2482.4049
"080","7am",71.74082,3543.2652,1890.753
"001","8am",1903.44249,1474.1292,4546.5992
"002","8am",1232.24289,523.8598,2371.0479
"003","8am",3780.1027,2577.9988,5652.929
"004","8am",382.63838,1820.8509,1686.9835
"005","8am",895.12711,1771.5764,2521.1195
"006","8am",2576.7455,2823.9843,4038.9739
"007","8am",911.44792,1479.9019,2249.9201
"008","8am",300.45997,1269.4438,726.8818
"009","8am",4131.50608,5470.1042,3943.5595
"010","8am",964.05467,2018.1165,1581.5502
"011","8am",1019.57659,5018.0923,1033.8925
"012","8am",1069.12803,2330.2824,1863.2721
"013","8am",655.81101,4486.0529,1841.2071
"014","8am",883.84637,4388.9999,1921.2771
"015","8am",375.65513,1441.6378,588.1651
"016","8am",674.48157,2241.2258,674.7069
"017","8am",2556.22385,3691.2338,1783.9576
"018","8am",1690.26298,4340.553,2702.1325
"019","8am",1797.25521,5133.1056,2320.8684
"020","8am",1036.14275,1757.8526,2156.8305
"021","8am",551.57336,1546.7916,677.7786
"022","8am",3205.01142,7702.3091,3811.5366
"023","8am",1381.45924,6326.6041,1534.5243
"024","8am",589.31143,2821.7921,1146.0494
"025","8am",4913.56837,6411.4782,4685.0223
"026","8am",1038.49827,2800.6735,1327.5567
"027","8am",803.92148,9171.9274,1271.2491
"028","8am",2726.7441,5638.5656,2650.7578
"029","8am",830.40591,4949.1757,1188.7878
"030","8am",821.45516,3203.0917,469.4694
"031","8am",58.57737,3524.9398,1850.1963
"032","8am",419.82799,7077.3592,1384.3321
"033","8am",1087.82907,6146.501,1284.9975
"034","8am",0,2567.4486,323.1259
"035","8am",420.19201,5878.2943,1307.3042
"036","8am",207.12903,3395.1082,797.1576
"037","8am",0,4557.2264,1138.0124
"038","8am",96.39793,2993.1016,447.2858
"039","8am",332.68049,2328.861,291.7907
"040","8am",1085.74168,7283.9709,1511.6472
"041","8am",223.06493,3402.3158,637.2494
"042","8am",150.82482,1882.2413,447.083
"043","8am",520.85389,5008.2707,777.803
"044","8am",358.56452,2263.2335,1381.2848
"045","8am",278.09135,2250.4858,714.1234
"046","8am",196.41584,2408.0729,1019.3705
"047","8am",95.36675,3900.6182,1340.7823
"048","8am",66.45374,3096.1724,426.6481
"049","8am",24.4412,2452.6764,725.0831
"050","8am",44.12706,1382.7924,339.0468
"051","8am",58.56299,1558.7023,331.0165
"052","8am",0,2880.5622,535.7072
"053","8am",0,2820.0346,1053.1398
"054","8am",103.71339,3627.4162,588.5086
"055","8am",39.48595,2438.2595,712.1599
"056","8am",192.86041,3408.6919,2198.4944
"057","8am",80.39532,1938.757,348.1934
"058","8am",70.42583,3492.6292,728.5214
"059","8am",88.65551,6131.7236,3035.6281
"060","8am",866.71993,3953.1615,1679.676
"061","8am",0,4309.3975,1330.4499
"062","8am",78.4674,4093.8669,869.9651
"063","8am",30.61222,1434.3356,309.095
"064","8am",0,2399.0175,1325.6331
"065","8am",247.21735,3114.4534,1877.9567
"066","8am",0,2903.3153,1289.983
"067","8am",0,4604.6726,1544.916
"068","8am",0,3966.9195,2012.0528
"069","8am",18.67375,2402.9524,984.3921
"070","8am",104.77841,5419.4927,2260.5019
"071","8am",131.88751,5442.4049,1956.4087
"072","8am",25.60332,3907.3919,1210.1635
"073","8am",334.3328,4627.891,5517.7202
"074","8am",568.6777,5504.0146,2593.8515
"075","8am",1519.30198,8174.0792,1562.211
"076","8am",174.5158,2924.3329,1489.4375
"077","8am",0,2851.5128,2280.4301
"078","8am",294.59715,6473.1667,2122.4105
"079","8am",514.83129,4989.5309,2363.282
"080","8am",71.74082,2885.0424,1773.733
"001","9am",2939.69476,1998.484,5306.709
"002","9am",1642.74722,1210.507,2821.8807
"003","9am",4072.70543,2864.567,5628.325
"004","9am",467.0751,1495.698,1427.4331
"005","9am",660.29899,1707.718,2615.7803
"006","9am",2687.01564,2868.477,3999.4698
"007","9am",1049.17559,1373.049,2036.3847
"008","9am",275.96493,1186.427,673.3757
"009","9am",4583.95207,5947.127,3808.0179
"010","9am",1236.08013,1988.186,1445.3873
"011","9am",1021.44117,5175.49,1229.2779
"012","9am",918.53087,2098.628,2000.4996
"013","9am",624.57033,4788.9,1577.8544
"014","9am",826.57474,4188.407,1971.435
"015","9am",405.34242,1083.626,436.2199
"016","9am",592.86159,1918.921,739.5518
"017","9am",2376.2662,4415.838,2218.7872
"018","9am",1218.01245,4456.744,2824.7739
"019","9am",1929.33045,5664.665,2195.6975
"020","9am",695.44667,1491.258,1764.0984
"021","9am",491.4635,1466.931,529.3492
"022","9am",3200.82822,8517.017,2731.1784
"023","9am",1575.5914,7195.651,1245.8812
"024","9am",718.60066,2969.977,1343.6944
"025","9am",6319.68024,7180.239,5917.7052
"026","9am",956.52349,2922.261,1440.6459
"027","9am",805.47058,10066.112,1275.3626
"028","9am",2840.83999,7344.319,2784.1442
"029","9am",770.47929,5196.131,1145.2032
"030","9am",784.2575,2882.472,595.0778
"031","9am",58.57737,3303.301,1706.3399
"032","9am",375.27735,8419.881,1240.0302
"033","9am",1167.60189,7034.709,1506.1401
"034","9am",0,2550.534,285.7127
"035","9am",345.29825,6581.998,1180.0231
"036","9am",134.49441,3492.186,496.777
"037","9am",0,4801.013,1126.1552
"038","9am",136.79901,3160.463,475.2803
"039","9am",300.07062,1994.881,358.8261
"040","9am",1178.39649,7817.004,1511.6472
"041","9am",223.06493,3716.266,698.9733
"042","9am",99.06374,1680.744,440.9634
"043","9am",520.85389,5070.143,667.92
"044","9am",279.6644,2192.879,1349.7077
"045","9am",155.16655,2031.305,629.9961
"046","9am",171.0134,2202.996,930.5832
"047","9am",95.36675,4395.514,1257.0375
"048","9am",110.56771,2438.173,564.9811
"049","9am",60.30782,2173.553,655.5504
"050","9am",17.6347,1203.989,311.772
"051","9am",58.56299,1411.162,321.736
"052","9am",0,2844.521,600.0816
"053","9am",0,2155.126,1103.572
"054","9am",103.71339,3737.634,589.3701
"055","9am",0,1935.646,764.236
"056","9am",192.86041,3452.112,2161.6715
"057","9am",47.71641,1838.496,386.3648
"058","9am",70.42583,2473.685,589.2849
"059","9am",185.3211,6382.152,3324.1117
"060","9am",866.71993,4191.928,1364.0065
"061","9am",0,3915.171,1498.786
"062","9am",78.4674,3370.93,1063.4223
"063","9am",30.61222,1143.005,266.9153
"064","9am",0,2241.991,1195.3016
"065","9am",295.49613,3228.663,1767.5885
"066","9am",0,2680.21,1278.6948
"067","9am",42.17246,4264.612,1550.2516
"068","9am",0,3934.295,1922.1998
"069","9am",0,2094.548,648.1602
"070","9am",104.77841,5711.853,2300.7593
"071","9am",189.19365,5024.387,1806.4666
"072","9am",25.60332,4007.502,1404.4824
"073","9am",277.43989,5032.143,5940.3264
"074","9am",626.28017,5111.169,1939.7328
"075","9am",1713.19825,9243.181,1184.7231
"076","9am",174.5158,2788.725,1458.3263
"077","9am",0,2634.099,2142.0521
"078","9am",342.72691,6750.273,2336.587
"079","9am",585.60922,5019.288,2404.1274
"080","9am",71.74082,3226.801,1692.6067
"001","10am",2977.87502,2023.294,5572.9656
"002","10am",2225.09559,1510.413,3124.3335
"003","10am",3760.2595,3048.512,5735.4019
"004","10am",313.71443,1245.08,1260.662
"005","10am",664.03291,1652.021,2679.7933
"006","10am",2531.32622,3036.472,4282.0978
"007","10am",1102.25522,1237.529,1817.5623
"008","10am",228.95721,1084.939,490.6625
"009","10am",4669.40722,5969.862,4370.7383
"010","10am",914.85163,1967.697,1177.1869
"011","10am",829.89154,5033.182,1193.0754
"012","10am",974.59551,2323.263,2049.174
"013","10am",582.12523,4593.139,1505.7108
"014","10am",834.66269,4161.937,1822.108
"015","10am",376.33264,1215.932,505.1823
"016","10am",554.7609,1969.394,874.0761
"017","10am",2393.00376,4648.494,2357.7235
"018","10am",947.99527,3734.526,2512.7388
"019","10am",1947.93594,5451.388,2489.8635
"020","10am",1024.91366,1417.886,1733.6745
"021","10am",513.97888,1358.853,665.726
"022","10am",3098.98816,8630.293,2612.9135
"023","10am",1877.90584,7143.813,1219.7536
"024","10am",846.92769,2512.628,936.5808
"025","10am",7469.55833,7358.426,6429.7521
"026","10am",746.45399,2705.707,1270.1424
"027","10am",864.19197,10281.441,1223.14
"028","10am",3376.85571,7365.348,2441.2087
"029","10am",741.78089,4581.712,1188.5484
"030","10am",659.99864,2958.815,723.4988
"031","10am",58.57737,3174.663,1738.6405
"032","10am",295.3491,8625.637,1258.4711
"033","10am",1208.68435,7645.185,1393.8723
"034","10am",0,2573.609,316.1964
"035","10am",456.38936,6484.387,1119.4086
"036","10am",117.78314,3226.078,528.1915
"037","10am",0,4773.339,923.6956
"038","10am",136.79901,3016.515,383.2169
"039","10am",285.20182,2002.04,310.2104
"040","10am",1178.39649,7982.134,1958.5471
"041","10am",253.10056,3700.092,768.8029
"042","10am",123.48796,2062.904,462.7656
"043","10am",638.96044,5596.908,648.7473
"044","10am",208.42248,2229.865,1403.2171
"045","10am",155.16655,2130.997,785.0182
"046","10am",171.0134,2173.295,1047.0202
"047","10am",95.36675,4369.979,1565.9527
"048","10am",44.11397,2403.047,426.847
"049","10am",60.30782,2121.612,612.2712
"050","10am",17.6347,1223.598,311.772
"051","10am",25.64819,1334.112,354.6139
"052","10am",0,2610.806,618.3435
"053","10am",0,2197.375,926.3211
"054","10am",103.71339,3119.184,616.7332
"055","10am",0,1845.562,759.2508
"056","10am",165.27201,3098.107,2296.1468
"057","10am",0,1751.378,364.5627
"058","10am",70.42583,2740.897,685.7727
"059","10am",185.3211,6022.255,3090.5642
"060","10am",866.71993,4456.76,1343.4418
"061","10am",0,4185.299,1444.6329
"062","10am",78.4674,3329.035,1050.0378
"063","10am",30.61222,1127.677,252.0861
"064","10am",79.77282,1952.39,1234.0682
"065","10am",355.29153,2986.579,1625.2512
"066","10am",0,2426.517,1314.9799
"067","10am",42.17246,3855.102,1972.3321
"068","10am",0,4193.863,1798.8737
"069","10am",0,2295.133,672.4334
"070","10am",104.77841,6207.657,2300.7593
"071","10am",189.19365,4672.575,2116.2484
"072","10am",25.60332,4105.819,1109.1357
"073","10am",276.0359,5156.995,5863.8781
"074","10am",626.28017,5502.078,1848.9345
"075","10am",1598.03898,8881.956,1245.7581
"076","10am",223.38652,2702.513,1358.0111
"077","10am",0,2599.411,2079.0782
"078","10am",342.72691,7591.815,2175.6565
"079","10am",585.60922,4800.466,2604.2307
"080","10am",71.74082,3391.793,1745.5686
"001","11am",2834.82061,1763.213,6206.0744
"002","11am",2418.44348,1527.62,3572.9522
"003","11am",3194.76962,2806.649,5700.4924
"004","11am",372.75743,1185.447,1468.133
"005","11am",716.67768,1877.549,2761.7991
"006","11am",2756.02429,3676.8,4058.0533
"007","11am",1117.97715,1334.87,2147.6155
"008","11am",184.215,1061.822,521.1517
"009","11am",4551.29613,5840.673,4425.0497
"010","11am",864.43349,2287.017,1356.2341
"011","11am",715.26958,4365.885,1222.6445
"012","11am",1039.41428,2494.181,1883.9246
"013","11am",539.47644,4194.829,1445.052
"014","11am",492.4372,4421.16,2122.1063
"015","11am",467.94545,1281.596,581.9883
"016","11am",646.83693,2244.042,627.6442
"017","11am",2211.23321,4205.17,2301.4118
"018","11am",1024.43681,3604.526,2805.8651
"019","11am",1746.98912,5429.991,2043.048
"020","11am",1006.00308,1665.711,2483.935
"021","11am",428.11432,1576.158,744.4072
"022","11am",3115.71702,7894.927,3340.9126
"023","11am",1797.47211,6947.899,1276.2931
"024","11am",808.66581,2322.156,1272.8947
"025","11am",6557.65502,7020.8,6045.1505
"026","11am",834.92425,2284.534,1516.9183
"027","11am",812.5373,9957.088,1101.9812
"028","11am",3434.74225,6599.539,2315.6889
"029","11am",717.63432,4747.214,1100.5611
"030","11am",637.96737,2609.104,613.3544
"031","11am",58.57737,3447.651,1946.1572
"032","11am",295.3491,7766.075,1152.8186
"033","11am",1335.23562,7603.499,1433.3943
"034","11am",0,2369.823,294.7123
"035","11am",648.84426,6528.775,1146.9232
"036","11am",117.78314,3257.525,478.3701
"037","11am",0,4946.293,1001.7323
"038","11am",136.79901,2879.816,445.4178
"039","11am",325.12336,2106.907,338.6571
"040","11am",1178.39649,7395.796,2155.6471
"041","11am",253.10056,3853.532,737.8996
"042","11am",123.48796,2076.917,506.1495
"043","11am",764.8498,4881.803,770.7422
"044","11am",208.42248,2702.577,1380.1286
"045","11am",82.01874,2191.753,737.9517
"046","11am",171.0134,2313.823,1006.5294
"047","11am",0,5142.301,1426.1711
"048","11am",80.84173,2408.111,426.847
"049","11am",60.30782,2263.87,503.1247
"050","11am",17.6347,1221.296,469.2481
"051","11am",25.64819,1469.756,330.2029
"052","11am",0,2535.404,602.195
"053","11am",48.96102,2803.315,882.5347
"054","11am",103.71339,3254.389,551.3773
"055","11am",0,1862.41,743.3906
"056","11am",207.82493,3384.993,2364.2499
"057","11am",22.48877,1853.984,456.4907
"058","11am",70.42583,3111.386,718.8319
"059","11am",96.66559,4948.683,3349.8082
"060","11am",781.70828,4057.222,1412.9881
"061","11am",0,4692.022,1498.786
"062","11am",78.4674,3837.797,951.6125
"063","11am",30.61222,1313.194,263.6098
"064","11am",79.77282,2220.672,1110.9213
"065","11am",355.29153,2777.274,1604.5292
"066","11am",0,2763.225,1270.2608
"067","11am",42.17246,3498.793,1926.7566
"068","11am",0,4086.15,2015.0466
"069","11am",37.30521,2157.858,659.7773
"070","11am",104.77841,5906.884,2622.3687
"071","11am",131.88751,4786.645,2329.7088
"072","11am",76.69318,4119.536,1042.3573
"073","11am",441.56554,4346.869,5717.9453
"074","11am",700.47967,6177.176,2245.6154
"075","11am",1598.03898,8255.621,1695.048
"076","11am",223.38652,2600.019,1358.2324
"077","11am",0,3207.591,1944.9403
"078","11am",342.72691,7121.849,2199.3221
"079","11am",585.60922,4574.871,2487.5683
"080","11am",71.74082,3116.895,1901.4319
"001","12am",1837.83349,1407.387,6510.3611
"002","12am",2784.00299,1487.679,4629.144
"003","12am",2516.25688,2628.005,6860.5935
"004","12am",380.62709,1764.584,1863.9003
"005","12am",754.9313,1197.895,2719.3143
"006","12am",2359.85325,3148.92,4742.057
"007","12am",847.00132,1283.852,2651.6237
"008","12am",211.08166,1202.485,536.8596
"009","12am",4078.68833,5008.223,5684.1792
"010","12am",393.18758,2314.867,1688.668
"011","12am",630.70114,3525.629,1585.6534
"012","12am",1126.50105,2929.556,1916.9194
"013","12am",558.82683,4143.157,1471.8368
"014","12am",313.84599,4562.588,1920.1979
"015","12am",440.45813,1525.828,649.2291
"016","12am",725.01986,2498.686,586.5885
"017","12am",2156.74459,3762.74,1929.7773
"018","12am",1103.10346,3733.232,2895.9088
"019","12am",1590.53009,4650.274,2014.5585
"020","12am",1504.68834,1847.391,2454.4916
"021","12am",640.99802,1826.367,934.2578
"022","12am",2977.36964,7472.79,3792.1989
"023","12am",1396.6992,6541.53,1418.4054
"024","12am",975.88847,2651.361,1335.5686
"025","12am",5646.48137,5784.15,6502.1435
"026","12am",750.9929,2876.498,1671.139
"027","12am",672.71346,8188.616,1978.8886
"028","12am",3479.61683,5284.908,3814.5426
"029","12am",375.02872,4612.199,1044.1571
"030","12am",681.97112,3029.709,673.1418
"031","12am",94.36903,3776.337,2016.583
"032","12am",256.40015,6282.588,1623.8373
"033","12am",935.38781,7889.163,1947.2077
"034","12am",0,2344.084,371.8917
"035","12am",691.65103,5191.853,1511.8251
"036","12am",161.57876,3703.411,532.2604
"037","12am",62.90187,4960.182,1041.5506
"038","12am",223.23818,3400.257,466.5491
"039","12am",220.37678,2147.543,441.5857
"040","12am",877.51055,7720.546,1866.293
"041","12am",443.54869,3607.229,858.9824
"042","12am",116.52473,1754.184,479.7561
"043","12am",461.97118,5298.763,1169.5954
"044","12am",208.42248,2685.555,1225.1073
"045","12am",200.42274,1965.043,754.6205
"046","12am",171.0134,2727.913,829.1454
"047","12am",0,4370.108,1267.4636
"048","12am",80.84173,2864.421,426.847
"049","12am",60.30782,2698.659,576.8282
"050","12am",17.6347,1315.734,539.6949
"051","12am",69.66317,1548.287,330.2029
"052","12am",40.90296,2558.719,689.3564
"053","12am",48.96102,3088.07,951.7763
"054","12am",103.71339,3795.645,551.3773
"055","12am",48.56968,2178.508,850.5674
"056","12am",207.82493,3165.812,2458.159
"057","12am",95.97704,1973.845,570.1266
"058","12am",100.30254,3198.026,760.8328
"059","12am",96.66559,4886.376,3165.3011
"060","12am",663.21068,4272.19,1600.752
"061","12am",0,5122.629,1498.786
"062","12am",78.4674,4304.579,992.528
"063","12am",0,1554.745,233.6622
"064","12am",79.77282,2597.328,1065.2576
"065","12am",355.29153,3046.954,1517.3678
"066","12am",0,3181.084,1063.7979
"067","12am",80.70585,4913.886,1846.5619
"068","12am",0,4152.473,2182.6906
"069","12am",55.97896,2114.406,652.7677
"070","12am",190.18518,6148.339,2446.1034
"071","12am",66.21965,5270.31,2242.6611
"072","12am",76.69318,4621.618,1024.7014
"073","12am",441.04343,3738.302,6480.5117
"074","12am",544.61277,6855.891,2430.1448
"075","12am",1184.09442,6789.114,1488.2928
"076","12am",223.38652,3056.059,1358.2324
"077","12am",0,3361.546,2122.9053
"078","12am",172.30875,6655.955,2106.017
"079","12am",467.25004,4917.364,2568.6737
"080","12am",40.30758,3515.79,1961.5439
"001","1pm",1381.58533,1370.34,6681.4468
"002","1pm",2364.02762,1369.431,4619.8953
"003","1pm",3006.6463,2521.208,6735.3783
"004","1pm",313.08202,1718.027,1758.4013
"005","1pm",841.61547,1276.365,2596.7644
"006","1pm",2121.81323,2873.748,4778.7414
"007","1pm",897.6362,1617.837,2355.8677
"008","1pm",227.91239,1048.67,506.6673
"009","1pm",4182.25648,4881.986,5926.6179
"010","1pm",342.17471,2094.782,1464.502
"011","1pm",891.53693,4101.667,1631.2025
"012","1pm",1175.31356,2697.48,1869.556
"013","1pm",688.7127,4543.4,1486.4853
"014","1pm",623.97693,3978.284,1615.2935
"015","1pm",423.83698,1487.794,581.1203
"016","1pm",626.57284,2585.75,548.077
"017","1pm",2373.06676,3628.428,1731.2158
"018","1pm",1186.84791,3663.956,2670.5743
"019","1pm",1575.03842,5097.64,2122.9996
"020","1pm",1420.89848,1717.423,2323.3134
"021","1pm",376.6511,1589.047,1054.1045
"022","1pm",3146.79313,8151.508,3350.9967
"023","1pm",1421.89927,7146.771,1487.7149
"024","1pm",896.08301,2699.983,1306.4661
"025","1pm",5684.79014,6022.848,7013.7889
"026","1pm",998.26617,2955.337,1877.7549
"027","1pm",751.90934,9221.437,2118.2545
"028","1pm",3469.15697,5794.877,4017.7511
"029","1pm",436.92134,4944.768,1206.0462
"030","1pm",712.64543,2814.533,564.613
"031","1pm",60.11163,2947.668,1874.723
"032","1pm",256.40015,6840.238,1580.6412
"033","1pm",1201.05452,7143.924,1720.3313
"034","1pm",0,2564.58,295.6413
"035","1pm",566.99631,5863.99,1418.8667
"036","1pm",193.96173,3381.031,513.88
"037","1pm",62.90187,4882.997,1094.506
"038","1pm",279.43514,2873.013,383.2169
"039","1pm",341.15423,2416.257,360.9921
"040","1pm",839.94757,6584.816,1936.5106
"041","1pm",443.54869,3260.094,905.0733
"042","1pm",26.04719,1949.801,492.6022
"043","1pm",460.90442,5299.696,1355.492
"044","1pm",208.42248,3302.268,1309.4848
"045","1pm",200.42274,2213.135,666.9357
"046","1pm",0,2537.545,778.3406
"047","1pm",0,4483.233,1245.1965
"048","1pm",80.84173,2330.562,459.6238
"049","1pm",60.30782,2672.318,645.3703
"050","1pm",0,1182.137,539.6949
"051","1pm",69.66317,1441.096,340.5026
"052","1pm",40.90296,2396.928,689.3564
"053","1pm",48.96102,2501.683,847.9684
"054","1pm",103.71339,3852.786,518.9514
"055","1pm",48.56968,2142.58,967.7299
"056","1pm",137.4926,3377.896,2358.0057
"057","1pm",125.50103,1594.047,515.8007
"058","1pm",100.30254,3025.493,721.0513
"059","1pm",338.68359,5038.6,2377.2535
"060","1pm",663.21068,3659,1761.0139
"061","1pm",0,4727.411,1398.082
"062","1pm",0,4552.172,916.7692
"063","1pm",0,1345.757,233.6622
"064","1pm",79.77282,2300.325,1127.9104
"065","1pm",355.29153,3181.681,1402.0141
"066","1pm",0,2960.402,1135.0721
"067","1pm",80.70585,4236.684,1841.2262
"068","1pm",0,3727.764,1964.9687
"069","1pm",102.04815,2139.837,567.5409
"070","1pm",367.73468,5623.488,2403.732
"071","1pm",66.21965,5522.284,2087.5486
"072","1pm",76.69318,4283.087,903.8081
"073","1pm",476.95072,3349.792,6555.8908
"074","1pm",675.75117,6003.669,2531.9204
"075","1pm",887.73459,9057.294,1734.8274
"076","1pm",223.38652,3194.621,1358.2324
"077","1pm",0,3427.935,2034.1145
"078","1pm",172.30875,7040.876,2154.1468
"079","1pm",331.48324,4966.4,2710.9342
"080","1pm",40.30758,3587.81,1911.8752
"001","2pm",1170.09073,1344.531,6659.2415
"002","2pm",2443.06043,1337.098,4611.1941
"003","2pm",2880.65703,2220.306,6235.3075
"004","2pm",177.85417,1441.525,1509.228
"005","2pm",774.61305,1622.566,2718.9828
"006","2pm",1956.30663,2796.484,4162.5978
"007","2pm",1123.02337,1383.879,2199.0348
"008","2pm",254.79032,1006.516,459.8131
"009","2pm",4401.90988,5345.02,6288.5733
"010","2pm",641.66704,1605.786,1203.3187
"011","2pm",816.17858,4333.368,1548.812
"012","2pm",929.42505,2534.014,1687.4307
"013","2pm",680.48757,4647.619,1471.2212
"014","2pm",768.92391,4453.629,1596.6666
"015","2pm",427.49717,1602.361,696.1811
"016","2pm",621.84828,2087.193,520.9254
"017","2pm",2396.77344,3802.658,1890.657
"018","2pm",1248.70653,3449.231,2296.0481
"019","2pm",1564.09662,5040.018,2027.8906
"020","2pm",1303.47595,1891.142,2175.0321
"021","2pm",379.22599,1300.378,695.75
"022","2pm",3041.36677,7383.632,2899.7606
"023","2pm",1534.17598,7288.975,1593.3519
"024","2pm",1086.87875,2929.187,1327.7341
"025","2pm",5957.62833,6013.149,8101.7823
"026","2pm",1042.19209,2695.994,1695.1496
"027","2pm",823.02343,8958.002,2098.5428
"028","2pm",3735.90728,7428.934,4214.5893
"029","2pm",482.17614,5026.562,1126.5601
"030","2pm",745.7377,3267.228,502.4529
"031","2pm",60.11163,2940.027,1706.1293
"032","2pm",258.34683,7372.253,1662.4475
"033","2pm",1029.16729,7268.647,1803.1982
"034","2pm",0,2531.806,316.8163
"035","2pm",524.20897,6454.711,1553.5222
"036","2pm",108.43151,3444.186,495.4996
"037","2pm",62.90187,4734.405,1145.3972
"038","2pm",212.73377,3035.918,338.7604
"039","2pm",341.15423,2477.268,356.9658
"040","2pm",807.85648,5925.657,1934.0371
"041","2pm",413.51306,3677.945,783.7235
"042","2pm",85.54525,1894.866,533.0033
"043","2pm",322.2853,6169.575,1264.4976
"044","2pm",225.10545,2957.349,1457.2881
"045","2pm",281.60241,2183.955,598.3872
"046","2pm",0,2589.666,778.3406
"047","2pm",0,4559.422,1186.6095
"048","2pm",80.84173,2188.306,542.5107
"049","2pm",35.86662,2313.393,436.8116
"050","2pm",0,1316.566,513.2025
"051","2pm",69.66317,1257.414,307.6246
"052","2pm",40.90296,2388.112,748.4931
"053","2pm",0,2707.817,970.315
"054","2pm",103.71339,3839.072,475.7869
"055","2pm",38.19247,2084.33,1045.428
"056","2pm",181.37698,3723.264,2189.1882
"057","2pm",125.50103,1494.383,561.2021
"058","2pm",29.87671,2715.303,727.5697
"059","2pm",338.68359,5981.174,2372.3467
"060","2pm",663.21068,3354.721,1714.463
"061","2pm",0,4400.909,1487.1636
"062","2pm",0,4784.411,888.4439
"063","2pm",0,1265.342,186.4627
"064","2pm",79.77282,2127.029,1266.1562
"065","2pm",355.29153,3237.935,1303.4372
"066","2pm",0,2503.191,1106.5373
"067","2pm",42.17246,4642.681,2004.86
"068","2pm",0,3341.285,2125.5778
"069","2pm",168.59714,1999.269,643.985
"070","2pm",104.77841,6012.384,2374.153
"071","2pm",66.21965,4844.178,1850.862
"072","2pm",76.69318,4053.437,976.1361
"073","2pm",309.61108,4001.365,6537.5285
"074","2pm",563.8003,5645.253,2365.6977
"075","2pm",1298.40171,8314.235,2186.6175
"076","2pm",48.87072,2936.379,1322.2512
"077","2pm",0,3220.533,2105.3427
"078","2pm",172.30875,7227.16,2020.2048
"079","2pm",331.48324,5008.051,2751.7796
"080","2pm",0,3701.375,1748.8463
"001","3pm",1200.66377,1283.15,6317.8044
"002","3pm",2870.84323,1345.5,5398.2433
"003","3pm",2290.14072,2169.908,5969.0305
"004","3pm",147.78009,1268.736,1351.2822
"005","3pm",791.10759,1625.077,2772.2359
"006","3pm",1996.18355,2793.153,4310.4323
"007","3pm",1198.34069,1543.569,1814.4611
"008","3pm",129.61729,1164.065,465.5977
"009","3pm",3969.80599,5490.19,6698.5841
"010","3pm",662.37073,2077.64,1452.9836
"011","3pm",1375.99381,4501.043,1319.3277
"012","3pm",1137.2113,2606.257,2020.8907
"013","3pm",856.71722,4451.65,1548.2508
"014","3pm",817.23918,4324.323,1589.3619
"015","3pm",314.61469,1550.437,887.676
"016","3pm",651.88391,2029.484,481.6028
"017","3pm",1952.68962,3790.783,1803.5441
"018","3pm",1232.18834,3603.108,2509.7185
"019","3pm",1368.26709,4683.792,1821.2844
"020","3pm",1261.65888,2057.117,2021.0362
"021","3pm",435.77884,1147.031,734.942
"022","3pm",2948.09604,7167.813,2773.5692
"023","3pm",1408.15811,7430.704,1742.4166
"024","3pm",1108.16933,2586.297,1249.6319
"025","3pm",5698.47254,6162.394,7542.1802
"026","3pm",1048.00791,3118.988,1702.5622
"027","3pm",947.1558,8904.291,2086.7164
"028","3pm",3975.10251,7581.869,4180.1281
"029","3pm",691.47191,4680.976,1067.675
"030","3pm",703.91588,2902.08,558.5381
"031","3pm",60.11163,2884.066,1635.7018
"032","3pm",258.34683,7885.024,1710.9918
"033","3pm",1361.63068,7430.703,1781.6466
"034","3pm",0,2423.777,294.9892
"035","3pm",524.20897,6198.052,1468.3555
"036","3pm",80.18423,3958.129,623.6018
"037","3pm",62.90187,4253.944,1269.3833
"038","3pm",168.38486,2894.14,338.7604
"039","3pm",254.0063,2543.913,413.9268
"040","3pm",688.02717,6256.176,1764.846
"041","3pm",388.40358,3925.328,879.4337
"042","3pm",142.65414,2022.207,590.2491
"043","3pm",402.96632,5322.876,1433.9431
"044","3pm",225.10545,2673.891,1307.8859
"045","3pm",447.48918,1688.191,816.1902
"046","3pm",0,2433.661,775.1326
"047","3pm",0,4435.842,1191.7132
"048","3pm",65.97326,2560.545,633.6631
"049","3pm",73.74719,2554.634,505.3537
"050","3pm",17.6347,1136.864,486.7102
"051","3pm",69.66317,1338.38,283.1948
"052","3pm",40.90296,2639.374,682.1551
"053","3pm",0,2980.644,1068.3673
"054","3pm",146.01625,3485.946,475.7869
"055","3pm",77.67842,1900.349,1076.5154
"056","3pm",181.37698,3835.733,2133.1933
"057","3pm",125.50103,1550.751,563.0011
"058","3pm",29.87671,3276.975,751.0111
"059","3pm",338.68359,6111.381,2265.1581
"060","3pm",663.21068,3777.409,1407.6837
"061","3pm",0,4004.092,1554.2942
"062","3pm",0,4297.785,854.2622
"063","3pm",0,1352.587,233.6622
"064","3pm",159.54564,2062.114,1205.0696
"065","3pm",355.29153,3129.1,1576.7001
"066","3pm",43.36955,2803.676,1148.4529
"067","3pm",42.17246,4735.26,1652.1763
"068","3pm",0,3404.804,2193.4264
"069","3pm",64.74294,1858.312,711.8447
"070","3pm",47.92501,6304.227,2253.5663
"071","3pm",66.21965,5094.546,1642.4116
"072","3pm",25.60332,3704.298,1037.2931
"073","3pm",840.27403,3303.007,7039.2134
"074","3pm",564.63858,4946.168,2397.5703
"075","3pm",1211.45763,8529.22,2069.4302
"076","3pm",48.87072,2989.681,1414.1282
"077","3pm",0,3195.619,2350.0095
"078","3pm",172.30875,7091.469,2158.2577
"079","3pm",331.48324,5189.352,2720.4714
"080","3pm",0,3640.175,1743.1588
"001","4pm",1325.62534,1617.344,6015.0389
"002","4pm",1997.88388,1441.934,4467.4396
"003","4pm",2366.81167,2282.98,5643.6535
"004","4pm",184.4649,1332.569,1334.0866
"005","4pm",590.77832,1221.068,2340.1815
"006","4pm",1875.23278,2751.365,4042.6056
"007","4pm",1146.26293,1792.721,2295.6011
"008","4pm",261.08667,1120.051,534.2165
"009","4pm",3072.29973,4379.188,6521.5222
"010","4pm",499.49049,2013.801,1852.0854
"011","4pm",1177.79998,3934.264,1352.2398
"012","4pm",1314.21035,2150.268,2006.4615
"013","4pm",863.51486,4063.174,1972.7987
"014","4pm",1066.04715,3823.775,2036.9779
"015","4pm",500.38592,1750.21,998.2795
"016","4pm",457.29161,2255.553,591.602
"017","4pm",1676.3193,3885.977,2129.2722
"018","4pm",1617.82287,3900.74,2675.431
"019","4pm",1364.59423,4722.508,1784.9552
"020","4pm",1168.39042,1790.254,2261.773
"021","4pm",413.34461,1425.188,676.3458
"022","4pm",3111.87707,6203.757,3103.8169
"023","4pm",1336.56392,5813.095,1793.9491
"024","4pm",810.79856,2475.916,1413.2611
"025","4pm",4976.74832,5290.238,6882.9587
"026","4pm",1129.375,3374.855,1748.42
"027","4pm",854.36073,8363.695,2253.3745
"028","4pm",2964.23863,6749.055,4075.8359
"029","4pm",611.17346,4630.462,1213.1511
"030","4pm",434.37245,2822.772,649.8033
"031","4pm",213.05803,3478.047,1733.5612
"032","4pm",208.36742,7591.651,1980.569
"033","4pm",794.77501,7183.365,1716.6394
"034","4pm",0,2287.732,349.7713
"035","4pm",512.41527,6024.333,1354.9407
"036","4pm",368.64127,3638.949,623.6018
"037","4pm",62.90187,4706.648,1177.7476
"038","4pm",157.40071,3018.528,401.1273
"039","4pm",321.78508,2359.968,427.5813
"040","4pm",833.8592,6380.82,1658.2554
"041","4pm",220.51349,3656.757,923.3358
"042","4pm",51.76108,2402.044,665.5137
"043","4pm",282.61414,5923.663,1249.1797
"044","4pm",69.87385,2661.856,1273.1032
"045","4pm",365.47044,1926.282,925.8129
"046","4pm",0,2283.605,834.9528
"047","4pm",0,3884.651,1426.3603
"048","4pm",192.75261,2431.515,646.3095
"049","4pm",0,2723.013,628.5515
"050","4pm",35.2694,1302.3,495.5678
"051","4pm",69.66317,1531.587,292.4942
"052","4pm",81.80592,2685.347,666.144
"053","4pm",99.78477,3053.121,1016.8634
"054","4pm",146.01625,3637.065,780.0324
"055","4pm",77.67842,2076.067,1063.8959
"056","4pm",211.07484,3918.655,2121.5604
"057","4pm",143.69345,1797.41,631.8486
"058","4pm",29.17748,3458.523,734.1534
"059","4pm",489.83749,5498.381,3035.8801
"060","4pm",337.95214,4064.312,1450.1808
"061","4pm",0,4694.786,1423.575
"062","4pm",78.4674,4391.291,930.9557
"063","4pm",38.04188,1587.631,281.9543
"064","4pm",79.77282,3028.215,1091.0135
"065","4pm",195.83711,3647.648,1570.9061
"066","4pm",43.36955,2999.95,1303.9312
"067","4pm",42.17246,4786.27,1969.9844
"068","4pm",0,3066.467,2218.8305
"069","4pm",64.74294,1752.814,998.2333
"070","4pm",47.92501,6259.635,2559.1567
"071","4pm",66.21965,5605.076,1578.2813
"072","4pm",165.23322,3452.679,777.9684
"073","4pm",545.9027,3597.449,6653.4112
"074","4pm",951.08187,4282.289,3447.7671
"075","4pm",832.29196,8873.264,1844.2541
"076","4pm",48.87072,3202.503,1420.9906
"077","4pm",0,3375.869,2314.2606
"078","4pm",75.6673,6770.954,2304.4554
"079","4pm",107.95351,4937.815,2831.4153
"080","4pm",0,3627.058,2043.0007
"001","5pm",1509.26464,963.643,4864.7354
"002","5pm",2581.49763,948.6209,3789.3394
"003","5pm",2583.79495,2518.7933,5849.8975
"004","5pm",376.08589,1354.794,1790.2163
"005","5pm",646.05979,1190.2251,2424.6604
"006","5pm",1963.25161,3181.0571,4375.2135
"007","5pm",1311.61251,2279.6247,2899.4563
"008","5pm",420.07078,1354.3768,770.8087
"009","5pm",2544.42358,4833.6347,5002.5367
"010","5pm",699.10286,1910.8519,1469.2985
"011","5pm",1120.55669,3156.1187,1273.8122
"012","5pm",1402.21141,1761.0392,2776.2877
"013","5pm",908.69356,3609.075,1691.0716
"014","5pm",1668.2281,4831.4861,2318.8184
"015","5pm",422.31058,1816.1139,1096.6782
"016","5pm",469.72229,2427.2082,569.2179
"017","5pm",1335.14043,2981.8117,1972.9035
"018","5pm",2112.41192,3829.9935,2988.6056
"019","5pm",954.96202,3838.7998,1712.9514
"020","5pm",1483.34724,1825.8047,2283.7164
"021","5pm",604.57662,1855.9198,844.6943
"022","5pm",2927.41739,4832.3982,3202.4201
"023","5pm",891.68915,4476.8486,1851.8025
"024","5pm",995.50776,2859.9916,1178.2362
"025","5pm",2995.08559,4391.6871,5586.6506
"026","5pm",1215.52662,2968.249,1700.3038
"027","5pm",409.56705,6501.6842,1748.0613
"028","5pm",2564.46478,5906.051,3260.6417
"029","5pm",655.64879,4385.5086,1125.6756
"030","5pm",225.52208,2230.6179,665.5597
"031","5pm",415.84721,4317.5605,1674.8206
"032","5pm",374.4546,5948.4,2005.996
"033","5pm",752.19103,7838.6503,1593.4384
"034","5pm",22.50191,1892.3746,305.5106
"035","5pm",1050.13273,5741.5164,1612.9462
"036","5pm",522.95148,4050.0465,717.1931
"037","5pm",62.90187,4674.6542,1344.1943
"038","5pm",347.3035,3667.078,455.9644
"039","5pm",606.57863,2755.1485,403.5048
"040","5pm",522.21342,6871.2881,1651.2195
"041","5pm",209.33229,3678.1537,686.1152
"042","5pm",245.27964,2304.6638,634.2978
"043","5pm",403.69816,5092.2195,1211.0534
"044","5pm",67.33954,3204.0673,1270.5262
"045","5pm",495.959,2721.9566,1050.6882
"046","5pm",0,2852.2027,855.0231
"047","5pm",56.69001,3673.7199,1314.2046
"048","5pm",405.69736,3132.4921,537.0572
"049","5pm",197.62629,3267.664,584.4505
"050","5pm",44.12706,1772.8146,454.0232
"051","5pm",102.57797,2229.8101,331.6373
"052","5pm",81.80592,3495.6511,502.1013
"053","5pm",137.79366,4116.3816,1114.9157
"054","5pm",264.45762,3747.6552,565.4555
"055","5pm",133.02773,2058.238,1099.8944
"056","5pm",186.4773,4708.5257,2181.0828
"057","5pm",176.37236,1789.6031,662.9759
"058","5pm",86.25288,4016.4632,775.2226
"059","5pm",803.47366,6049.401,3010.3565
"060","5pm",53.16403,4364.5697,1245.1802
"061","5pm",262.41516,5976.3675,1433.0929
"062","5pm",129.60293,5196.5258,943.4056
"063","5pm",43.87241,1809.2599,330.9764
"064","5pm",231.31396,3291.5347,1355.5367
"065","5pm",204.48594,4535.3766,1860.2171
"066","5pm",451.47435,3489.8515,1428.5953
"067","5pm",335.63626,5483.6167,2058.7591
"068","5pm",59.33065,3487.4257,2258.3115
"069","5pm",97.34774,2176.0723,974.7299
"070","5pm",204.25339,6233.7553,2527.8737
"071","5pm",0,6120.5576,1639.2468
"072","5pm",242.80399,4182.7221,722.0794
"073","5pm",564.32186,3869.3474,6363.2675
"074","5pm",572.65272,5267.7656,3544.5494
"075","5pm",703.06715,7754.3333,1849.369
"076","5pm",426.70696,3447.5647,1401.4213
"077","5pm",119.03685,4130.9268,2143.6288
"078","5pm",0,6205.5465,2314.4234
"079","5pm",0,5372.3266,2460.8639
"080","5pm",98.65549,3888.8655,2400.9286
"001","6pm",1603.18659,893.6538,4738.0028
"002","6pm",2207.18512,1439.6484,3679.3379
"003","6pm",2797.80015,2499.713,5408.3835
"004","6pm",441.11605,1201.1625,1743.6522
"005","6pm",659.64574,1570.3913,2361.238
"006","6pm",2133.80823,3510.342,5045.4718
"007","6pm",1412.35755,2551.9926,3370.4631
"008","6pm",568.00037,1699.8749,792.017
"009","6pm",2451.85911,3980.4801,4084.9246
"010","6pm",784.2657,1861.7673,1490.4479
"011","6pm",1266.03891,2998.1434,1382.7643
"012","6pm",1426.68296,2156.2403,2727.1244
"013","6pm",1082.90123,3754.4595,1859.5289
"014","6pm",1888.21859,5035.0909,2522.11
"015","6pm",625.90566,1890.6203,1000.0376
"016","6pm",619.95791,2643.4919,607.7294
"017","6pm",1489.23428,3198.0672,1713.4972
"018","6pm",2315.29819,3330.1179,3349.1901
"019","6pm",920.2281,3050.9297,1543.1457
"020","6pm",1652.17523,1780.0186,2369.3364
"021","6pm",730.46847,2466.7411,1013.6121
"022","6pm",3507.48246,5144.3246,3930.319
"023","6pm",803.66422,3969.8521,1509.8332
"024","6pm",878.32456,3428.4359,1173.1063
"025","6pm",2124.25725,2818.4347,3592.0878
"026","6pm",1533.15593,3816.7986,1549.1649
"027","6pm",407.79486,4561.6918,1495.3562
"028","6pm",2698.53714,6136.389,3135.3379
"029","6pm",771.22114,4316.1155,1293.0845
"030","6pm",611.8273,2483.0188,622.9582
"031","6pm",281.48291,5592.3011,1713.7574
"032","6pm",481.05318,5230.6164,1731.9281
"033","6pm",646.31552,8395.4834,1492.2021
"034","6pm",23.19365,1469.8741,330.7678
"035","6pm",995.92137,5351.8637,1581.0071
"036","6pm",588.61858,3899.2845,862.8769
"037","6pm",243.33984,5261.3639,1419.0118
"038","6pm",307.19859,4255.4108,363.5893
"039","6pm",542.7298,3159.1267,440.6355
"040","6pm",428.59983,7373.4838,1572.758
"041","6pm",110.25534,3564.4589,714.8681
"042","6pm",186.11191,2311.9959,671.7343
"043","6pm",692.94588,5348.7315,1173.0772
"044","6pm",188.49231,3400.6585,1251.2138
"045","6pm",580.56407,2900.6974,1184.3716
"046","6pm",129.59294,3251.255,1065.8434
"047","6pm",56.69001,4355.91,1259.5874
"048","6pm",442.42512,3280.0565,705.8324
"049","6pm",307.50438,3687.9555,592.0379
"050","6pm",84.52124,2026.6045,351.511
"051","6pm",186.78915,2467.2594,331.1294
"052","6pm",252.52203,4039.207,540.3922
"053","6pm",274.10031,4639.4572,1176.6916
"054","6pm",308.77967,4312.8099,516.8419
"055","6pm",236.94672,2609.4223,958.2786
"056","6pm",303.60498,3986.1006,2396.4668
"057","6pm",199.56978,2206.4214,541.3733
"058","6pm",298.42974,4667.9034,910.7772
"059","6pm",525.94239,7044.423,3004.092
"060","6pm",186.49519,4644.2563,1187.9465
"061","6pm",262.41516,6006.1203,1367.9395
"062","6pm",368.85908,5378.8824,1185.0607
"063","6pm",180.09297,2334.2005,325.9743
"064","6pm",308.407,4109.4337,1312.126
"065","6pm",351.23527,4734.1705,1981.8677
"066","6pm",671.80638,3626.2171,1341.6697
"067","6pm",354.88824,5968.2548,1960.5847
"068","6pm",122.23979,4090.4512,2000.2639
"069","6pm",117.79894,3110.4876,878.7232
"070","6pm",142.26017,7129.4493,2717.1705
"071","6pm",270.0865,5966.5006,1715.2496
"072","6pm",199.40676,4842.1955,938.4724
"073","6pm",801.21516,3766.6053,6008.4076
"074","6pm",473.35429,4770.2489,3498.9869
"075","6pm",639.67795,8309.5438,1515.5026
"076","6pm",219.66634,3521.0054,1620.7926
"077","6pm",75.6673,4707.8285,2273.0219
"078","6pm",0,6148.7859,2281.4923
"079","6pm",0,5295.5787,2528.2724
"080","6pm",234.0877,4493.1375,2398.1255
"001","7pm",1750.86187,809.4337,4183.5829
"002","7pm",2162.74681,1519.2817,3765.7706
"003","7pm",2780.50445,2528.2,5794.2421
"004","7pm",422.57727,1438.4597,1895.0282
"005","7pm",831.61194,1543.2413,2280.3391
"006","7pm",2280.40899,3832.6695,4985.4433
"007","7pm",1169.43927,2760.9842,3271.8125
"008","7pm",535.26568,1840.7156,849.7368
"009","7pm",1854.13986,3712.9605,3784.2353
"010","7pm",861.97413,2402.8151,1540.5577
"011","7pm",1156.14768,3016.3542,1225.6319
"012","7pm",1563.68169,3118.1752,2352.762
"013","7pm",1306.12408,3251.8445,1889.804
"014","7pm",2003.08714,5035.6555,2646.5232
"015","7pm",577.62688,2247.9955,1023.4182
"016","7pm",692.47682,3156.6879,684.7522
"017","7pm",1493.47507,3629.452,1738.9626
"018","7pm",2552.17026,3284.2694,3461.5025
"019","7pm",961.46207,3304.5233,1532.1864
"020","7pm",1817.83961,1829.5778,2663.9381
"021","7pm",888.38506,2667.2064,1051.3531
"022","7pm",3272.4426,5749.4114,3715.1905
"023","7pm",778.22193,3791.4772,1321.8233
"024","7pm",744.67747,3206.5303,1173.1063
"025","7pm",1952.90125,2756.5965,2595.3676
"026","7pm",1313.36072,3787.5296,1650.7829
"027","7pm",437.7081,4097.7237,1297.2794
"028","7pm",2809.38603,6080.2759,2435.7067
"029","7pm",786.30548,3892.568,1247.4583
"030","7pm",617.86474,2507.4493,636.7203
"031","7pm",325.40708,5808.265,1871.9142
"032","7pm",585.75934,5038.1509,1511.4068
"033","7pm",619.8358,8458.4537,1574.6222
"034","7pm",54.67152,1481.1658,330.7678
"035","7pm",689.90574,5106.6605,1410.2185
"036","7pm",627.43271,4559.4605,919.521
"037","7pm",260.48572,5628.2908,1405.7082
"038","7pm",170.7805,4148.2308,363.5893
"039","7pm",521.32931,3243.9443,468.3485
"040","7pm",391.36431,7335.2285,1573.7424
"041","7pm",192.96493,3676.9271,813.868
"042","7pm",218.88647,2422.2897,671.7343
"043","7pm",569.0649,4959.4162,861.2637
"044","7pm",188.49231,3367.8273,1255.5191
"045","7pm",628.62419,3581.2088,1184.3716
"046","7pm",129.59294,3762.8932,1081.113
"047","7pm",56.69001,5160.3053,984.3641
"048","7pm",486.1437,3731.0057,622.2013
"049","7pm",377.03713,3913.5558,604.3011
"050","7pm",84.52124,2246.83,288.4836
"051","7pm",186.78915,2664.602,296.4188
"052","7pm",252.52203,3988.3662,597.7205
"053","7pm",188.37928,6080.4008,1176.6916
"054","7pm",226.17955,4664.983,601.8535
"055","7pm",236.94672,2830.2092,886.8533
"056","7pm",273.90712,4209.1202,2477.0352
"057","7pm",133.26263,2623.0604,407.1717
"058","7pm",298.42974,4897.9777,868.5404
"059","7pm",552.2492,7670.9925,2924.8176
"060","7pm",186.49519,4884.5371,1116.4907
"061","7pm",262.41516,6501.8718,1367.9395
"062","7pm",368.85908,5865.3816,1122.5537
"063","7pm",189.61531,2371.6643,350.2977
"064","7pm",334.99549,4484.4761,1458.6155
"065","7pm",546.79747,4895.1263,2035.2047
"066","7pm",493.38998,4156.5275,1335.4104
"067","7pm",354.88824,6463.8125,2139.0011
"068","7pm",122.23979,5263.148,1843.2931
"069","7pm",155.10415,3184.0662,896.7231
"070","7pm",142.26017,6511.5957,2655.1773
"071","7pm",395.4073,6245.675,1681.0761
"072","7pm",199.40676,4713.3375,1076.9052
"073","7pm",833.70393,3875.6657,6222.8257
"074","7pm",473.35429,5012.2188,3411.1979
"075","7pm",917.27355,7984.1797,1516.397
"076","7pm",292.7977,3696.7982,1587.8387
"077","7pm",75.6673,5316.9443,2415.3863
"078","7pm",0,5858.409,2199.7235
"079","7pm",47.70918,5578.9014,2431.631
"080","7pm",234.0877,4407.129,2340.2016
"001","8pm",1729.02795,1016.478,3944.4113
"002","8pm",1942.09773,1662.117,3811.6984
"003","8pm",2225.63246,2597.201,6482.72
"004","8pm",544.35873,1549.983,2139.9217
"005","8pm",844.56787,1234.599,2517.0592
"006","8pm",2524.87915,3624.775,4822.0737
"007","8pm",1216.56701,2921.991,3435.3078
"008","8pm",491.68353,2113.213,728.1284
"009","8pm",1951.74686,3246.853,3233.0681
"010","8pm",905.57634,2588.358,1550.6785
"011","8pm",1317.87193,3189.924,1087.0316
"012","8pm",1731.83074,3353.259,2259.3211
"013","8pm",1277.56272,3361.153,1951.5611
"014","8pm",2130.10988,5570.171,2352.9303
"015","8pm",606.63666,2356.09,1053.2321
"016","8pm",692.47682,3269.198,737.6334
"017","8pm",1539.5838,3402.662,1526.9952
"018","8pm",2500.97409,3536.008,3327.316
"019","8pm",1076.0947,2913.665,1608.1592
"020","8pm",1822.59456,1876.262,2635.8402
"021","8pm",1001.32998,2716.883,1089.8393
"022","8pm",3434.43085,5754.571,3780.2074
"023","8pm",818.89501,3666.377,1490.4588
"024","8pm",785.26471,3273.887,1116.4614
"025","8pm",1743.65391,2776.32,2281.7232
"026","8pm",1374.80079,4355.75,1651.2574
"027","8pm",382.34029,4029.213,1354.7387
"028","8pm",2518.06668,5671.975,2566.995
"029","8pm",971.23462,4193.681,1080.7626
"030","8pm",678.14797,2923.84,715.7291
"031","8pm",325.40708,5585.779,1871.9142
"032","8pm",528.76111,4983.615,1463.6577
"033","8pm",648.034,8318.089,1623.2358
"034","8pm",54.67152,1578.752,311.1977
"035","8pm",375.00215,5023.763,1536.819
"036","8pm",627.43271,4249.199,957.8958
"037","8pm",260.48572,5969.66,1405.7082
"038","8pm",298.33872,3956.927,363.5893
"039","8pm",585.66651,3369.163,468.3485
"040","8pm",500.79982,7221.224,1488.9684
"041","8pm",192.96493,3977.639,844.7713
"042","8pm",252.92652,2620.436,662.1185
"043","8pm",569.0649,4938.665,906.8514
"044","8pm",216.43524,3531.534,1267.0084
"045","8pm",628.62419,3809.126,1119.6833
"046","8pm",389.50016,4039.848,1081.113
"047","8pm",56.69001,5107.23,1031.3739
"048","8pm",486.1437,3795.463,719.1087
"049","8pm",377.03713,3868.679,604.3011
"050","8pm",61.76176,2166.251,330.0282
"051","8pm",186.78915,2522.004,296.4188
"052","8pm",252.52203,4334.957,689.9219
"053","8pm",188.37928,5821.952,1176.6916
"054","8pm",226.17955,5170.157,601.8535
"055","8pm",236.94672,2979.023,886.8533
"056","8pm",302.26045,4290.714,2504.6236
"057","8pm",133.26263,2689.498,356.0832
"058","8pm",298.42974,5158.477,868.5404
"059","8pm",686.0689,8154.335,2924.8176
"060","8pm",190.20865,4531.501,1169.9855
"061","8pm",262.41516,7284.506,1367.9395
"062","8pm",368.85908,6160.289,1377.9765
"063","8pm",165.92847,2537.864,350.2977
"064","8pm",334.99549,4748.617,1490.2058
"065","8pm",487.00207,4676.455,2360.0804
"066","8pm",451.47435,4499.378,1335.4104
"067","8pm",354.88824,6981.803,2139.0011
"068","8pm",122.23979,5160.711,1843.2931
"069","8pm",155.10415,3373.492,896.7231
"070","8pm",142.26017,6862.962,2590.1624
"071","8pm",461.07516,6512.912,1624.9732
"072","8pm",59.77686,4937.516,1042.1946
"073","8pm",1121.02653,4304.228,6033.4286
"074","8pm",342.21589,5150.223,3280.0595
"075","8pm",917.27355,7610.627,1516.397
"076","8pm",292.7977,3827.009,1550.6917
"077","8pm",75.6673,5172.853,2415.3863
"078","8pm",0,6718.532,2199.7235
"079","8pm",0,5806.342,2337.9229
"080","8pm",234.0877,4290.843,2340.2016
"001","9pm",1772.60975,944.9155,4450.6348
"002","9pm",1978.20779,1853.7233,3814.4649
"003","9pm",2129.56556,2389.5461,6604.5255
"004","9pm",578.59979,1648.4358,2190.0473
"005","9pm",784.58997,1225.2735,2587.0429
"006","9pm",2510.01079,3304.9482,4714.139
"007","9pm",1354.90682,3093.645,3277.281
"008","9pm",479.43601,2043.1489,762.9772
"009","9pm",1708.30266,2698.3547,3402.4829
"010","9pm",989.40211,2673.9916,1585.305
"011","9pm",1317.87193,3364.4048,1156.1335
"012","9pm",1883.86896,3389.6087,2333.2814
"013","9pm",1217.88935,3448.4774,1824.2738
"014","9pm",2177.69113,5575.4341,2352.9303
"015","9pm",606.63666,2315.689,1053.2321
"016","9pm",692.47682,3532.5232,737.6334
"017","9pm",1658.48916,3316.614,1526.9952
"018","9pm",2538.88407,3557.7184,3327.316
"019","9pm",1093.63638,2927.664,1608.1592
"020","9pm",1863.99509,1915.1318,2576.5352
"021","9pm",1036.66335,2731.2528,1089.8393
"022","9pm",3547.69331,5233.2945,3716.863
"023","9pm",594.31073,3905.2184,1579.9896
"024","9pm",707.25314,3615.6833,1060.6182
"025","9pm",1789.41058,2667.9202,2116.3454
"026","9pm",1429.70533,4934.0664,1651.2574
"027","9pm",417.79979,4282.7952,1354.7387
"028","9pm",2395.45991,5403.4986,2426.6435
"029","9pm",954.81638,4194.2375,1127.4087
"030","9pm",678.14797,2842.2734,638.7401
"031","9pm",325.40708,5608.8891,1871.9142
"032","9pm",528.76111,5083.9214,1463.6577
"033","9pm",600.64725,8031.0677,1623.2358
"034","9pm",54.67152,1889.7149,311.1977
"035","9pm",334.50193,4583.5662,1522.2403
"036","9pm",627.43271,4230.4289,957.8958
"037","9pm",260.48572,5653.5533,1405.7082
"038","9pm",365.04009,3960.5447,363.5893
"039","9pm",581.74472,3506.8792,437.4786
"040","9pm",602.81902,7110.5127,1488.9684
"041","9pm",192.96493,4231.6594,844.7713
"042","9pm",252.92652,2583.2243,628.0784
"043","9pm",569.0649,4926.5244,906.8514
"044","9pm",138.58146,3570.3944,1267.0084
"045","9pm",628.62419,3893.9071,1175.8655
"046","9pm",389.50016,4069.7822,1081.113
"047","9pm",56.69001,5404.2293,1031.3739
"048","9pm",540.77977,4071.277,719.1087
"049","9pm",377.03713,3776.6932,662.4521
"050","9pm",61.76176,2291.4743,330.0282
"051","9pm",186.78915,2609.9356,296.4188
"052","9pm",252.52203,4558.192,689.9219
"053","9pm",188.37928,5870.9602,1176.6916
"054","9pm",226.17955,5346.6734,601.8535
"055","9pm",236.94672,3195.3171,886.8533
"056","9pm",302.26045,4213.9989,2474.9258
"057","9pm",167.13456,2791.555,386.4617
"058","9pm",298.42974,5249.5338,868.5404
"059","9pm",686.0689,8008.8086,3051.0135
"060","9pm",190.20865,4361.4834,1169.9855
"061","9pm",262.41516,7631.1143,1494.2179
"062","9pm",368.85908,6364.9042,1289.1109
"063","9pm",165.92847,2587.606,350.2977
"064","9pm",334.99549,4862.6204,1535.8695
"065","9pm",487.00207,4474.2362,2360.0804
"066","9pm",451.47435,4457.8073,1335.4104
"067","9pm",354.88824,7254.227,2139.0011
"068","9pm",177.43086,5340.8134,1843.2931
"069","9pm",117.79894,3249.0308,934.0283
"070","9pm",142.26017,6505.7336,2590.1624
"071","9pm",507.60823,6527.1099,1581.5759
"072","9pm",59.77686,4676.5096,1242.9307
"073","9pm",1121.02653,4205.8508,5871.6469
"074","9pm",342.21589,5408.1082,3189.3996
"075","9pm",1194.86915,7705.5687,1516.397
"076","9pm",292.7977,3862.2371,1550.6917
"077","9pm",75.6673,5279.748,2415.3863
"078","9pm",0,6649.5773,2199.7235
"079","9pm",0,5806.3416,2337.9229
"080","9pm",234.0877,4140.4416,2340.2016
"001","10pm",1654.61105,1077.558,4430.1425
"002","10pm",1741.6794,1336.151,3675.7762
"003","10pm",2104.17178,2019.223,6741.8079
"004","10pm",606.37663,1656.735,2149.9153
"005","10pm",808.60971,1341.645,2724.8919
"006","10pm",2276.54786,3220.187,4961.3396
"007","10pm",1273.25478,3071.102,3542.8604
"008","10pm",491.68353,1936.815,808.0292
"009","10pm",1737.46335,2579.832,3689.4834
"010","10pm",937.90641,2715.73,1589.8968
"011","10pm",1243.95677,3508.551,1087.0316
"012","10pm",1918.11275,3395.842,2333.2814
"013","10pm",1217.88935,3485,1867.7795
"014","10pm",2091.00401,5667.131,2352.9303
"015","10pm",606.63666,2297.307,1053.2321
"016","10pm",692.47682,3532.523,737.6334
"017","10pm",1747.40069,3603.653,1526.9952
"018","10pm",2805.06157,3626.788,3327.316
"019","10pm",989.27817,2544.178,1691.8004
"020","10pm",1800.0706,1909.935,2576.5352
"021","10pm",1036.66335,2893.345,1089.8393
"022","10pm",3523.67357,4897.391,3888.9387
"023","10pm",594.31073,3962.812,1579.9896
"024","10pm",678.73325,3621.157,1060.6182
"025","10pm",1795.6519,2783.914,1914.9781
"026","10pm",1476.68205,4843.008,1651.2574
"027","10pm",417.79979,4233.501,1219.5273
"028","10pm",2359.50418,4938.079,2426.6435
"029","10pm",954.81638,4117.478,1074.7168
"030","10pm",617.86474,3007.376,638.7401
"031","10pm",325.40708,5639.707,1871.9142
"032","10pm",528.76111,4871.328,1543.5859
"033","10pm",600.64725,7771.711,1623.2358
"034","10pm",54.67152,2239.787,311.1977
"035","10pm",334.50193,4683.548,1522.2403
"036","10pm",627.43271,4109.269,957.8958
"037","10pm",260.48572,5523.941,1405.7082
"038","10pm",365.04009,3900.633,333.8928
"039","10pm",581.74472,3474.676,437.4786
"040","10pm",602.81902,7280.747,1488.9684
"041","10pm",192.96493,4327.971,875.6746
"042","10pm",283.96549,2651.865,628.0784
"043","10pm",569.0649,4807.857,906.8514
"044","10pm",138.58146,3520.559,1258.5575
"045","10pm",628.62419,3786.84,1211.9327
"046","10pm",389.50016,4095.8,1138.8497
"047","10pm",56.69001,5064.491,1085.0096
"048","10pm",540.77977,4063.808,719.1087
"049","10pm",377.03713,3910.426,686.8933
"050","10pm",61.76176,2331.742,330.0282
"051","10pm",186.78915,2610.88,296.4188
"052","10pm",252.52203,4537.102,689.9219
"053","10pm",188.37928,5968.93,1176.6916
"054","10pm",226.17955,5410.506,601.8535
"055","10pm",236.94672,3295.416,823.6007
"056","10pm",302.26045,4183.179,2474.9258
"057","10pm",167.13456,2944.339,386.4617
"058","10pm",298.42974,5383.987,868.5404
"059","10pm",686.0689,7732.84,3051.0135
"060","10pm",243.70342,4459.893,1169.9855
"061","10pm",262.41516,7494.061,1494.2179
"062","10pm",368.85908,6531.709,1289.1109
"063","10pm",165.92847,2629.786,350.2977
"064","10pm",334.99549,5173.886,1535.8695
"065","10pm",487.00207,4312.117,2360.0804
"066","10pm",451.47435,4457.807,1335.4104
"067","10pm",354.88824,7735.965,2139.0011
"068","10pm",114.52172,5249.774,2048.715
"069","10pm",117.79894,3249.031,934.0283
"070","10pm",142.26017,6505.734,2590.1624
"071","10pm",507.60823,6609.59,1581.5759
"072","10pm",59.77686,4878.098,1277.1042
"073","10pm",1121.02653,3803.323,5770.7352
"074","10pm",342.21589,5633.161,3189.3996
"075","10pm",1194.86915,7843.519,1617.3086
"076","10pm",292.7977,3813.366,1550.6917
"077","10pm",75.6673,5436.001,2415.3863
"078","10pm",0,6517.525,2199.7235
"079","10pm",0,5806.342,2337.9229
"080","10pm",234.0877,4140.442,2340.2016
"001","11pm",1464.69683,716.4348,4298.4185
"002","11pm",1144.6106,508.2811,3581.3346
"003","11pm",2107.24081,2151.6274,6972.7471
"004","11pm",606.37663,1795.4615,2167.2955
"005","11pm",735.88206,1437.162,2816.1509
"006","11pm",2493.20677,2983.2504,4890.5635
"007","11pm",1103.43992,3051.6348,3328.3703
"008","11pm",491.68353,1883.6672,904.2274
"009","11pm",1664.53168,2772.4295,3642.5066
"010","11pm",1026.89999,2670.5435,1640.3149
"011","11pm",1243.95677,3585.1289,1158.8754
"012","11pm",2012.27519,3398.5731,2333.2814
"013","11pm",1217.88935,3556.439,1867.7795
"014","11pm",2091.00401,5900.3304,2352.9303
"015","11pm",606.63666,2297.3072,984.4839
"016","11pm",692.47682,3714.9508,737.6334
"017","11pm",1798.89639,3663.2738,1526.9952
"018","11pm",2805.06157,3626.7876,3327.316
"019","11pm",989.27817,2648.3054,1691.8004
"020","11pm",1827.05412,2020.5469,2576.5352
"021","11pm",1036.66335,2931.7648,1089.8393
"022","11pm",3613.17839,5077.0596,3911.9678
"023","11pm",546.72948,4140.495,1549.2392
"024","11pm",889.76735,3560.3372,1060.6182
"025","11pm",1762.14311,2777.8651,1844.8314
"026","11pm",1399.50269,5005.5744,1651.2574
"027","11pm",380.33939,3928.2798,1228.1536
"028","11pm",2432.93399,4380.6688,2378.6016
"029","11pm",1014.743,4044.0046,1074.7168
"030","11pm",617.86474,3066.9729,638.7401
"031","11pm",325.40708,6050.3823,1871.9142
"032","11pm",528.76111,4620.7568,1543.5859
"033","11pm",629.00058,7690.6682,1526.0086
"034","11pm",54.67152,2168.242,311.1977
"035","11pm",334.50193,5034.5606,1522.2403
"036","11pm",627.43271,4192.7859,957.8958
"037","11pm",260.48572,5216.722,1405.7082
"038","11pm",365.04009,4088.4881,363.5893
"039","11pm",581.74472,3523.5672,437.4786
"040","11pm",602.81902,7120.8575,1488.9684
"041","11pm",223.86822,4268.7192,875.6746
"042","11pm",283.96549,2729.1114,603.6542
"043","11pm",530.46526,4622.6717,906.8514
"044","11pm",138.58146,3253.2564,1298.4479
"045","11pm",628.62419,3946.9351,1211.9327
"046","11pm",389.50016,4133.3453,1138.8497
"047","11pm",56.69001,5284.2179,1085.0096
"048","11pm",572.86172,4147.5429,719.1087
"049","11pm",377.03713,3959.1438,686.8933
"050","11pm",61.76176,2483.2489,330.0282
"051","11pm",186.78915,2678.8386,296.4188
"052","11pm",252.52203,4645.2459,689.9219
"053","11pm",188.37928,5960.1882,1176.6916
"054","11pm",226.17955,5305.8769,601.8535
"055","11pm",236.94672,3414.3967,823.6007
"056","11pm",273.90712,4251.9273,2474.9258
"057","11pm",196.65855,2944.3386,386.4617
"058","11pm",298.42974,5383.987,868.5404
"059","11pm",587.19359,8035.1476,3253.0796
"060","11pm",243.70342,4403.947,1169.9855
"061","11pm",262.41516,7633.5916,1527.7832
"062","11pm",368.85908,7070.4005,1289.1109
"063","11pm",165.92847,2653.1388,350.2977
"064","11pm",334.99549,5075.9117,1535.8695
"065","11pm",487.00207,4281.1843,2360.0804
"066","11pm",451.47435,4457.8073,1335.4104
"067","11pm",354.88824,7728.1624,2139.0011
"068","11pm",114.52172,5203.8024,2048.715
"069","11pm",117.79894,3249.0308,934.0283
"070","11pm",142.26017,6267.8934,2590.1624
"071","11pm",507.60823,6750.7374,1581.5759
"072","11pm",59.77686,4863.3915,1277.1042
"073","11pm",1121.02653,4259.7107,5770.7352
"074","11pm",342.21589,5818.7029,3189.3996
"075","11pm",1194.86915,7871.3433,1617.3086
"076","11pm",292.7977,3813.3663,1550.6917
"077","11pm",75.6673,5513.9453,2415.3863
"078","11pm",0,6517.5255,2199.7235
"079","11pm",0,6015.0683,2337.9229
"080","11pm",234.0877,4378.4483,2340.2016
"001","12pm",1211.45251,765.1264,4279.091
"002","12pm",865.92365,511.0375,3016.7484
"003","12pm",1970.21939,2024.3729,7349.1157
"004","12pm",606.37663,1795.4615,2196.6197
"005","12pm",735.88206,1609.9469,2690.9129
"006","12pm",2540.78802,3218.9173,5017.3065
"007","12pm",963.04682,2921.6316,3255.9691
"008","12pm",491.68353,1883.6672,904.2274
"009","12pm",1557.72234,2885.6181,3605.0462
"010","12pm",976.50605,2654.4892,1769.9154
"011","12pm",1243.95677,3787.3187,1105.4707
"012","12pm",2012.27519,3468.6877,2333.2814
"013","12pm",1261.395,3547.6452,1867.7795
"014","12pm",2091.00401,5844.2519,2352.9303
"015","12pm",626.0648,2297.3072,984.4839
"016","12pm",692.47682,3714.9508,737.6334
"017","12pm",1798.89639,3663.2738,1526.9952
"018","12pm",2906.12287,3737.8507,3327.316
"019","12pm",1056.51057,2572.5961,1691.8004
"020","12pm",1827.05412,1979.653,2576.5352
"021","12pm",1036.66335,2898.4574,1078.0785
"022","12pm",3857.33492,4968.7701,3959.5491
"023","12pm",546.72948,4165.2038,1549.2392
"024","12pm",889.76735,3612.8426,1060.6182
"025","12pm",1762.14311,2868.3788,1844.8314
"026","12pm",1494.06066,4961.8955,1651.2574
"027","12pm",331.64778,4214.4015,1110.8183
"028","12pm",2432.93399,3908.1046,2378.6016
"029","12pm",957.85446,4084.1748,1005.9686
"030","12pm",617.86474,3066.9729,638.7401
"031","12pm",325.40708,5818.6161,1871.9142
"032","12pm",528.76111,4532.8134,1543.5859
"033","12pm",600.64725,7492.8642,1554.3619
"034","12pm",54.67152,1879.1915,311.1977
"035","12pm",334.50193,5063.4276,1522.2403
"036","12pm",627.43271,4227.2572,957.8958
"037","12pm",260.48572,5216.9216,1405.7082
"038","12pm",365.04009,4233.2605,363.5893
"039","12pm",606.05259,3547.8751,437.4786
"040","12pm",602.81902,7646.2938,1488.9684
"041","12pm",223.86822,4213.2727,875.6746
"042","12pm",327.29675,2729.1114,603.6542
"043","12pm",460.48976,4747.3602,906.8514
"044","12pm",191.62766,3284.9269,1216.4777
"045","12pm",628.62419,3946.9351,1211.9327
"046","12pm",389.50016,4174.9337,1138.8497
"047","12pm",56.69001,5223.5769,1145.6506
"048","12pm",572.86172,4147.5429,719.1087
"049","12pm",377.03713,3959.1438,686.8933
"050","12pm",61.76176,2506.5373,330.0282
"051","12pm",186.78915,2678.8386,296.4188
"052","12pm",252.52203,4645.2459,689.9219
"053","12pm",188.37928,6131.7959,1176.6916
"054","12pm",226.17955,5344.949,601.8535
"055","12pm",236.94672,3496.1324,823.6007
"056","12pm",273.90712,4165.1223,2474.9258
"057","12pm",227.03709,2944.3386,386.4617
"058","12pm",298.42974,5383.987,868.5404
"059","12pm",587.19359,8035.1476,3253.0796
"060","12pm",243.70342,4360.4352,1169.9855
"061","12pm",262.41516,7633.5916,1527.7832
"062","12pm",535.41628,7246.5311,1289.1109
"063","12pm",165.92847,2653.1388,350.2977
"064","12pm",334.99549,5075.9117,1535.8695
"065","12pm",487.00207,4140.384,2360.0804
"066","12pm",451.47435,4457.8073,1335.4104
"067","12pm",354.88824,7728.1624,2139.0011
"068","12pm",114.52172,5287.8444,2048.715
"069","12pm",117.79894,3249.0308,934.0283
"070","12pm",142.26017,6506.5659,2590.1624
"071","12pm",507.60823,6750.7374,1581.5759
"072","12pm",59.77686,4863.3915,1277.1042
"073","12pm",1121.02653,4259.7107,5770.7352
"074","12pm",342.21589,5882.1932,3189.3996
"075","12pm",1194.86915,7817.8103,1617.3086
"076","12pm",292.7977,3827.0658,1550.6917
"077","12pm",75.6673,5513.9453,2415.3863
"078","12pm",0,6519.7139,2199.7235
"079","12pm",0,6155.8686,2337.9229
"080","12pm",234.0877,4482.914,2340.2016
"001","1am",1148.43775,653.9167,4271.6033
"002","1am",788.38076,517.6434,2569.6626
"003","1am",1922.83264,2024.3729,7637.5632
"004","1am",606.37663,1938.7485,2237.4541
"005","1am",735.88206,1501.29,2695.041
"006","1am",2496.99344,3373.5888,5208.8987
"007","1am",963.04682,2871.2947,3154.8654
"008","1am",491.68353,1806.8512,828.9925
"009","1am",1557.72234,2745.6328,3567.5858
"010","1am",976.50605,2594.4786,1817.3021
"011","1am",1243.95677,3703.6563,1105.4707
"012","1am",2012.27519,3474.2308,2429.4796
"013","1am",1261.395,3547.6452,1867.7795
"014","1am",2091.00401,5911.6153,2352.9303
"015","1am",649.53809,2297.3072,984.4839
"016","1am",692.47682,3714.9508,737.6334
"017","1am",1798.89639,3466.0613,1578.4909
"018","1am",2906.12287,3814.4223,3327.316
"019","1am",1056.51057,2603.5292,1691.8004
"020","1am",1827.05412,1979.653,2576.5352
"021","1am",1036.66335,2898.4574,1078.0785
"022","1am",3973.37747,5097.0687,3959.5491
"023","1am",546.72948,4165.2038,1549.2392
"024","1am",889.76735,3665.3481,1060.6182
"025","1am",1826.2413,2868.3788,1844.8314
"026","1am",1494.06066,4961.8955,1711.9778
"027","1am",331.64778,4214.4015,1110.8183
"028","1am",2432.93399,3908.1046,2378.6016
"029","1am",957.85446,4208.6596,1005.9686
"030","1am",617.86474,3074.9853,638.7401
"031","1am",325.40708,5818.6161,1871.9142
"032","1am",528.76111,4607.5752,1543.5859
"033","1am",600.64725,7486.9313,1554.3619
"034","1am",54.67152,1800.6771,311.1977
"035","1am",334.50193,4955.7467,1522.2403
"036","1am",627.43271,4227.2572,957.8958
"037","1am",260.48572,5225.5398,1405.7082
"038","1am",365.04009,4340.7978,363.5893
"039","1am",606.05259,3547.8751,437.4786
"040","1am",602.81902,7646.2938,1488.9684
"041","1am",223.86822,4277.8442,875.6746
"042","1am",327.29675,2795.2111,603.6542
"043","1am",460.48976,4734.086,959.8575
"044","1am",191.62766,3214.8123,1216.4777
"045","1am",628.62419,3878.1062,1211.9327
"046","1am",389.50016,4210.7182,1138.8497
"047","1am",56.69001,5223.5769,1145.6506
"048","1am",572.86172,4147.5429,719.1087
"049","1am",377.03713,3959.1438,686.8933
"050","1am",61.76176,2506.5373,330.0282
"051","1am",186.78915,2726.7165,296.4188
"052","1am",252.52203,4528.9604,689.9219
"053","1am",188.37928,6193.5718,1176.6916
"054","1am",226.17955,5310.9089,601.8535
"055","1am",236.94672,3568.1294,823.6007
"056","1am",273.90712,4165.1223,2474.9258
"057","1am",197.5131,2895.6482,415.9857
"058","1am",298.42974,5383.987,868.5404
"059","1am",587.19359,8035.1476,3253.0796
"060","1am",243.70342,4360.4352,1169.9855
"061","1am",262.41516,7633.5916,1527.7832
"062","1am",535.41628,7246.5311,1289.1109
"063","1am",165.92847,2691.3812,350.2977
"064","1am",334.99549,5064.239,1535.8695
"065","1am",487.00207,4213.5657,2360.0804
"066","1am",451.47435,4506.0039,1335.4104
"067","1am",354.88824,7728.1624,2139.0011
"068","1am",114.52172,5287.8444,2048.715
"069","1am",117.79894,3249.0308,934.0283
"070","1am",142.26017,6506.5659,2590.1624
"071","1am",507.60823,6750.7374,1581.5759
"072","1am",59.77686,4863.3915,1277.1042
"073","1am",1121.02653,4259.7107,5770.7352
"074","1am",342.21589,5796.294,3189.3996
"075","1am",1194.86915,7817.8103,1617.3086
"076","1am",292.7977,3921.0756,1550.6917
"077","1am",75.6673,5578.8992,2415.3863
"078","1am",0,6454.7601,2199.7235
"079","1am",0,6155.8686,2337.9229
"080","1am",234.0877,4599.1996,2340.2016
"001","2am",1174.48494,653.9167,4317.9816
"002","2am",762.33357,472.2997,2569.6626
"003","2am",1922.83264,2025.5817,7438.9112
"004","2am",606.37663,1938.7485,2157.9841
"005","2am",735.88206,1515.1416,2695.041
"006","2am",2496.99344,3373.5888,5208.8987
"007","2am",963.04682,2871.2947,3154.8654
"008","2am",491.68353,1806.8512,884.039
"009","2am",1531.67515,2774.8194,3674.35
"010","2am",976.50605,2572.3385,1817.3021
"011","2am",1243.95677,3703.6563,1144.5473
"012","2am",2012.27519,3534.1495,2429.4796
"013","2am",1261.395,3503.8266,1867.7795
"014","2am",2091.00401,5747.1575,2432.4003
"015","2am",649.53809,2283.4556,984.4839
"016","2am",692.47682,3714.9508,737.6334
"017","2am",1798.89639,3410.2351,1578.4909
"018","2am",2906.12287,3814.4223,3327.316
"019","2am",1056.51057,2603.5292,1691.8004
"020","2am",1827.05412,1979.653,2576.5352
"021","2am",1036.66335,2898.4574,1078.0785
"022","2am",3973.37747,5138.8266,3959.5491
"023","2am",546.72948,4117.6226,1549.2392
"024","2am",889.76735,3665.3481,1060.6182
"025","2am",1826.2413,2998.9651,1870.8786
"026","2am",1494.06066,4961.8955,1711.9778
"027","2am",331.64778,4267.9902,1110.8183
"028","2am",2432.93399,3912.0784,2378.6016
"029","2am",957.85446,4248.2212,1005.9686
"030","2am",617.86474,3074.9853,638.7401
"031","2am",325.40708,5818.6161,1871.9142
"032","2am",528.76111,4607.5752,1543.5859
"033","2am",600.64725,7486.9313,1554.3619
"034","2am",54.67152,1800.6771,311.1977
"035","2am",334.50193,4955.7467,1522.2403
"036","2am",627.43271,4227.2572,957.8958
"037","2am",260.48572,5466.2862,1405.7082
"038","2am",365.04009,4340.7978,363.5893
"039","2am",606.05259,3591.6937,437.4786
"040","2am",602.81902,7646.2938,1488.9684
"041","2am",223.86822,4277.8442,875.6746
"042","2am",327.29675,2795.2111,603.6542
"043","2am",460.48976,4734.086,959.8575
"044","2am",191.62766,3214.8123,1216.4777
"045","2am",628.62419,3718.0107,1211.9327
"046","2am",389.50016,4210.7182,1138.8497
"047","2am",56.69001,5223.5769,1145.6506
"048","2am",572.86172,4147.5429,719.1087
"049","2am",377.03713,3959.1438,686.8933
"050","2am",61.76176,2506.5373,330.0282
"051","2am",186.78915,2726.7165,296.4188
"052","2am",252.52203,4551.1004,689.9219
"053","2am",188.37928,6193.5718,1176.6916
"054","2am",226.17955,5310.9089,601.8535
"055","2am",236.94672,3568.1294,823.6007
"056","2am",273.90712,4096.3741,2474.9258
"057","2am",197.5131,2895.6482,415.9857
"058","2am",298.42974,5437.5201,868.5404
"059","2am",587.19359,8035.1476,3253.0796
"060","2am",243.70342,4360.4352,1169.9855
"061","2am",262.41516,7633.5916,1527.7832
"062","2am",535.41628,7246.5311,1289.1109
"063","2am",165.92847,2664.1253,350.2977
"064","2am",334.99549,4991.3102,1535.8695
"065","2am",487.00207,4213.5657,2360.0804
"066","2am",451.47435,4591.9031,1335.4104
"067","2am",354.88824,7728.1624,2139.0011
"068","2am",114.52172,5287.8444,2048.715
"069","2am",117.79894,3249.0308,934.0283
"070","2am",142.26017,6506.5659,2590.1624
"071","2am",507.60823,6750.7374,1581.5759
"072","2am",59.77686,4863.3915,1277.1042
"073","2am",1121.02653,4259.7107,5770.7352
"074","2am",342.21589,5796.294,3189.3996
"075","2am",1194.86915,7817.8103,1617.3086
"076","2am",292.7977,3921.0756,1550.6917
"077","2am",75.6673,5699.1814,2415.3863
"078","2am",0,6523.7152,2199.7235
"079","2am",0,6155.8686,2337.9229
"080","2am",234.0877,4599.1996,2340.2016
"001","3am",1174.48494,653.9167,4270.4003
"002","3am",762.33357,472.2997,2569.6626
"003","3am",1922.83264,1947.3882,7438.9112
"004","3am",606.37663,1938.7485,2157.9841
"005","3am",735.88206,1554.0276,2695.041
"006","3am",2449.41219,3373.5888,5243.9279
"007","3am",963.04682,2871.2947,3080.9502
"008","3am",491.68353,1806.8512,884.039
"009","3am",1531.67515,2774.8194,3674.35
"010","3am",976.50605,2578.5456,1817.3021
"011","3am",1243.95677,3703.6563,1144.5473
"012","3am",2012.27519,3534.1495,2429.4796
"013","3am",1261.395,3503.8266,1867.7795
"014","3am",2066.73621,5747.1575,2432.4003
"015","3am",649.53809,2283.4556,984.4839
"016","3am",692.47682,3714.9508,737.6334
"017","3am",1798.89639,3410.2351,1578.4909
"018","3am",2906.12287,3814.4223,3327.316
"019","3am",1056.51057,2603.5292,1691.8004
"020","3am",1827.05412,1979.653,2576.5352
"021","3am",1036.66335,2898.4574,1078.0785
"022","3am",3973.37747,5239.8125,4060.535
"023","3am",546.72948,4117.6226,1495.8345
"024","3am",889.76735,3665.3481,1060.6182
"025","3am",1826.2413,3046.5464,1870.8786
"026","3am",1494.06066,4961.8955,1711.9778
"027","3am",331.64778,4166.5097,1110.8183
"028","3am",2432.93399,3912.0784,2378.6016
"029","3am",957.85446,4248.2212,1005.9686
"030","3am",617.86474,3055.3761,638.7401
"031","3am",325.40708,5818.6161,1871.9142
"032","3am",528.76111,4607.5752,1543.5859
"033","3am",600.64725,7541.8576,1554.3619
"034","3am",54.67152,1800.6771,311.1977
"035","3am",334.50193,4955.7467,1522.2403
"036","3am",627.43271,4273.8114,957.8958
"037","3am",260.48572,5466.2862,1405.7082
"038","3am",365.04009,4378.4677,363.5893
"039","3am",606.05259,3591.6937,437.4786
"040","3am",602.81902,7646.2938,1488.9684
"041","3am",223.86822,4277.8442,875.6746
"042","3am",327.29675,2795.2111,603.6542
"043","3am",460.48976,4734.086,959.8575
"044","3am",191.62766,3179.8281,1216.4777
"045","3am",628.62419,3718.0107,1211.9327
"046","3am",389.50016,4210.7182,1138.8497
"047","3am",56.69001,5223.5769,1145.6506
"048","3am",572.86172,4147.5429,719.1087
"049","3am",377.03713,3921.2632,686.8933
"050","3am",61.76176,2506.5373,330.0282
"051","3am",186.78915,2726.7165,296.4188
"052","3am",252.52203,4551.1004,689.9219
"053","3am",188.37928,6114.8724,1176.6916
"054","3am",226.17955,5310.9089,601.8535
"055","3am",236.94672,3603.1135,823.6007
"056","3am",273.90712,4096.3741,2474.9258
"057","3am",197.5131,2895.6482,415.9857
"058","3am",298.42974,5437.5201,868.5404
"059","3am",587.19359,8035.1476,3253.0796
"060","3am",243.70342,4360.4352,1169.9855
"061","3am",262.41516,7633.5916,1527.7832
"062","3am",535.41628,7246.5311,1289.1109
"063","3am",165.92847,2664.1253,350.2977
"064","3am",334.99549,4991.3102,1535.8695
"065","3am",487.00207,4213.5657,2360.0804
"066","3am",451.47435,4591.9031,1335.4104
"067","3am",354.88824,7807.179,2139.0011
"068","3am",114.52172,5287.8444,2048.715
"069","3am",117.79894,3249.0308,934.0283
"070","3am",142.26017,6506.5659,2590.1624
"071","3am",507.60823,6750.7374,1581.5759
"072","3am",59.77686,4863.3915,1277.1042
"073","3am",1121.02653,4259.7107,5871.6469
"074","3am",342.21589,5796.294,3189.3996
"075","3am",1194.86915,7817.8103,1516.397
"076","3am",292.7977,3921.0756,1550.6917
"077","3am",75.6673,5699.1814,2415.3863
"078","3am",0,6523.7152,2199.7235
"079","3am",0,6155.8686,2337.9229
"080","3am",234.0877,4599.1996,2340.2016
