"district","hour","occ1","occ2","occ3","occ4","occ5"
"001","4am",0,0,0,0,0
"002","4am",0,0,0,0,0
"003","4am",0,0,0,0,0
"004","4am",0,0,0,0,0
"005","4am",0,0,0,0,0
"006","4am",0,0,0,0,0
"007","4am",0,0,0,0,0
"008","4am",0,0,0,0,0
"009","4am",0,0,0,0,0
"010","4am",0,0,0,0,0
"011","4am",0,0,0,0,0
"012","4am",0,0,0,0,0
"013","4am",0,0,0,0,0
"014","4am",0,0,0,0,0
"015","4am",0,0,0,0,0
"016","4am",0,0,0,0,0
"017","4am",0,0,0,0,0
"018","4am",0,0,0,0,0
"019","4am",0,0,0,0,0
"020","4am",0,0,0,0,0
"021","4am",0,0,0,0,0
"022","4am",0,0,0,0,0
"023","4am",0,0,0,0,0
"024","4am",0,0,0,0,0
"025","4am",0,0,0,0,0
"026","4am",0,0,0,0,0
"027","4am",0,0,0,0,0
"028","4am",0,0,0,0,0
"029","4am",0,0,0,0,0
"030","4am",0,0,0,0,0
"031","4am",0,0,0,0,0
"032","4am",0,0,0,0,0
"033","4am",0,0,0,0,0
"034","4am",0,0,0,0,0
"035","4am",0,0,0,0,0
"036","4am",0,0,0,0,0
"037","4am",0,0,0,0,0
"038","4am",0,0,0,0,0
"039","4am",0,0,0,0,0
"040","4am",0,0,0,0,0
"041","4am",0,0,0,0,0
"042","4am",0,0,0,0,0
"043","4am",0,0,0,0,0
"044","4am",0,0,0,0,0
"045","4am",0,0,0,0,0
"046","4am",0,0,0,0,0
"047","4am",0,0,0,0,0
"048","4am",0,0,0,0,0
"049","4am",0,0,0,0,0
"050","4am",0,0,0,0,0
"051","4am",0,0,0,0,0
"052","4am",0,0,0,0,0
"053","4am",0,0,0,0,0
"054","4am",0,0,0,0,0
"055","4am",0,0,0,0,0
"056","4am",0,0,0,0,0
"057","4am",0,0,0,0,0
"058","4am",0,0,0,0,0
"059","4am",0,0,0,0,0
"060","4am",0,0,0,0,0
"061","4am",0,0,0,0,0
"062","4am",0,0,0,0,0
"063","4am",0,0,0,0,0
"064","4am",0,0,0,0,0
"065","4am",0,0,0,0,0
"066","4am",0,0,0,0,0
"067","4am",0,0,0,0,0
"068","4am",0,0,0,0,0
"069","4am",0,0,0,0,0
"070","4am",0,0,0,0,0
"071","4am",0,0,0,0,0
"072","4am",0,0,0,0,0
"073","4am",0,0,0,0,0
"074","4am",0,0,0,0,0
"075","4am",0,0,0,0,0
"076","4am",0,0,0,0,0
"077","4am",0,0,0,0,0
"078","4am",0,0,0,0,0
"079","4am",0,0,0,0,0
"080","4am",0,0,0,0,0
"001","5am",0,0,0,0,0
"002","5am",0,0,0,0,0
"003","5am",0,0,0,0,0
"004","5am",0,0,0,0,0
"005","5am",0,0,0,0,0
"006","5am",0,0,0,0,0
"007","5am",0,0,0,0,0
"008","5am",0,0,0,0,0
"009","5am",0,0,0,0,0
"010","5am",0,0,0,0,0
"011","5am",0,0,0,0,0
"012","5am",0,0,0,0,0
"013","5am",0,0,0,0,0
"014","5am",0,0,0,0,0
"015","5am",0,0,0,0,0
"016","5am",0,0,0,0,0
"017","5am",0,0,0,0,0
"018","5am",0,0,0,0,0
"019","5am",0,0,0,0,0
"020","5am",0,0,0,0,0
"021","5am",0,0,0,0,0
"022","5am",751.0564,0,0,0,0
"023","5am",0,0,0,0,0
"024","5am",0,0,0,0,0
"025","5am",0,0,0,0,0
"026","5am",0,0,0,0,0
"027","5am",0,0,0,0,0
"028","5am",0,0,0,0,0
"029","5am",0,0,0,0,0
"030","5am",0,0,0,0,0
"031","5am",0,0,0,0,0
"032","5am",0,0,0,0,0
"033","5am",0,0,0,0,0
"034","5am",0,0,0,0,0
"035","5am",0,0,0,0,0
"036","5am",0,0,0,0,0
"037","5am",0,0,0,0,0
"038","5am",0,0,0,0,0
"039","5am",0,0,0,0,0
"040","5am",0,0,0,0,0
"041","5am",0,0,0,0,0
"042","5am",0,0,0,0,0
"043","5am",0,0,0,0,0
"044","5am",0,0,0,0,0
"045","5am",0,0,0,0,0
"046","5am",0,0,0,0,0
"047","5am",0,0,0,0,0
"048","5am",0,0,0,0,0
"049","5am",0,0,0,0,0
"050","5am",0,0,0,0,0
"051","5am",0,0,0,0,0
"052","5am",0,0,0,0,0
"053","5am",0,0,0,0,0
"054","5am",0,0,0,0,0
"055","5am",0,0,0,0,0
"056","5am",0,0,0,0,0
"057","5am",0,0,0,0,0
"058","5am",0,0,0,0,0
"059","5am",0,0,0,0,0
"060","5am",0,0,0,0,0
"061","5am",0,0,0,0,0
"062","5am",0,0,0,0,0
"063","5am",0,0,0,0,0
"064","5am",0,0,0,0,0
"065","5am",0,0,0,0,0
"066","5am",0,0,0,0,0
"067","5am",0,0,0,0,0
"068","5am",0,0,0,0,0
"069","5am",0,0,0,0,0
"070","5am",0,0,0,0,0
"071","5am",0,0,0,0,0
"072","5am",0,0,0,0,0
"073","5am",0,0,0,0,0
"074","5am",0,0,0,0,0
"075","5am",0,0,0,0,0
"076","5am",0,0,0,0,0
"077","5am",0,0,0,0,0
"078","5am",0,0,0,0,0
"079","5am",0,0,0,0,0
"080","5am",0,0,0,0,0
"001","6am",0,0,0,0,0
"002","6am",0,0,0,0,0
"003","6am",591.0184,0,0,0,0
"004","6am",0,0,0,0,0
"005","6am",0,0,0,0,0
"006","6am",0,0,0,0,0
"007","6am",0,0,0,0,0
"008","6am",0,0,0,0,0
"009","6am",870.3574,0,0,0,0
"010","6am",0,0,0,0,0
"011","6am",0,0,0,0,0
"012","6am",0,0,0,0,0
"013","6am",1044.7647,0,0,0,0
"014","6am",0,0,0,0,0
"015","6am",0,0,0,0,0
"016","6am",0,0,0,0,0
"017","6am",0,0,0,0,0
"018","6am",0,0,0,0,0
"019","6am",0,0,0,0,0
"020","6am",0,0,0,0,0
"021","6am",0,0,0,0,0
"022","6am",1542.2273,0,0,0,0
"023","6am",0,0,0,0,0
"024","6am",0,0,0,0,0
"025","6am",0,0,0,0,0
"026","6am",0,0,0,0,0
"027","6am",0,0,0,0,0
"028","6am",0,0,0,0,0
"029","6am",0,0,0,0,0
"030","6am",0,0,0,0,0
"031","6am",0,0,0,0,0
"032","6am",0,0,0,0,0
"033","6am",0,0,0,0,0
"034","6am",0,0,0,0,0
"035","6am",836.8643,0,0,0,0
"036","6am",0,0,0,0,0
"037","6am",0,0,0,0,0
"038","6am",0,0,0,0,0
"039","6am",0,0,0,0,0
"040","6am",0,0,0,0,0
"041","6am",0,0,0,0,0
"042","6am",0,0,0,0,0
"043","6am",0,0,0,0,0
"044","6am",0,0,0,0,0
"045","6am",0,0,0,0,0
"046","6am",0,0,0,0,0
"047","6am",0,0,0,0,0
"048","6am",0,0,0,0,0
"049","6am",0,0,0,0,0
"050","6am",0,0,0,0,0
"051","6am",0,0,0,0,0
"052","6am",0,0,0,0,0
"053","6am",0,0,0,0,0
"054","6am",0,0,0,0,0
"055","6am",0,0,0,0,0
"056","6am",0,0,0,0,0
"057","6am",0,0,0,0,0
"058","6am",0,0,0,0,0
"059","6am",0,0,0,0,0
"060","6am",0,0,0,0,0
"061","6am",0,0,0,0,0
"062","6am",0,0,0,0,0
"063","6am",0,0,0,0,0
"064","6am",0,0,0,0,0
"065","6am",0,0,0,0,0
"066","6am",0,0,0,0,0
"067","6am",0,0,0,0,0
"068","6am",0,0,0,0,0
"069","6am",0,0,0,0,0
"070","6am",857.3913,0,0,0,0
"071","6am",0,0,0,0,0
"072","6am",0,0,0,0,0
"073","6am",0,0,0,0,0
"074","6am",0,0,0,0,0
"075","6am",0,0,0,0,0
"076","6am",0,0,0,0,0
"077","6am",0,0,0,0,0
"078","6am",0,0,0,0,0
"079","6am",0,0,0,0,0
"080","6am",0,0,0,0,0
"001","7am",635.5144,1013.5214,0,0,0
"002","7am",0,0,0,0,0
"003","7am",1962.9116,0,0,0,0
"004","7am",0,0,0,0,0
"005","7am",0,871.1498,0,0,0
"006","7am",1083.299,1245.7388,0,0,0
"007","7am",0,0,0,0,0
"008","7am",0,0,0,0,0
"009","7am",2437.6934,2305.4455,0,0,0
"010","7am",0,0,0,0,0
"011","7am",1441.1449,0,0,0,0
"012","7am",0,0,0,0,0
"013","7am",1889.0521,0,0,0,0
"014","7am",620.7024,0,0,0,0
"015","7am",0,0,0,0,0
"016","7am",0,0,0,0,0
"017","7am",1309.579,1253.6633,0,0,0
"018","7am",808.4484,0,0,0,0
"019","7am",1342.6707,1066.1347,0,0,0
"020","7am",0,0,0,0,0
"021","7am",0,0,0,0,0
"022","7am",2899.5377,734.2129,0,0,0
"023","7am",1619.938,753.4357,0,0,0
"024","7am",658.7671,0,0,0,0
"025","7am",1141.0306,4987.7257,0,0,0
"026","7am",864.5338,0,0,0,0
"027","7am",2334.8529,0,0,0,0
"028","7am",1935.0996,491.923,0,0,0
"029","7am",1292.4768,0,0,0,0
"030","7am",724.5067,0,0,0,0
"031","7am",0,0,0,0,0
"032","7am",2450.6514,0,0,0,0
"033","7am",722.4162,791.868,0,0,0
"034","7am",0,0,0,0,0
"035","7am",2207.6861,0,0,0,0
"036","7am",0,0,0,0,0
"037","7am",1152.6961,0,0,0,0
"038","7am",0,0,0,0,0
"039","7am",0,0,0,0,0
"040","7am",1175.829,0,0,0,0
"041","7am",0,0,0,0,0
"042","7am",0,0,0,0,0
"043","7am",1077.5864,0,0,0,0
"044","7am",0,0,0,0,0
"045","7am",0,0,0,0,0
"046","7am",0,0,0,0,0
"047","7am",966.3428,0,0,0,0
"048","7am",0,0,0,0,0
"049","7am",0,0,0,0,0
"050","7am",0,0,0,0,0
"051","7am",0,0,0,0,0
"052","7am",0,0,0,0,0
"053","7am",0,0,0,0,0
"054","7am",1004.6307,0,0,0,0
"055","7am",0,0,0,0,0
"056","7am",0,0,0,0,0
"057","7am",0,0,0,0,0
"058","7am",0,0,0,0,0
"059","7am",879.5476,0,0,0,0
"060","7am",979.7179,1102.8369,0,0,0
"061","7am",0,0,0,0,0
"062","7am",0,0,0,0,0
"063","7am",0,0,0,0,0
"064","7am",0,0,0,0,0
"065","7am",0,0,0,0,0
"066","7am",0,0,0,0,0
"067","7am",0,0,0,0,0
"068","7am",0,0,0,0,0
"069","7am",0,0,0,0,0
"070","7am",1229.9923,0,0,0,0
"071","7am",0,0,0,0,0
"072","7am",0,0,0,0,0
"073","7am",1056.728,0,0,0,0
"074","7am",1360.2573,0,0,0,0
"075","7am",1535.4049,0,0,0,0
"076","7am",0,0,0,0,0
"077","7am",0,0,0,0,0
"078","7am",684.2695,0,0,0,0
"079","7am",0,0,0,0,0
"080","7am",0,0,0,0,0
"001","8am",2104.0067,1573.0188,0,0,0
"002","8am",1340.355,0,0,0,0
"003","8am",3776.6033,967.2409,0,0,0
"004","8am",1106.0077,0,0,0,0
"005","8am",794.3321,1143.5837,0,0,0
"006","8am",1903.3119,1638.7243,0,0,0
"007","8am",762.1681,0,0,0,0
"008","8am",0,0,0,0,0
"009","8am",5473.262,3126.8484,0,0,0
"010","8am",1181.7516,0,0,0,0
"011","8am",3177.6903,0,0,0,0
"012","8am",0,0,0,0,0
"013","8am",3628.0039,0,0,0,0
"014","8am",1525.1654,0,0,0,0
"015","8am",0,0,0,0,0
"016","8am",916.8432,0,0,0,0
"017","8am",2475.2198,1796.1459,0,0,0
"018","8am",2371.148,0,0,0,0
"019","8am",3894.1943,1534.7761,0,0,0
"020","8am",862.9275,0,0,0,0
"021","8am",0,0,0,0,0
"022","8am",5208.3569,1746.5125,0,0,0
"023","8am",4208.4455,1359.2144,0,0,0
"024","8am",1366.5732,0,0,0,0
"025","8am",3537.5196,7714.2255,0,0,0
"026","8am",1278.4546,0,0,0,0
"027","8am",7223.0273,0,0,0,0
"028","8am",4554.3528,1209.536,0,0,0
"029","8am",2473.0091,0,0,0,0
"030","8am",1118.0095,910.0343,0,0,0
"031","8am",726.3616,0,0,0,0
"032","8am",4356.4678,0,0,0,0
"033","8am",1836.8796,1106.106,0,0,0
"034","8am",1476.952,0,0,0,0
"035","8am",3214.1584,0,0,0,0
"036","8am",841.0415,0,0,0,0
"037","8am",1587.448,0,0,0,0
"038","8am",607.2911,0,0,0,0
"039","8am",680.4796,0,0,0,0
"040","8am",2669.8911,816.075,0,0,0
"041","8am",1264.5111,0,0,0,0
"042","8am",0,0,0,0,0
"043","8am",2237.4886,0,0,0,0
"044","8am",808.9668,0,0,0,0
"045","8am",0,0,0,0,0
"046","8am",0,0,0,0,0
"047","8am",1767.2018,0,0,0,0
"048","8am",0,0,0,0,0
"049","8am",0,0,0,0,0
"050","8am",0,0,0,0,0
"051","8am",0,0,0,0,0
"052","8am",720.2314,0,0,0,0
"053","8am",0,0,0,0,0
"054","8am",1125.1726,0,0,0,0
"055","8am",0,0,0,0,0
"056","8am",0,0,0,0,0
"057","8am",0,0,0,0,0
"058","8am",0,0,0,0,0
"059","8am",1465.8604,0,0,0,0
"060","8am",1575.5658,1281.8901,0,0,0
"061","8am",0,0,0,0,0
"062","8am",0,0,0,0,0
"063","8am",0,0,0,0,0
"064","8am",0,0,0,0,0
"065","8am",1119.7672,0,0,0,0
"066","8am",0,0,0,0,0
"067","8am",927.5789,0,0,0,0
"068","8am",0,0,0,0,0
"069","8am",0,0,0,0,0
"070","8am",1823.0831,0,0,0,0
"071","8am",1243.2009,0,0,0,0
"072","8am",1302.5938,0,0,0,0
"073","8am",1694.1634,0,0,0,0
"074","8am",2126.1666,0,0,0,0
"075","8am",2644.102,909.1716,0,0,0
"076","8am",0,0,0,0,0
"077","8am",0,0,0,0,0
"078","8am",2018.5893,0,0,0,0
"079","8am",0,0,0,0,0
"080","8am",0,0,0,0,0
"001","9am",3315.9213,2617.4585,0,0,0
"002","9am",2604.3703,0,0,0,0
"003","9am",4305.3666,1323.413,0,1203.7346,0
"004","9am",1109.8993,0,0,0,0
"005","9am",1043.1135,1207.2302,0,0,0
"006","9am",2461.8344,1860.9805,0,0,0
"007","9am",1033.0314,0,0,0,0
"008","9am",0,0,0,0,0
"009","9am",6155.0382,3421.6455,0,547.4606,0
"010","9am",1521.6583,0,0,0,0
"011","9am",3425.6685,0,0,574.4749,0
"012","9am",0,0,0,0,0
"013","9am",3969.6451,0,0,0,0
"014","9am",2013.4955,0,0,0,0
"015","9am",0,0,0,0,0
"016","9am",1103.1898,0,0,0,0
"017","9am",2986.7694,1930.87,0,565.5985,0
"018","9am",2645.8799,0,0,0,0
"019","9am",4298.0655,1799.7606,0,0,0
"020","9am",761.5884,0,0,0,0
"021","9am",0,0,0,0,0
"022","9am",6442.5883,1996.0126,0,468.8981,0
"023","9am",5116.5402,1560.88,0,0,0
"024","9am",1382.5689,0,0,0,0
"025","9am",4175.2024,10787.7018,0,0,0
"026","9am",1777.683,0,0,0,0
"027","9am",8902.3692,0,0,0,0
"028","9am",6628.3322,1795.6882,0,0,0
"029","9am",2776.6999,0,0,0,0
"030","9am",1045.8008,965.5454,0,0,0
"031","9am",806.4521,0,0,0,0
"032","9am",5158.1467,0,0,840.2171,0
"033","9am",2593.5289,1185.8789,500.8671,0,0
"034","9am",1496.5148,0,0,0,0
"035","9am",3255.603,0,0,689.3642,0
"036","9am",1269.6646,0,0,0,0
"037","9am",1800.9335,0,0,0,0
"038","9am",776.7341,0,0,0,0
"039","9am",822.0549,0,0,0,0
"040","9am",2780.1887,834.0339,0,506.6808,0
"041","9am",1593.8967,0,0,0,0
"042","9am",0,0,0,0,0
"043","9am",2641.8244,0,0,0,0
"044","9am",656.4853,0,0,0,0
"045","9am",0,0,0,0,0
"046","9am",0,0,0,0,0
"047","9am",2316.7674,0,0,0,0
"048","9am",0,0,0,0,0
"049","9am",0,0,0,0,0
"050","9am",0,0,0,0,0
"051","9am",0,0,0,0,0
"052","9am",807.7917,0,0,0,0
"053","9am",0,0,0,0,0
"054","9am",1412.2867,0,0,0,0
"055","9am",0,0,0,0,0
"056","9am",0,0,0,0,0
"057","9am",585.1869,0,0,0,0
"058","9am",0,0,0,0,0
"059","9am",1820.8251,0,0,701.1357,0
"060","9am",1812.5516,1281.8901,0,0,0
"061","9am",0,0,0,0,0
"062","9am",0,0,0,0,0
"063","9am",0,0,0,0,0
"064","9am",0,0,0,0,0
"065","9am",1333.4146,0,0,0,0
"066","9am",0,0,0,0,0
"067","9am",964.1738,0,0,0,0
"068","9am",0,0,0,0,0
"069","9am",0,0,0,0,0
"070","9am",2162.8795,0,0,0,0
"071","9am",1243.2009,0,0,0,0
"072","9am",1227.0612,0,0,0,0
"073","9am",2062.1337,0,0,0,0
"074","9am",2164.343,0,0,0,0
"075","9am",3479.9261,990.9879,0,0,0
"076","9am",0,0,0,0,0
"077","9am",0,0,0,0,0
"078","9am",2545.9995,0,0,0,0
"079","9am",0,0,0,0,0
"080","9am",0,0,0,0,0
"001","10am",3284.8139,2793.5222,0,684.6894,0
"002","10am",3285.6928,0,0,823.5049,0
"003","10am",4534.4311,1429.6427,0,861.2146,0
"004","10am",970.2473,0,0,0,0
"005","10am",1296.6674,1305.0723,0,0,0
"006","10am",2637.9421,1977.5299,0,0,0
"007","10am",989.8888,0,0,0,0
"008","10am",0,0,0,0,0
"009","10am",6221.1355,3708.84,0,772.3497,0
"010","10am",1412.2292,0,0,0,0
"011","10am",3583.2894,0,0,0,0
"012","10am",704.8057,0,0,0,0
"013","10am",3954.0751,0,0,0,0
"014","10am",1938.8527,0,0,0,0
"015","10am",0,0,0,0,0
"016","10am",1071.7089,0,0,0,0
"017","10am",3121.7086,1883.1536,0,794.5089,0
"018","10am",2264.8757,0,0,0,0
"019","10am",4323.5952,1773.137,0,0,0
"020","10am",952.2646,0,0,0,0
"021","10am",0,0,0,0,0
"022","10am",6428.0307,2035.2249,0,775.2155,0
"023","10am",5472.5381,1744.2931,0,0,0
"024","10am",1244.6292,0,0,0,0
"025","10am",4268.3885,12760.3335,0,0,0
"026","10am",1905.0738,0,0,0,0
"027","10am",9142.0271,0,0,0,0
"028","10am",6673.9749,1812.7119,0,666.1997,0
"029","10am",2712.0938,0,0,0,0
"030","10am",999.8989,973.3741,0,0,0
"031","10am",771.0253,0,0,0,0
"032","10am",4990.5391,0,0,950.438,0
"033","10am",3005.5406,1306.0921,0,410.8039,0
"034","10am",1586.7674,0,0,0,0
"035","10am",3125.2465,0,0,526.5798,0
"036","10am",1268.9441,0,0,0,0
"037","10am",1884.2255,0,0,0,0
"038","10am",634.0474,0,0,0,0
"039","10am",833.8219,0,0,0,0
"040","10am",3020.0024,796.4249,0,875.202,0
"041","10am",1698.6825,0,0,0,0
"042","10am",581.9556,0,0,0,0
"043","10am",2738.94,0,0,639.1288,0
"044","10am",738.4855,0,0,0,0
"045","10am",0,0,0,0,0
"046","10am",0,0,0,0,0
"047","10am",2253.3009,0,0,0,0
"048","10am",0,0,0,0,0
"049","10am",0,0,0,0,0
"050","10am",0,0,0,0,0
"051","10am",0,0,0,0,0
"052","10am",837.2492,0,0,0,0
"053","10am",0,0,0,0,0
"054","10am",1352.3352,0,0,0,0
"055","10am",0,0,0,0,0
"056","10am",768.9724,0,0,0,0
"057","10am",566.505,0,0,0,0
"058","10am",0,0,0,0,0
"059","10am",1714.9332,0,0,451.3137,0
"060","10am",1871.6539,1281.8901,0,0,0
"061","10am",0,0,0,0,0
"062","10am",0,0,0,0,0
"063","10am",0,0,0,0,0
"064","10am",0,0,0,0,0
"065","10am",1216.1761,0,0,0,0
"066","10am",0,0,0,0,0
"067","10am",813.4883,0,0,0,0
"068","10am",0,0,0,0,0
"069","10am",0,0,0,0,0
"070","10am",2200.3035,0,0,0,0
"071","10am",985.1577,0,0,0,0
"072","10am",1543.8094,0,0,0,0
"073","10am",2357.095,0,0,652.8119,0
"074","10am",2002.1589,0,0,0,0
"075","10am",3676.5854,1044.1788,0,0,0
"076","10am",0,0,0,0,0
"077","10am",0,0,0,0,0
"078","10am",2806.3409,0,0,0,0
"079","10am",0,0,0,0,0
"080","10am",0,0,0,0,0
"001","11am",3516.5377,3073.6345,0,552.4972,0
"002","11am",3465.1021,1160.6042,0,734.7387,0
"003","11am",4392.019,1130.2253,0,0,0
"004","11am",854.714,0,0,0,0
"005","11am",1347.1548,1238.7875,0,0,0
"006","11am",2985.6714,1853.2845,0,468.6634,0
"007","11am",1260.243,0,0,0,0
"008","11am",0,0,0,0,0
"009","11am",6394.0809,3477.3997,0,594.1822,0
"010","11am",1581.9297,0,0,0,0
"011","11am",3173.9045,0,0,0,0
"012","11am",763.3636,0,0,0,0
"013","11am",3590.0227,0,0,0,0
"014","11am",1990.4311,0,0,0,0
"015","11am",0,0,0,0,0
"016","11am",1064.0289,0,0,0,0
"017","11am",3006.5015,1900.6992,0,561.7965,0
"018","11am",2406.795,0,0,0,0
"019","11am",4213.2295,1893.6156,0,0,0
"020","11am",928.8427,0,0,0,0
"021","11am",0,0,0,0,0
"022","11am",6232.2976,2271.8857,0,853.6963,0
"023","11am",5325.407,1609.6955,0,0,0
"024","11am",1081.9796,0,0,0,0
"025","11am",4338.826,10904.7258,0,0,0
"026","11am",1734.0391,0,0,0,0
"027","11am",8688.3212,0,0,0,0
"028","11am",5889.2514,1751.5337,0,571.8281,0
"029","11am",2643.1557,0,0,0,0
"030","11am",967.1855,973.3741,0,0,0
"031","11am",924.8404,0,0,0,0
"032","11am",4731.5892,0,0,560.1837,0
"033","11am",2791.8329,1316.0998,0,538.7459,0
"034","11am",1543.3484,0,0,0,0
"035","11am",3521.5741,0,0,0,0
"036","11am",1207.7342,0,0,0,0
"037","11am",1835.2171,0,0,0,0
"038","11am",597.0375,0,0,0,0
"039","11am",912.5213,0,0,0,0
"040","11am",2880.1463,810.676,0,736.2806,0
"041","11am",1513.7965,0,0,0,0
"042","11am",506.1849,0,0,0,0
"043","11am",2445.195,0,0,0,0
"044","11am",973.4056,0,0,0,0
"045","11am",0,0,0,0,0
"046","11am",0,0,0,0,0
"047","11am",2412.0107,0,0,0,0
"048","11am",0,0,0,0,0
"049","11am",0,0,0,0,0
"050","11am",0,0,0,0,0
"051","11am",0,0,0,0,0
"052","11am",834.1882,0,0,0,0
"053","11am",0,0,0,0,0
"054","11am",1412.2867,0,0,0,0
"055","11am",0,0,0,0,0
"056","11am",0,0,0,0,0
"057","11am",809.6998,0,0,0,0
"058","11am",0,0,0,0,0
"059","11am",1416.4741,0,0,0,0
"060","11am",1789.9461,1196.8785,0,0,0
"061","11am",0,0,0,0,0
"062","11am",0,0,0,0,0
"063","11am",0,0,0,0,0
"064","11am",0,0,0,0,0
"065","11am",907.0038,0,0,0,0
"066","11am",0,0,0,0,0
"067","11am",766.1015,0,0,0,0
"068","11am",728.4345,0,0,0,0
"069","11am",0,0,0,0,0
"070","11am",2062.5328,0,0,0,0
"071","11am",977.4991,0,0,0,0
"072","11am",1566.9535,0,0,0,0
"073","11am",1824.113,0,0,0,0
"074","11am",2223.7625,0,0,0,0
"075","11am",3410.2464,1044.1788,0,0,0
"076","11am",0,0,0,0,0
"077","11am",0,0,0,0,0
"078","11am",2381.215,0,0,0,0
"079","11am",0,0,0,0,0
"080","11am",0,0,0,0,0
"001","12am",3098.7604,2814.4008,0,0,0
"002","12am",3947.8148,1873.1259,0,784.7931,0
"003","12am",4083.9568,1042.5547,0,0,0
"004","12am",933.4743,0,0,0,0
"005","12am",820.5838,896.1447,0,0,0
"006","12am",2260.6904,1764.6563,0,0,0
"007","12am",1125.3352,0,0,0,0
"008","12am",0,0,0,0,0
"009","12am",6389.295,3067.2392,0,696.7022,0
"010","12am",1070.6599,0,0,0,0
"011","12am",2557.1499,0,0,0,0
"012","12am",0,0,0,0,0
"013","12am",3016.2217,0,0,0,0
"014","12am",1470.8151,0,0,0,0
"015","12am",0,0,0,0,0
"016","12am",859.0851,0,0,0,0
"017","12am",2341.0103,1701.1938,0,0,0
"018","12am",2035.0314,0,0,0,0
"019","12am",3515.5216,1247.2745,0,0,0
"020","12am",716.9199,0,0,0,0
"021","12am",0,0,0,0,0
"022","12am",5861.5912,2193.2354,0,619.6708,0
"023","12am",4544.4941,1365.6583,0,0,0
"024","12am",1061.4043,0,0,0,0
"025","12am",3671.6432,9635.03,0,0,0
"026","12am",1367.7985,0,0,0,0
"027","12am",7356.603,0,0,0,0
"028","12am",5252.9665,1994.958,0,0,0
"029","12am",2015.5928,0,0,0,0
"030","12am",846.8541,857.9413,0,0,0
"031","12am",695.536,0,0,0,0
"032","12am",3561.8062,0,0,0,0
"033","12am",3114.28,1386.5256,0,455.7098,0
"034","12am",1384.6575,0,0,0,0
"035","12am",2456.1279,0,0,0,0
"036","12am",942.9671,0,0,0,0
"037","12am",1211.0462,0,0,0,0
"038","12am",704.6529,0,0,0,0
"039","12am",0,0,0,0,0
"040","12am",2542.1416,628.4952,0,0,0
"041","12am",1568.1789,0,0,0,0
"042","12am",0,0,0,0,0
"043","12am",2477.09,0,0,0,0
"044","12am",823.8988,0,0,0,0
"045","12am",0,0,0,0,0
"046","12am",0,0,0,0,0
"047","12am",1595.7096,0,0,0,0
"048","12am",0,0,0,0,0
"049","12am",0,0,0,0,0
"050","12am",0,0,0,0,0
"051","12am",0,0,0,0,0
"052","12am",0,0,0,0,0
"053","12am",0,0,0,0,0
"054","12am",1401.4425,0,0,0,0
"055","12am",0,0,0,0,0
"056","12am",0,0,0,0,0
"057","12am",579.9612,0,0,0,0
"058","12am",0,0,0,0,0
"059","12am",932.0909,0,0,0,0
"060","12am",1287.9194,1134.2151,0,0,0
"061","12am",0,0,0,0,0
"062","12am",0,0,0,0,0
"063","12am",0,0,0,0,0
"064","12am",0,0,0,0,0
"065","12am",860.913,0,0,0,0
"066","12am",0,0,0,0,0
"067","12am",0,0,0,0,0
"068","12am",0,0,0,0,0
"069","12am",0,0,0,0,0
"070","12am",1287.7243,0,0,0,0
"071","12am",852.7239,0,0,0,0
"072","12am",1288.2034,0,0,0,0
"073","12am",1035.4717,0,0,0,0
"074","12am",2151.5213,0,0,0,0
"075","12am",1827.148,765.6592,0,0,0
"076","12am",0,0,0,0,0
"077","12am",0,0,0,0,0
"078","12am",1918.6104,0,0,0,0
"079","12am",0,0,0,0,0
"080","12am",0,0,0,0,0
"001","1pm",2960.2796,2572.0352,0,0,0
"002","1pm",3947.8906,1105.1872,0,1130.6132,0
"003","1pm",4550.3721,1071.2815,0,0,0
"004","1pm",1069.7732,0,0,0,0
"005","1pm",1013.9713,1210.9595,0,0,0
"006","1pm",2124.6316,1657.6978,0,0,0
"007","1pm",958.5159,0,0,0,0
"008","1pm",0,0,0,0,0
"009","1pm",6544.9888,3293.3979,0,594.109,0
"010","1pm",1119.0061,0,0,0,0
"011","1pm",3098.6456,0,0,0,0
"012","1pm",0,0,0,0,0
"013","1pm",3551.6717,0,0,0,0
"014","1pm",1611.9911,0,0,0,0
"015","1pm",0,0,0,0,0
"016","1pm",943.813,0,0,0,0
"017","1pm",2520.7331,1655.1039,0,0,0
"018","1pm",2406.8153,0,0,0,0
"019","1pm",3605.5946,1677.0919,0,0,0
"020","1pm",973.8779,0,0,0,0
"021","1pm",0,0,0,0,0
"022","1pm",6318.4981,2014.8458,0,888.2588,0
"023","1pm",4880.0604,1567.9536,0,0,0
"024","1pm",1195.6417,0,0,0,0
"025","1pm",3795.3236,10498.9712,0,0,0
"026","1pm",1533.7497,0,0,0,0
"027","1pm",8299.7535,0,0,0,0
"028","1pm",5445.2429,2821.5661,0,714.7016,0
"029","1pm",2656.4681,0,0,0,0
"030","1pm",827.8406,963.5235,0,0,0
"031","1pm",685.6866,0,0,0,0
"032","1pm",3986.515,0,0,0,0
"033","1pm",2542.8441,1421.5724,0,616.8057,0
"034","1pm",1509.6569,0,0,0,0
"035","1pm",3226.0145,0,0,0,0
"036","1pm",1001.9143,0,0,0,0
"037","1pm",1686.1697,0,0,0,0
"038","1pm",0,0,0,0,0
"039","1pm",877.5566,0,0,0,0
"040","1pm",2522.7181,457.0649,0,0,0
"041","1pm",1469.3924,0,0,0,0
"042","1pm",0,0,0,0,0
"043","1pm",2756.3217,0,0,0,0
"044","1pm",1182.6831,0,0,0,0
"045","1pm",0,0,0,0,0
"046","1pm",575.3472,0,0,0,0
"047","1pm",1706.3119,0,0,0,0
"048","1pm",0,0,0,0,0
"049","1pm",0,0,0,0,0
"050","1pm",0,0,0,0,0
"051","1pm",0,0,0,0,0
"052","1pm",662.4613,0,0,0,0
"053","1pm",0,0,0,0,0
"054","1pm",1419.6209,0,0,0,0
"055","1pm",0,0,0,0,0
"056","1pm",0,0,0,0,0
"057","1pm",0,0,0,0,0
"058","1pm",0,0,0,0,0
"059","1pm",1127.4715,0,0,0,0
"060","1pm",1120.6008,1266.5833,0,0,0
"061","1pm",0,0,0,0,0
"062","1pm",695.4976,0,0,0,0
"063","1pm",0,0,0,0,0
"064","1pm",0,0,0,0,0
"065","1pm",857.2552,0,0,0,0
"066","1pm",0,0,0,0,0
"067","1pm",0,0,0,0,0
"068","1pm",684.6208,0,0,0,0
"069","1pm",0,0,0,0,0
"070","1pm",1672.0024,0,0,0,0
"071","1pm",1290.1676,0,0,0,0
"072","1pm",1310.9842,0,0,0,0
"073","1pm",1160.1976,0,0,631.4057,0
"074","1pm",1942.9185,0,0,0,0
"075","1pm",3039.7852,0,0,0,0
"076","1pm",0,0,0,0,0
"077","1pm",0,0,0,0,0
"078","1pm",2507.1051,0,0,0,0
"079","1pm",0,0,0,0,0
"080","1pm",0,0,0,0,0
"001","2pm",3005.1914,2070.1644,579.3943,0,0
"002","2pm",3133.4293,1098.8466,774.2688,1681.6932,0
"003","2pm",4245.6278,873.2971,0,591.0888,0
"004","2pm",1026.2947,0,0,0,0
"005","2pm",1205.4101,1171.6154,0,0,0
"006","2pm",2379.9189,1819.0999,0,0,0
"007","2pm",991.5849,0,0,0,0
"008","2pm",0,0,0,0,0
"009","2pm",6228.377,3801.957,0,1277.9798,0
"010","2pm",1059.9664,0,0,0,0
"011","2pm",3219.874,0,0,0,0
"012","2pm",0,0,0,0,0
"013","2pm",3866.6381,0,0,0,0
"014","2pm",1825.2632,0,0,0,0
"015","2pm",0,0,0,0,0
"016","2pm",885.5387,0,0,0,0
"017","2pm",2697.849,1665.1697,0,0,0
"018","2pm",2257.672,0,0,0,0
"019","2pm",3824.9025,1677.0919,0,0,0
"020","2pm",1096.8991,0,0,0,0
"021","2pm",0,0,0,0,0
"022","2pm",5534.0032,2082.0702,0,1008.8055,0
"023","2pm",5157.2262,1692.5282,0,0,0
"024","2pm",1361.0282,0,0,0,0
"025","2pm",4243.0804,11642.5473,0,0,0
"026","2pm",1551.5898,0,0,0,0
"027","2pm",8437.3841,0,0,0,0
"028","2pm",6080.6474,3326.476,0,1290.774,0
"029","2pm",2801.6004,0,0,0,0
"030","2pm",1319.4582,963.5235,0,0,0
"031","2pm",809.5684,0,0,0,0
"032","2pm",4243.2779,0,0,515.3677,0
"033","2pm",2610.5894,1387.159,0,814.174,0
"034","2pm",1574.2248,0,0,0,0
"035","2pm",3413.582,0,0,772.2428,0
"036","2pm",848.8283,0,0,0,0
"037","2pm",1845.8127,0,0,0,0
"038","2pm",0,0,0,0,0
"039","2pm",845.7247,0,0,0,0
"040","2pm",2213.0157,0,0,0,0
"041","2pm",1687.5782,0,0,0,0
"042","2pm",526.1736,0,0,0,0
"043","2pm",3051.9673,0,0,671.8592,0
"044","2pm",1003.1141,0,0,0,0
"045","2pm",0,0,0,0,0
"046","2pm",683.2661,0,0,0,0
"047","2pm",1740.0861,0,0,0,0
"048","2pm",0,0,0,0,0
"049","2pm",0,0,0,0,0
"050","2pm",0,0,0,0,0
"051","2pm",0,0,0,0,0
"052","2pm",733.7638,0,0,0,0
"053","2pm",0,0,0,0,0
"054","2pm",1422.4938,0,0,0,0
"055","2pm",0,0,0,0,0
"056","2pm",0,0,0,0,0
"057","2pm",589.7843,0,0,0,0
"058","2pm",0,0,0,0,0
"059","2pm",1227.8905,0,0,0,0
"060","2pm",1044.9647,1266.5833,0,0,0
"061","2pm",0,0,0,0,0
"062","2pm",732.69,0,0,0,0
"063","2pm",0,0,0,0,0
"064","2pm",0,0,0,0,0
"065","2pm",937.5678,0,0,0,0
"066","2pm",0,0,0,0,0
"067","2pm",0,0,0,0,0
"068","2pm",737.2362,0,0,0,0
"069","2pm",0,0,0,0,0
"070","2pm",1918.8018,0,0,0,0
"071","2pm",1172.2602,0,0,0,0
"072","2pm",1477.0783,0,0,0,0
"073","2pm",1920.1873,0,0,826.3482,0
"074","2pm",1913.5598,0,0,0,0
"075","2pm",3280.2076,0,0,661.4942,0
"076","2pm",0,0,0,0,0
"077","2pm",0,0,0,0,0
"078","2pm",2263.1907,0,0,0,0
"079","2pm",0,0,0,0,0
"080","2pm",0,0,0,0,0
"001","3pm",2864.4054,1750.8096,0,584.5677,0
"002","3pm",3648.2893,1283.2155,0,2410.3031,0
"003","3pm",4146.5019,1114.7706,0,701.5622,0
"004","3pm",929.268,0,0,0,0
"005","3pm",1149.9143,981.9986,0,0,0
"006","3pm",2270.2815,1938.9698,0,0,0
"007","3pm",1023.6742,488.3024,0,0,0
"008","3pm",0,0,0,0,0
"009","3pm",5966.6149,4045.0473,0,1413.5479,0
"010","3pm",1142.473,0,0,0,0
"011","3pm",3508.4652,0,0,0,0
"012","3pm",808.3012,0,0,0,0
"013","3pm",3615.9225,0,0,0,0
"014","3pm",1738.3989,0,0,0,0
"015","3pm",0,0,0,0,0
"016","3pm",813.6055,0,0,0,0
"017","3pm",2694.0956,1343.5691,0,0,0
"018","3pm",2238.7878,0,0,0,0
"019","3pm",3389.4942,1437.9598,0,0,0
"020","3pm",1143.4593,0,0,0,0
"021","3pm",0,0,0,0,0
"022","3pm",5303.9079,1865.9552,0,1109.9942,0
"023","3pm",5104.2358,1547.5627,0,0,0
"024","3pm",1364.6608,0,0,0,0
"025","3pm",4221.5779,11177.1841,0,0,0
"026","3pm",1438.6305,0,0,0,0
"027","3pm",8319.4963,0,0,0,0
"028","3pm",6635.2355,3288.4966,0,1377.896,0
"029","3pm",2752.4778,0,0,0,0
"030","3pm",1063.9578,891.2584,0,0,0
"031","3pm",650.8619,0,0,0,0
"032","3pm",4737.781,0,0,588.5014,0
"033","3pm",3007.2707,1501.142,0,775.1739,0
"034","3pm",1454.814,0,0,0,0
"035","3pm",3349.0102,0,0,635.5401,0
"036","3pm",1009.9325,0,0,716.974,0
"037","3pm",1573.1677,0,0,0,0
"038","3pm",0,0,0,451.7574,0
"039","3pm",776.0452,0,0,0,0
"040","3pm",2203.3659,0,0,0,0
"041","3pm",1792.8384,0,0,0,0
"042","3pm",0,0,0,0,0
"043","3pm",2678.2486,0,0,669.1508,0
"044","3pm",853.6349,0,0,0,0
"045","3pm",0,0,0,0,0
"046","3pm",744.9304,0,0,0,0
"047","3pm",1854.1075,0,0,0,0
"048","3pm",0,0,0,0,0
"049","3pm",0,0,0,0,0
"050","3pm",0,0,0,0,0
"051","3pm",0,0,0,0,0
"052","3pm",992.2386,0,0,0,0
"053","3pm",0,0,0,0,0
"054","3pm",1229.2242,0,0,0,0
"055","3pm",0,0,0,0,0
"056","3pm",0,0,0,0,0
"057","3pm",531.8224,0,0,0,0
"058","3pm",0,0,0,0,0
"059","3pm",1246.7028,0,0,0,0
"060","3pm",1271.3532,1266.5833,0,0,0
"061","3pm",0,0,0,0,0
"062","3pm",658.5451,0,0,0,0
"063","3pm",0,0,0,0,0
"064","3pm",0,0,0,0,0
"065","3pm",1157.7043,0,0,0,0
"066","3pm",0,0,0,0,0
"067","3pm",0,0,0,0,0
"068","3pm",0,0,0,0,0
"069","3pm",0,0,0,0,0
"070","3pm",2035.3736,0,0,638.0963,0
"071","3pm",1297.5324,0,0,0,0
"072","3pm",1036.7835,0,0,0,0
"073","3pm",1936.9566,0,0,953.2522,0
"074","3pm",1969.6468,0,0,0,0
"075","3pm",3478.8142,0,0,774.4978,0
"076","3pm",0,0,0,0,0
"077","3pm",0,0,0,0,0
"078","3pm",2118.4854,0,0,0,0
"079","3pm",0,0,0,0,0
"080","3pm",0,0,0,0,0
"001","4pm",2653.0308,1829.709,0,611.5021,0
"002","4pm",2790.6894,1111.4236,0,1574.8054,0
"003","4pm",3224.7663,994.8498,0,694.3569,0
"004","4pm",776.3295,0,0,0,0
"005","4pm",892.9298,0,0,0,0
"006","4pm",1752.2978,1330.2354,0,0,0
"007","4pm",968.2975,506.2939,0,0,0
"008","4pm",0,0,0,0,0
"009","4pm",5049.5668,2777.308,0,1049.9944,0
"010","4pm",1233.0077,0,0,0,0
"011","4pm",2929.1888,0,0,0,0
"012","4pm",608.622,0,0,0,0
"013","4pm",3074.8207,0,0,0,0
"014","4pm",1320.2905,0,0,0,0
"015","4pm",0,0,0,0,0
"016","4pm",670.2651,0,0,0,0
"017","4pm",2530.3514,1108.9434,0,0,0
"018","4pm",1652.3398,0,0,0,0
"019","4pm",3285.0445,1005.6305,0,0,0
"020","4pm",0,0,0,0,0
"021","4pm",0,0,0,0,0
"022","4pm",4543.7707,1522.7826,0,807.5773,0
"023","4pm",3681.2744,1473.4694,0,0,0
"024","4pm",1112.1349,0,0,0,0
"025","4pm",3800.2867,9317.8625,0,0,0
"026","4pm",1795.1968,0,0,0,0
"027","4pm",7834.3152,0,0,0,0
"028","4pm",5517.7431,2282.9003,0,981.0645,0
"029","4pm",2152.3168,0,0,0,0
"030","4pm",1096.4976,0,0,0,0
"031","4pm",665.7894,0,0,0,0
"032","4pm",4553.0916,0,0,599.3345,0
"033","4pm",2640.1478,988.9771,0,545.856,0
"034","4pm",1245.1147,0,0,0,0
"035","4pm",2605.1249,0,0,684.4961,0
"036","4pm",1106.1908,0,0,0,0
"037","4pm",1427.9506,0,0,0,0
"038","4pm",0,0,0,583.2602,0
"039","4pm",797.323,0,0,0,0
"040","4pm",2549.799,0,0,0,0
"041","4pm",1432.2399,0,0,0,0
"042","4pm",654.8577,0,0,0,0
"043","4pm",2587.8459,0,0,797.8912,0
"044","4pm",779.467,0,0,0,0
"045","4pm",0,0,0,0,0
"046","4pm",0,0,0,0,0
"047","4pm",1348.9295,0,0,0,0
"048","4pm",0,0,0,0,0
"049","4pm",0,0,0,0,0
"050","4pm",0,0,0,0,0
"051","4pm",0,0,0,0,0
"052","4pm",649.42,0,0,0,0
"053","4pm",0,0,0,0,0
"054","4pm",1060.129,0,0,0,0
"055","4pm",0,0,0,0,0
"056","4pm",0,0,0,0,0
"057","4pm",503.794,0,0,0,0
"058","4pm",0,0,0,0,0
"059","4pm",852.0843,0,0,0,0
"060","4pm",1159.3444,856.2257,0,0,0
"061","4pm",0,0,0,0,0
"062","4pm",0,0,0,0,0
"063","4pm",0,0,0,0,0
"064","4pm",0,0,0,0,0
"065","4pm",939.6719,0,0,0,0
"066","4pm",0,0,0,0,0
"067","4pm",0,0,0,0,0
"068","4pm",0,0,0,0,0
"069","4pm",0,0,0,0,0
"070","4pm",1439.5174,0,0,610.161,0
"071","4pm",1148.6994,0,0,0,0
"072","4pm",0,0,0,0,0
"073","4pm",2223.1131,0,0,0,0
"074","4pm",1426.9293,0,0,0,0
"075","4pm",3246.608,0,0,0,0
"076","4pm",0,0,0,0,0
"077","4pm",0,0,0,0,0
"078","4pm",1423.1227,0,0,0,0
"079","4pm",0,0,0,0,0
"080","4pm",0,0,0,0,0
"001","5pm",1546.4807,1565.1623,0,0,0
"002","5pm",2166.4373,1173.3688,0,950.0033,0
"003","5pm",2572.0932,913.9635,0,729.2106,0
"004","5pm",0,0,0,0,0
"005","5pm",682.7321,0,0,0,0
"006","5pm",1261.7366,1195.524,0,0,0
"007","5pm",620.7504,794.9278,0,0,0
"008","5pm",0,0,0,0,0
"009","5pm",4456.7688,1512.0451,0,548.7005,0
"010","5pm",0,0,0,0,0
"011","5pm",1549.0109,0,0,0,0
"012","5pm",0,0,0,0,0
"013","5pm",1840.9618,0,0,0,0
"014","5pm",1199.9613,0,0,0,0
"015","5pm",0,0,0,0,0
"016","5pm",0,0,0,0,0
"017","5pm",1585.6391,0,0,0,0
"018","5pm",1010.2773,0,0,0,0
"019","5pm",2047.317,0,0,0,0
"020","5pm",0,0,0,0,0
"021","5pm",0,0,0,0,0
"022","5pm",2949.4601,1147.0156,0,546.5769,0
"023","5pm",2248.3251,907.7005,0,0,0
"024","5pm",818.2919,0,0,0,0
"025","5pm",2317.3804,6211.5427,0,0,0
"026","5pm",965.0983,0,0,0,0
"027","5pm",5120.5355,0,0,0,0
"028","5pm",3924.2703,1835.7548,0,579.951,0
"029","5pm",1213.209,0,0,0,0
"030","5pm",0,0,0,0,0
"031","5pm",0,0,0,0,0
"032","5pm",2752.7791,0,0,0,0
"033","5pm",2081.7128,0,0,0,0
"034","5pm",750.3985,0,0,0,0
"035","5pm",1909.5241,0,0,0,0
"036","5pm",862.5953,0,0,0,0
"037","5pm",808.7548,0,0,0,0
"038","5pm",688.7804,0,0,0,0
"039","5pm",676.1121,0,0,0,0
"040","5pm",1680.1385,0,0,0,0
"041","5pm",761.8793,0,0,0,0
"042","5pm",547.0095,0,0,0,0
"043","5pm",1706.3314,0,0,657.2292,0
"044","5pm",0,0,0,0,0
"045","5pm",0,0,0,0,0
"046","5pm",0,0,0,0,0
"047","5pm",0,0,0,0,0
"048","5pm",0,0,0,0,0
"049","5pm",0,0,0,0,0
"050","5pm",0,0,0,0,0
"051","5pm",0,0,0,0,0
"052","5pm",0,0,0,0,0
"053","5pm",0,0,0,0,0
"054","5pm",0,0,0,0,0
"055","5pm",0,0,0,0,0
"056","5pm",0,0,0,0,0
"057","5pm",0,0,0,0,0
"058","5pm",0,0,0,0,0
"059","5pm",0,0,0,0,0
"060","5pm",870.1335,0,0,0,0
"061","5pm",0,0,0,0,0
"062","5pm",0,0,0,0,0
"063","5pm",0,0,0,0,0
"064","5pm",0,0,0,0,0
"065","5pm",1050.6176,0,0,0,0
"066","5pm",0,0,0,0,0
"067","5pm",0,0,0,0,0
"068","5pm",0,0,0,0,0
"069","5pm",0,0,0,0,0
"070","5pm",1149.9488,0,0,0,0
"071","5pm",759.5424,0,0,0,0
"072","5pm",0,0,0,0,0
"073","5pm",1637.8492,0,0,0,0
"074","5pm",1235.6032,0,0,0,0
"075","5pm",1963.0882,0,0,0,0
"076","5pm",0,0,0,0,0
"077","5pm",0,0,0,0,0
"078","5pm",783.9327,0,0,0,0
"079","5pm",0,0,0,0,0
"080","5pm",0,0,0,0,0
"001","6pm",1424.9643,1400.702,0,0,0
"002","6pm",2133.1656,1179.8369,0,0,0
"003","6pm",1539.9678,599.3737,0,702.555,0
"004","6pm",0,0,0,0,0
"005","6pm",0,0,0,0,0
"006","6pm",1021.4765,711.7785,0,0,0
"007","6pm",659.8914,1090.468,0,0,0
"008","6pm",0,0,0,0,0
"009","6pm",3312.101,888.7132,0,0,0
"010","6pm",0,0,0,0,0
"011","6pm",977.9142,0,0,0,0
"012","6pm",0,0,0,0,0
"013","6pm",1205.1874,0,0,0,0
"014","6pm",0,0,0,0,0
"015","6pm",0,0,0,0,0
"016","6pm",0,0,0,0,0
"017","6pm",1094.98,0,0,0,0
"018","6pm",0,0,0,0,0
"019","6pm",828.8838,0,0,0,0
"020","6pm",0,0,0,0,0
"021","6pm",0,0,0,0,0
"022","6pm",2261.6081,773.982,0,0,0
"023","6pm",1215.6843,0,0,0,0
"024","6pm",697.8577,0,0,0,0
"025","6pm",689.3282,2922.382,0,0,0
"026","6pm",601.3717,0,0,0,0
"027","6pm",2027.5016,0,0,0,0
"028","6pm",3290.4787,1172.4214,0,0,0
"029","6pm",909.6205,0,0,0,0
"030","6pm",0,0,0,0,0
"031","6pm",0,0,0,0,0
"032","6pm",1760.7673,0,0,0,0
"033","6pm",2071.2855,0,0,0,0
"034","6pm",0,0,0,0,0
"035","6pm",1480.5755,0,0,0,0
"036","6pm",0,0,0,0,0
"037","6pm",0,0,0,0,0
"038","6pm",0,0,0,0,0
"039","6pm",0,0,0,0,0
"040","6pm",1222.684,0,0,0,0
"041","6pm",0,0,0,0,0
"042","6pm",0,0,0,0,0
"043","6pm",1691.5813,0,0,0,0
"044","6pm",0,0,0,0,0
"045","6pm",0,0,0,0,0
"046","6pm",0,0,0,0,0
"047","6pm",0,0,0,0,0
"048","6pm",0,0,0,0,0
"049","6pm",0,0,0,0,0
"050","6pm",0,0,0,0,0
"051","6pm",0,0,0,0,0
"052","6pm",0,0,0,0,0
"053","6pm",0,0,0,0,0
"054","6pm",0,0,0,0,0
"055","6pm",0,0,0,0,0
"056","6pm",0,0,0,0,0
"057","6pm",0,0,0,0,0
"058","6pm",0,0,0,0,0
"059","6pm",0,0,0,0,0
"060","6pm",0,0,0,0,0
"061","6pm",0,0,0,0,0
"062","6pm",0,0,0,0,0
"063","6pm",0,0,0,0,0
"064","6pm",0,0,0,0,0
"065","6pm",0,0,0,0,0
"066","6pm",0,0,0,0,0
"067","6pm",0,0,0,0,0
"068","6pm",0,0,0,0,0
"069","6pm",0,0,0,0,0
"070","6pm",1330.0573,0,0,0,0
"071","6pm",0,0,0,0,0
"072","6pm",0,0,0,0,0
"073","6pm",1363.1846,0,0,0,0
"074","6pm",0,0,0,0,0
"075","6pm",1452.3566,0,0,0,0
"076","6pm",0,0,0,0,0
"077","6pm",0,0,0,0,0
"078","6pm",0,0,0,0,0
"079","6pm",0,0,0,0,0
"080","6pm",0,0,0,0,0
"001","7pm",839.3489,993.6528,0,0,0
"002","7pm",2047.5011,1112.2187,0,0,0
"003","7pm",847.4302,644.9723,0,0,0
"004","7pm",0,0,0,0,0
"005","7pm",0,0,0,0,0
"006","7pm",0,565.033,0,0,0
"007","7pm",571.7736,744.631,0,0,0
"008","7pm",0,0,0,0,0
"009","7pm",2178.8985,692.1299,0,0,0
"010","7pm",0,0,0,0,0
"011","7pm",0,0,0,0,0
"012","7pm",0,0,0,0,0
"013","7pm",0,0,0,0,0
"014","7pm",0,0,0,0,0
"015","7pm",0,0,0,0,0
"016","7pm",0,0,0,0,0
"017","7pm",846.3199,0,0,0,0
"018","7pm",0,0,0,0,0
"019","7pm",0,0,0,0,0
"020","7pm",0,0,0,0,0
"021","7pm",0,0,0,0,0
"022","7pm",1376.0902,0,0,0,0
"023","7pm",0,0,0,0,0
"024","7pm",0,0,0,0,0
"025","7pm",0,1487.2117,0,0,0
"026","7pm",0,0,0,0,0
"027","7pm",1100.3956,0,0,0,0
"028","7pm",2477.0044,647.7768,0,0,0
"029","7pm",0,0,0,0,0
"030","7pm",0,0,0,0,0
"031","7pm",0,0,0,0,0
"032","7pm",1114.7773,0,0,0,0
"033","7pm",1471.3662,0,0,0,0
"034","7pm",0,0,0,0,0
"035","7pm",792.9076,0,0,0,0
"036","7pm",0,0,0,0,0
"037","7pm",0,0,0,0,0
"038","7pm",0,0,0,0,0
"039","7pm",0,0,0,0,0
"040","7pm",0,0,0,0,0
"041","7pm",0,0,0,0,0
"042","7pm",0,0,0,0,0
"043","7pm",759.4041,0,0,0,0
"044","7pm",0,0,0,0,0
"045","7pm",0,0,0,0,0
"046","7pm",0,0,0,0,0
"047","7pm",0,0,0,0,0
"048","7pm",0,0,0,0,0
"049","7pm",0,0,0,0,0
"050","7pm",0,0,0,0,0
"051","7pm",0,0,0,0,0
"052","7pm",0,0,0,0,0
"053","7pm",0,0,0,0,0
"054","7pm",0,0,0,0,0
"055","7pm",0,0,0,0,0
"056","7pm",0,0,0,0,0
"057","7pm",0,0,0,0,0
"058","7pm",0,0,0,0,0
"059","7pm",0,0,0,0,0
"060","7pm",0,0,0,0,0
"061","7pm",0,0,0,0,0
"062","7pm",0,0,0,0,0
"063","7pm",0,0,0,0,0
"064","7pm",0,0,0,0,0
"065","7pm",0,0,0,0,0
"066","7pm",0,0,0,0,0
"067","7pm",0,0,0,0,0
"068","7pm",0,0,0,0,0
"069","7pm",0,0,0,0,0
"070","7pm",0,0,0,0,0
"071","7pm",0,0,0,0,0
"072","7pm",0,0,0,0,0
"073","7pm",0,0,0,0,0
"074","7pm",0,0,0,0,0
"075","7pm",0,0,0,0,0
"076","7pm",0,0,0,0,0
"077","7pm",0,0,0,0,0
"078","7pm",0,0,0,0,0
"079","7pm",0,0,0,0,0
"080","7pm",0,0,0,0,0
"001","8pm",1073.5248,0,0,0,0
"002","8pm",1974.8782,1453.1986,0,0,0
"003","8pm",976.2909,0,0,0,0
"004","8pm",0,0,0,0,0
"005","8pm",0,0,0,0,0
"006","8pm",868.3512,0,0,0,0
"007","8pm",0,586.0983,0,0,0
"008","8pm",0,0,0,0,0
"009","8pm",1034.7502,0,0,0,0
"010","8pm",0,0,0,0,0
"011","8pm",0,0,0,0,0
"012","8pm",0,0,0,0,0
"013","8pm",0,0,0,0,0
"014","8pm",0,0,0,0,0
"015","8pm",0,0,0,0,0
"016","8pm",0,0,0,0,0
"017","8pm",0,0,0,0,0
"018","8pm",0,0,0,0,0
"019","8pm",0,0,0,0,0
"020","8pm",0,0,0,0,0
"021","8pm",0,0,0,0,0
"022","8pm",1050.0087,0,0,0,0
"023","8pm",0,0,0,0,0
"024","8pm",0,0,0,0,0
"025","8pm",0,745.6367,0,0,0
"026","8pm",0,0,0,0,0
"027","8pm",780.1008,0,0,0,0
"028","8pm",1981.0902,0,0,0,0
"029","8pm",0,0,0,0,0
"030","8pm",0,0,0,0,0
"031","8pm",0,0,0,0,0
"032","8pm",0,0,0,0,0
"033","8pm",1244.4153,0,0,0,0
"034","8pm",0,0,0,0,0
"035","8pm",0,0,0,0,0
"036","8pm",0,0,0,0,0
"037","8pm",0,0,0,0,0
"038","8pm",0,0,0,0,0
"039","8pm",0,0,0,0,0
"040","8pm",0,0,0,0,0
"041","8pm",0,0,0,0,0
"042","8pm",0,0,0,0,0
"043","8pm",587.8874,0,0,0,0
"044","8pm",0,0,0,0,0
"045","8pm",0,0,0,0,0
"046","8pm",0,0,0,0,0
"047","8pm",0,0,0,0,0
"048","8pm",0,0,0,0,0
"049","8pm",0,0,0,0,0
"050","8pm",0,0,0,0,0
"051","8pm",0,0,0,0,0
"052","8pm",0,0,0,0,0
"053","8pm",0,0,0,0,0
"054","8pm",0,0,0,0,0
"055","8pm",0,0,0,0,0
"056","8pm",0,0,0,0,0
"057","8pm",0,0,0,0,0
"058","8pm",0,0,0,0,0
"059","8pm",0,0,0,0,0
"060","8pm",0,0,0,0,0
"061","8pm",0,0,0,0,0
"062","8pm",0,0,0,0,0
"063","8pm",0,0,0,0,0
"064","8pm",0,0,0,0,0
"065","8pm",0,0,0,0,0
"066","8pm",0,0,0,0,0
"067","8pm",0,0,0,0,0
"068","8pm",0,0,0,0,0
"069","8pm",0,0,0,0,0
"070","8pm",0,0,0,0,0
"071","8pm",0,0,0,0,0
"072","8pm",0,0,0,0,0
"073","8pm",0,0,0,0,0
"074","8pm",0,0,0,0,0
"075","8pm",0,0,0,0,0
"076","8pm",0,0,0,0,0
"077","8pm",0,0,0,0,0
"078","8pm",0,0,0,0,0
"079","8pm",0,0,0,0,0
"080","8pm",0,0,0,0,0
"001","9pm",1039.7528,660.0874,0,0,0
"002","9pm",1746.295,2007.5674,0,0,0
"003","9pm",790.2165,0,0,0,0
"004","9pm",0,0,0,0,0
"005","9pm",0,0,0,0,0
"006","9pm",0,0,0,0,0
"007","9pm",0,670.632,0,0,0
"008","9pm",0,0,0,0,0
"009","9pm",0,0,0,0,0
"010","9pm",0,0,0,0,0
"011","9pm",0,0,0,0,0
"012","9pm",0,0,0,0,0
"013","9pm",0,0,0,0,0
"014","9pm",0,0,0,0,0
"015","9pm",0,0,0,0,0
"016","9pm",0,0,0,0,0
"017","9pm",0,0,0,0,0
"018","9pm",0,0,0,0,0
"019","9pm",0,0,0,0,0
"020","9pm",0,0,0,0,0
"021","9pm",0,0,0,0,0
"022","9pm",0,0,0,0,0
"023","9pm",0,0,0,0,0
"024","9pm",0,0,0,0,0
"025","9pm",0,0,0,0,0
"026","9pm",0,0,0,0,0
"027","9pm",691.2352,0,0,0,0
"028","9pm",1528.7294,0,0,0,0
"029","9pm",0,0,0,0,0
"030","9pm",0,0,0,0,0
"031","9pm",0,0,0,0,0
"032","9pm",0,0,0,0,0
"033","9pm",847.1873,0,0,0,0
"034","9pm",0,0,0,0,0
"035","9pm",0,0,0,0,0
"036","9pm",0,0,0,0,0
"037","9pm",0,0,0,0,0
"038","9pm",0,0,0,0,0
"039","9pm",0,0,0,0,0
"040","9pm",0,0,0,0,0
"041","9pm",0,0,0,0,0
"042","9pm",0,0,0,0,0
"043","9pm",0,0,0,0,0
"044","9pm",0,0,0,0,0
"045","9pm",0,0,0,0,0
"046","9pm",0,0,0,0,0
"047","9pm",0,0,0,0,0
"048","9pm",0,0,0,0,0
"049","9pm",0,0,0,0,0
"050","9pm",0,0,0,0,0
"051","9pm",0,0,0,0,0
"052","9pm",0,0,0,0,0
"053","9pm",0,0,0,0,0
"054","9pm",0,0,0,0,0
"055","9pm",0,0,0,0,0
"056","9pm",0,0,0,0,0
"057","9pm",0,0,0,0,0
"058","9pm",0,0,0,0,0
"059","9pm",0,0,0,0,0
"060","9pm",0,0,0,0,0
"061","9pm",0,0,0,0,0
"062","9pm",0,0,0,0,0
"063","9pm",0,0,0,0,0
"064","9pm",0,0,0,0,0
"065","9pm",0,0,0,0,0
"066","9pm",0,0,0,0,0
"067","9pm",0,0,0,0,0
"068","9pm",0,0,0,0,0
"069","9pm",0,0,0,0,0
"070","9pm",0,0,0,0,0
"071","9pm",0,0,0,0,0
"072","9pm",0,0,0,0,0
"073","9pm",0,0,0,0,0
"074","9pm",0,0,0,0,0
"075","9pm",0,0,0,0,0
"076","9pm",0,0,0,0,0
"077","9pm",0,0,0,0,0
"078","9pm",0,0,0,0,0
"079","9pm",0,0,0,0,0
"080","9pm",0,0,0,0,0
"001","10pm",0,880.8759,0,0,0
"002","10pm",1327.7165,1712.7601,0,0,0
"003","10pm",0,0,0,0,0
"004","10pm",0,0,0,0,0
"005","10pm",0,0,0,0,0
"006","10pm",0,0,0,0,0
"007","10pm",0,610.7192,0,0,0
"008","10pm",0,0,0,0,0
"009","10pm",0,0,0,0,0
"010","10pm",0,0,0,0,0
"011","10pm",0,0,0,0,0
"012","10pm",0,0,0,0,0
"013","10pm",0,0,0,0,0
"014","10pm",0,0,0,0,0
"015","10pm",0,0,0,0,0
"016","10pm",0,0,0,0,0
"017","10pm",0,0,0,0,0
"018","10pm",0,0,0,0,0
"019","10pm",0,0,0,0,0
"020","10pm",0,0,0,0,0
"021","10pm",0,0,0,0,0
"022","10pm",0,0,0,0,0
"023","10pm",0,0,0,0,0
"024","10pm",0,0,0,0,0
"025","10pm",0,0,0,0,0
"026","10pm",0,0,0,0,0
"027","10pm",0,0,0,0,0
"028","10pm",982.0624,0,0,0,0
"029","10pm",0,0,0,0,0
"030","10pm",0,0,0,0,0
"031","10pm",0,0,0,0,0
"032","10pm",0,0,0,0,0
"033","10pm",640.9429,0,0,0,0
"034","10pm",0,0,0,0,0
"035","10pm",0,0,0,0,0
"036","10pm",0,0,0,0,0
"037","10pm",0,0,0,0,0
"038","10pm",0,0,0,0,0
"039","10pm",0,0,0,0,0
"040","10pm",0,0,0,0,0
"041","10pm",0,0,0,0,0
"042","10pm",0,0,0,0,0
"043","10pm",0,0,0,0,0
"044","10pm",0,0,0,0,0
"045","10pm",0,0,0,0,0
"046","10pm",0,0,0,0,0
"047","10pm",0,0,0,0,0
"048","10pm",0,0,0,0,0
"049","10pm",0,0,0,0,0
"050","10pm",0,0,0,0,0
"051","10pm",0,0,0,0,0
"052","10pm",0,0,0,0,0
"053","10pm",0,0,0,0,0
"054","10pm",0,0,0,0,0
"055","10pm",0,0,0,0,0
"056","10pm",0,0,0,0,0
"057","10pm",0,0,0,0,0
"058","10pm",0,0,0,0,0
"059","10pm",0,0,0,0,0
"060","10pm",0,0,0,0,0
"061","10pm",0,0,0,0,0
"062","10pm",0,0,0,0,0
"063","10pm",0,0,0,0,0
"064","10pm",0,0,0,0,0
"065","10pm",0,0,0,0,0
"066","10pm",0,0,0,0,0
"067","10pm",0,0,0,0,0
"068","10pm",0,0,0,0,0
"069","10pm",0,0,0,0,0
"070","10pm",0,0,0,0,0
"071","10pm",0,0,0,0,0
"072","10pm",0,0,0,0,0
"073","10pm",0,0,0,0,0
"074","10pm",0,0,0,0,0
"075","10pm",0,0,0,0,0
"076","10pm",0,0,0,0,0
"077","10pm",0,0,0,0,0
"078","10pm",0,0,0,0,0
"079","10pm",0,0,0,0,0
"080","10pm",0,0,0,0,0
"001","11pm",0,755.9433,0,0,0
"002","11pm",669.8006,1056.2404,0,0,0
"003","11pm",0,0,0,0,0
"004","11pm",0,0,0,0,0
"005","11pm",0,0,0,0,0
"006","11pm",0,0,0,0,0
"007","11pm",0,0,0,0,0
"008","11pm",0,0,0,0,0
"009","11pm",0,0,0,0,0
"010","11pm",0,0,0,0,0
"011","11pm",0,0,0,0,0
"012","11pm",0,0,0,0,0
"013","11pm",0,0,0,0,0
"014","11pm",0,0,0,0,0
"015","11pm",0,0,0,0,0
"016","11pm",0,0,0,0,0
"017","11pm",0,0,0,0,0
"018","11pm",0,0,0,0,0
"019","11pm",0,0,0,0,0
"020","11pm",0,0,0,0,0
"021","11pm",0,0,0,0,0
"022","11pm",0,0,0,0,0
"023","11pm",0,0,0,0,0
"024","11pm",0,0,0,0,0
"025","11pm",0,0,0,0,0
"026","11pm",0,0,0,0,0
"027","11pm",0,0,0,0,0
"028","11pm",0,0,0,0,0
"029","11pm",0,0,0,0,0
"030","11pm",0,0,0,0,0
"031","11pm",0,0,0,0,0
"032","11pm",0,0,0,0,0
"033","11pm",0,0,0,0,0
"034","11pm",0,0,0,0,0
"035","11pm",0,0,0,0,0
"036","11pm",0,0,0,0,0
"037","11pm",0,0,0,0,0
"038","11pm",0,0,0,0,0
"039","11pm",0,0,0,0,0
"040","11pm",0,0,0,0,0
"041","11pm",0,0,0,0,0
"042","11pm",0,0,0,0,0
"043","11pm",0,0,0,0,0
"044","11pm",0,0,0,0,0
"045","11pm",0,0,0,0,0
"046","11pm",0,0,0,0,0
"047","11pm",0,0,0,0,0
"048","11pm",0,0,0,0,0
"049","11pm",0,0,0,0,0
"050","11pm",0,0,0,0,0
"051","11pm",0,0,0,0,0
"052","11pm",0,0,0,0,0
"053","11pm",0,0,0,0,0
"054","11pm",0,0,0,0,0
"055","11pm",0,0,0,0,0
"056","11pm",0,0,0,0,0
"057","11pm",0,0,0,0,0
"058","11pm",0,0,0,0,0
"059","11pm",0,0,0,0,0
"060","11pm",0,0,0,0,0
"061","11pm",0,0,0,0,0
"062","11pm",0,0,0,0,0
"063","11pm",0,0,0,0,0
"064","11pm",0,0,0,0,0
"065","11pm",0,0,0,0,0
"066","11pm",0,0,0,0,0
"067","11pm",0,0,0,0,0
"068","11pm",0,0,0,0,0
"069","11pm",0,0,0,0,0
"070","11pm",0,0,0,0,0
"071","11pm",0,0,0,0,0
"072","11pm",0,0,0,0,0
"073","11pm",0,0,0,0,0
"074","11pm",0,0,0,0,0
"075","11pm",0,0,0,0,0
"076","11pm",0,0,0,0,0
"077","11pm",0,0,0,0,0
"078","11pm",0,0,0,0,0
"079","11pm",0,0,0,0,0
"080","11pm",0,0,0,0,0
"001","12pm",0,0,0,0,0
"002","12pm",0,755.2318,0,0,0
"003","12pm",0,0,0,0,0
"004","12pm",0,0,0,0,0
"005","12pm",0,0,0,0,0
"006","12pm",0,0,0,0,0
"007","12pm",0,0,0,0,0
"008","12pm",0,0,0,0,0
"009","12pm",0,0,0,0,0
"010","12pm",0,0,0,0,0
"011","12pm",0,0,0,0,0
"012","12pm",0,0,0,0,0
"013","12pm",0,0,0,0,0
"014","12pm",0,0,0,0,0
"015","12pm",0,0,0,0,0
"016","12pm",0,0,0,0,0
"017","12pm",0,0,0,0,0
"018","12pm",0,0,0,0,0
"019","12pm",0,0,0,0,0
"020","12pm",0,0,0,0,0
"021","12pm",0,0,0,0,0
"022","12pm",0,0,0,0,0
"023","12pm",0,0,0,0,0
"024","12pm",0,0,0,0,0
"025","12pm",0,0,0,0,0
"026","12pm",0,0,0,0,0
"027","12pm",0,0,0,0,0
"028","12pm",0,0,0,0,0
"029","12pm",0,0,0,0,0
"030","12pm",0,0,0,0,0
"031","12pm",0,0,0,0,0
"032","12pm",0,0,0,0,0
"033","12pm",0,0,0,0,0
"034","12pm",0,0,0,0,0
"035","12pm",0,0,0,0,0
"036","12pm",0,0,0,0,0
"037","12pm",0,0,0,0,0
"038","12pm",0,0,0,0,0
"039","12pm",0,0,0,0,0
"040","12pm",0,0,0,0,0
"041","12pm",0,0,0,0,0
"042","12pm",0,0,0,0,0
"043","12pm",0,0,0,0,0
"044","12pm",0,0,0,0,0
"045","12pm",0,0,0,0,0
"046","12pm",0,0,0,0,0
"047","12pm",0,0,0,0,0
"048","12pm",0,0,0,0,0
"049","12pm",0,0,0,0,0
"050","12pm",0,0,0,0,0
"051","12pm",0,0,0,0,0
"052","12pm",0,0,0,0,0
"053","12pm",0,0,0,0,0
"054","12pm",0,0,0,0,0
"055","12pm",0,0,0,0,0
"056","12pm",0,0,0,0,0
"057","12pm",0,0,0,0,0
"058","12pm",0,0,0,0,0
"059","12pm",0,0,0,0,0
"060","12pm",0,0,0,0,0
"061","12pm",0,0,0,0,0
"062","12pm",0,0,0,0,0
"063","12pm",0,0,0,0,0
"064","12pm",0,0,0,0,0
"065","12pm",0,0,0,0,0
"066","12pm",0,0,0,0,0
"067","12pm",0,0,0,0,0
"068","12pm",0,0,0,0,0
"069","12pm",0,0,0,0,0
"070","12pm",0,0,0,0,0
"071","12pm",0,0,0,0,0
"072","12pm",0,0,0,0,0
"073","12pm",0,0,0,0,0
"074","12pm",0,0,0,0,0
"075","12pm",0,0,0,0,0
"076","12pm",0,0,0,0,0
"077","12pm",0,0,0,0,0
"078","12pm",0,0,0,0,0
"079","12pm",0,0,0,0,0
"080","12pm",0,0,0,0,0
"001","1am",0,0,0,0,0
"002","1am",0,0,0,0,0
"003","1am",0,0,0,0,0
"004","1am",0,0,0,0,0
"005","1am",0,0,0,0,0
"006","1am",0,0,0,0,0
"007","1am",0,0,0,0,0
"008","1am",0,0,0,0,0
"009","1am",0,0,0,0,0
"010","1am",0,0,0,0,0
"011","1am",0,0,0,0,0
"012","1am",0,0,0,0,0
"013","1am",0,0,0,0,0
"014","1am",0,0,0,0,0
"015","1am",0,0,0,0,0
"016","1am",0,0,0,0,0
"017","1am",0,0,0,0,0
"018","1am",0,0,0,0,0
"019","1am",0,0,0,0,0
"020","1am",0,0,0,0,0
"021","1am",0,0,0,0,0
"022","1am",0,0,0,0,0
"023","1am",0,0,0,0,0
"024","1am",0,0,0,0,0
"025","1am",0,0,0,0,0
"026","1am",0,0,0,0,0
"027","1am",0,0,0,0,0
"028","1am",0,0,0,0,0
"029","1am",0,0,0,0,0
"030","1am",0,0,0,0,0
"031","1am",0,0,0,0,0
"032","1am",0,0,0,0,0
"033","1am",0,0,0,0,0
"034","1am",0,0,0,0,0
"035","1am",0,0,0,0,0
"036","1am",0,0,0,0,0
"037","1am",0,0,0,0,0
"038","1am",0,0,0,0,0
"039","1am",0,0,0,0,0
"040","1am",0,0,0,0,0
"041","1am",0,0,0,0,0
"042","1am",0,0,0,0,0
"043","1am",0,0,0,0,0
"044","1am",0,0,0,0,0
"045","1am",0,0,0,0,0
"046","1am",0,0,0,0,0
"047","1am",0,0,0,0,0
"048","1am",0,0,0,0,0
"049","1am",0,0,0,0,0
"050","1am",0,0,0,0,0
"051","1am",0,0,0,0,0
"052","1am",0,0,0,0,0
"053","1am",0,0,0,0,0
"054","1am",0,0,0,0,0
"055","1am",0,0,0,0,0
"056","1am",0,0,0,0,0
"057","1am",0,0,0,0,0
"058","1am",0,0,0,0,0
"059","1am",0,0,0,0,0
"060","1am",0,0,0,0,0
"061","1am",0,0,0,0,0
"062","1am",0,0,0,0,0
"063","1am",0,0,0,0,0
"064","1am",0,0,0,0,0
"065","1am",0,0,0,0,0
"066","1am",0,0,0,0,0
"067","1am",0,0,0,0,0
"068","1am",0,0,0,0,0
"069","1am",0,0,0,0,0
"070","1am",0,0,0,0,0
"071","1am",0,0,0,0,0
"072","1am",0,0,0,0,0
"073","1am",0,0,0,0,0
"074","1am",0,0,0,0,0
"075","1am",0,0,0,0,0
"076","1am",0,0,0,0,0
"077","1am",0,0,0,0,0
"078","1am",0,0,0,0,0
"079","1am",0,0,0,0,0
"080","1am",0,0,0,0,0
"001","2am",0,0,0,0,0
"002","2am",0,0,0,0,0
"003","2am",0,0,0,0,0
"004","2am",0,0,0,0,0
"005","2am",0,0,0,0,0
"006","2am",0,0,0,0,0
"007","2am",0,0,0,0,0
"008","2am",0,0,0,0,0
"009","2am",0,0,0,0,0
"010","2am",0,0,0,0,0
"011","2am",0,0,0,0,0
"012","2am",0,0,0,0,0
"013","2am",0,0,0,0,0
"014","2am",0,0,0,0,0
"015","2am",0,0,0,0,0
"016","2am",0,0,0,0,0
"017","2am",0,0,0,0,0
"018","2am",0,0,0,0,0
"019","2am",0,0,0,0,0
"020","2am",0,0,0,0,0
"021","2am",0,0,0,0,0
"022","2am",0,0,0,0,0
"023","2am",0,0,0,0,0
"024","2am",0,0,0,0,0
"025","2am",0,0,0,0,0
"026","2am",0,0,0,0,0
"027","2am",0,0,0,0,0
"028","2am",0,0,0,0,0
"029","2am",0,0,0,0,0
"030","2am",0,0,0,0,0
"031","2am",0,0,0,0,0
"032","2am",0,0,0,0,0
"033","2am",0,0,0,0,0
"034","2am",0,0,0,0,0
"035","2am",0,0,0,0,0
"036","2am",0,0,0,0,0
"037","2am",0,0,0,0,0
"038","2am",0,0,0,0,0
"039","2am",0,0,0,0,0
"040","2am",0,0,0,0,0
"041","2am",0,0,0,0,0
"042","2am",0,0,0,0,0
"043","2am",0,0,0,0,0
"044","2am",0,0,0,0,0
"045","2am",0,0,0,0,0
"046","2am",0,0,0,0,0
"047","2am",0,0,0,0,0
"048","2am",0,0,0,0,0
"049","2am",0,0,0,0,0
"050","2am",0,0,0,0,0
"051","2am",0,0,0,0,0
"052","2am",0,0,0,0,0
"053","2am",0,0,0,0,0
"054","2am",0,0,0,0,0
"055","2am",0,0,0,0,0
"056","2am",0,0,0,0,0
"057","2am",0,0,0,0,0
"058","2am",0,0,0,0,0
"059","2am",0,0,0,0,0
"060","2am",0,0,0,0,0
"061","2am",0,0,0,0,0
"062","2am",0,0,0,0,0
"063","2am",0,0,0,0,0
"064","2am",0,0,0,0,0
"065","2am",0,0,0,0,0
"066","2am",0,0,0,0,0
"067","2am",0,0,0,0,0
"068","2am",0,0,0,0,0
"069","2am",0,0,0,0,0
"070","2am",0,0,0,0,0
"071","2am",0,0,0,0,0
"072","2am",0,0,0,0,0
"073","2am",0,0,0,0,0
"074","2am",0,0,0,0,0
"075","2am",0,0,0,0,0
"076","2am",0,0,0,0,0
"077","2am",0,0,0,0,0
"078","2am",0,0,0,0,0
"079","2am",0,0,0,0,0
"080","2am",0,0,0,0,0
"001","3am",0,0,0,0,0
"002","3am",0,0,0,0,0
"003","3am",0,0,0,0,0
"004","3am",0,0,0,0,0
"005","3am",0,0,0,0,0
"006","3am",0,0,0,0,0
"007","3am",0,0,0,0,0
"008","3am",0,0,0,0,0
"009","3am",0,0,0,0,0
"010","3am",0,0,0,0,0
"011","3am",0,0,0,0,0
"012","3am",0,0,0,0,0
"013","3am",0,0,0,0,0
"014","3am",0,0,0,0,0
"015","3am",0,0,0,0,0
"016","3am",0,0,0,0,0
"017","3am",0,0,0,0,0
"018","3am",0,0,0,0,0
"019","3am",0,0,0,0,0
"020","3am",0,0,0,0,0
"021","3am",0,0,0,0,0
"022","3am",0,0,0,0,0
"023","3am",0,0,0,0,0
"024","3am",0,0,0,0,0
"025","3am",0,0,0,0,0
"026","3am",0,0,0,0,0
"027","3am",0,0,0,0,0
"028","3am",0,0,0,0,0
"029","3am",0,0,0,0,0
"030","3am",0,0,0,0,0
"031","3am",0,0,0,0,0
"032","3am",0,0,0,0,0
"033","3am",0,0,0,0,0
"034","3am",0,0,0,0,0
"035","3am",0,0,0,0,0
"036","3am",0,0,0,0,0
"037","3am",0,0,0,0,0
"038","3am",0,0,0,0,0
"039","3am",0,0,0,0,0
"040","3am",0,0,0,0,0
"041","3am",0,0,0,0,0
"042","3am",0,0,0,0,0
"043","3am",0,0,0,0,0
"044","3am",0,0,0,0,0
"045","3am",0,0,0,0,0
"046","3am",0,0,0,0,0
"047","3am",0,0,0,0,0
"048","3am",0,0,0,0,0
"049","3am",0,0,0,0,0
"050","3am",0,0,0,0,0
"051","3am",0,0,0,0,0
"052","3am",0,0,0,0,0
"053","3am",0,0,0,0,0
"054","3am",0,0,0,0,0
"055","3am",0,0,0,0,0
"056","3am",0,0,0,0,0
"057","3am",0,0,0,0,0
"058","3am",0,0,0,0,0
"059","3am",0,0,0,0,0
"060","3am",0,0,0,0,0
"061","3am",0,0,0,0,0
"062","3am",0,0,0,0,0
"063","3am",0,0,0,0,0
"064","3am",0,0,0,0,0
"065","3am",0,0,0,0,0
"066","3am",0,0,0,0,0
"067","3am",0,0,0,0,0
"068","3am",0,0,0,0,0
"069","3am",0,0,0,0,0
"070","3am",0,0,0,0,0
"071","3am",0,0,0,0,0
"072","3am",0,0,0,0,0
"073","3am",0,0,0,0,0
"074","3am",0,0,0,0,0
"075","3am",0,0,0,0,0
"076","3am",0,0,0,0,0
"077","3am",0,0,0,0,0
"078","3am",0,0,0,0,0
"079","3am",0,0,0,0,0
"080","3am",0,0,0,0,0
