"hour";"001";"002";"003";"004";"005";"006";"007";"008";"009";"010";"011";"012";"013";"014";"015";"016";"017";"018";"019";"020";"021";"022";"023";"024";"025";"026";"027";"028";"029";"030";"031";"032";"033";"034";"035";"036";"037";"038";"039";"040";"041";"042";"043";"044";"045";"046";"047";"048";"049";"050";"051";"052";"053";"054";"055";"056";"057";"058";"059";"060";"061";"062";"063";"064";"065";"066";"067";"068";"069";"070";"071";"072";"073";"074";"075";"076";"077";"078";"079";"080"
"min";"1790.24815";"1790.24815";"1790.24815";"1790.24815";"1790.24815";"1790.24815";"1790.24815";"1790.24815";"1790.24815";"1790.24815";"1790.24815";"1790.24815";"1790.24815";"1790.24815";"1790.24815";"1790.24815";"1790.24815";"1790.24815";"1790.24815";"1790.24815";"1790.24815";"1790.24815";"1790.24815";"1790.24815";"1790.24815";"1790.24815";"1790.24815";"1790.24815";"1790.24815";"1790.24815";"1790.24815";"1790.24815";"1790.24815";"1790.24815";"1790.24815";"1790.24815";"1790.24815";"1790.24815";"1790.24815";"1790.24815";"1790.24815";"1790.24815";"1790.24815";"1790.24815";"1790.24815";"1790.24815";"1790.24815";"1790.24815";"1790.24815";"1790.24815";"1790.24815";"1790.24815";"1790.24815";"1790.24815";"1790.24815";"1790.24815";"1790.24815";"1790.24815";"1790.24815";"1790.24815";"1790.24815";"1790.24815";"1790.24815";"1790.24815";"1790.24815";"1790.24815";"1790.24815";"1790.24815";"1790.24815";"1790.24815";"1790.24815";"1790.24815";"1790.24815";"1790.24815";"1790.24815";"1790.24815";"1790.24815";"1790.24815";"1790.24815";"1790.24815"
"max";"22159.95896";"22159.95896";"22159.95896";"22159.95896";"22159.95896";"22159.95896";"22159.95896";"22159.95896";"22159.95896";"22159.95896";"22159.95896";"22159.95896";"22159.95896";"22159.95896";"22159.95896";"22159.95896";"22159.95896";"22159.95896";"22159.95896";"22159.95896";"22159.95896";"22159.95896";"22159.95896";"22159.95896";"22159.95896";"22159.95896";"22159.95896";"22159.95896";"22159.95896";"22159.95896";"22159.95896";"22159.95896";"22159.95896";"22159.95896";"22159.95896";"22159.95896";"22159.95896";"22159.95896";"22159.95896";"22159.95896";"22159.95896";"22159.95896";"22159.95896";"22159.95896";"22159.95896";"22159.95896";"22159.95896";"22159.95896";"22159.95896";"22159.95896";"22159.95896";"22159.95896";"22159.95896";"22159.95896";"22159.95896";"22159.95896";"22159.95896";"22159.95896";"22159.95896";"22159.95896";"22159.95896";"22159.95896";"22159.95896";"22159.95896";"22159.95896";"22159.95896";"22159.95896";"22159.95896";"22159.95896";"22159.95896";"22159.95896";"22159.95896";"22159.95896";"22159.95896";"22159.95896";"22159.95896";"22159.95896";"22159.95896";"22159.95896";"22159.95896"
"4am";" 6265.823";" 3876.579";"12493.290";" 5506.658";" 5504.617";"11701.632";" 7617.082";" 3248.649";" 8638.405";" 6064.199";" 7604.790";" 8805.918";" 7152.429";"11035.140";" 4857.251";" 5371.801";" 7390.908";"11238.531";" 6100.544";" 7165.275";" 5544.428";"14874.806";" 6455.173";" 6412.549";" 7463.253";" 8223.718";" 6218.226";" 9300.534";" 7180.447";" 4664.033";" 8184.767";" 7229.232";"10739.554";" 2462.510";" 6875.304";" 6496.377";" 8961.472";" 5900.812";" 5243.505";"10893.595";" 5991.853";" 3769.254";" 6793.444";" 4880.045";" 6286.507";" 6118.830";" 6969.815";" 6024.581";" 5278.417";" 3091.501";" 3454.092";" 5925.377";" 7643.461";" 7147.927";" 5105.664";" 7353.876";" 3876.466";" 7359.249";"11960.041";" 6766.627";"10271.916";" 9679.522";" 3779.087";" 7656.450";" 7998.919";" 7431.236";"10962.922";" 8162.124";" 4685.399";"11096.396";"10338.054";" 7450.594";"12818.812";"10203.504";"12380.987";" 6359.038";" 9179.527";" 9551.610";"10746.258";" 7922.624"
"5am";" 6358.710";" 3915.280";"12676.141";" 5477.334";" 5504.617";"11701.632";" 7640.682";" 3234.029";" 9002.785";" 5936.582";" 7683.992";" 8672.039";" 7367.618";"10891.845";" 4813.484";" 5270.763";" 7444.761";"11079.984";" 6100.544";" 6999.184";" 5513.210";"15047.461";" 6688.989";" 6386.846";" 7506.759";" 8223.718";" 6111.399";" 9273.896";" 7363.669";" 4664.033";" 8074.261";" 7273.763";"10778.154";" 2493.358";" 7073.762";" 6557.361";" 8907.449";" 5870.816";" 5209.870";"10955.076";" 5991.853";" 3725.721";" 6822.482";" 4857.331";" 6202.957";" 6206.619";" 6674.619";" 6024.581";" 5381.806";" 3073.866";" 3367.600";" 5886.849";" 7643.461";" 7068.397";" 5008.062";" 7244.110";" 3925.155";" 7186.012";"11958.179";" 6908.863";"10122.444";" 9654.135";" 3679.576";" 7656.450";" 7945.582";" 7431.236";"10644.226";" 7954.266";" 4535.786";"11382.014";"10156.630";" 7301.100";"12690.418";" 9943.672";"12445.099";" 6325.006";" 9129.381";" 9474.999";"10746.258";" 7806.339"
"6am";" 6445.498";" 3876.012";"12974.510";" 5404.389";" 5453.007";"11381.460";" 7618.037";" 3198.049";" 9316.480";" 5832.961";" 7777.660";" 8563.729";" 7696.928";"10755.216";" 4672.921";" 5453.328";" 7278.643";"11063.476";" 6051.720";" 6712.200";" 5364.267";"15887.000";" 6654.855";" 6100.229";" 7583.785";" 8072.608";" 6204.202";" 9527.547";" 7100.257";" 4761.100";" 8120.159";" 7676.885";"10525.408";" 2476.259";" 7475.835";" 6585.284";" 8567.437";" 5641.084";" 5032.392";"10944.251";" 5879.966";" 3635.065";" 6834.193";" 4625.764";" 6017.373";" 5918.650";" 6587.075";" 5486.656";" 5158.288";" 3041.430";" 3224.792";" 5445.627";" 7088.186";" 6977.152";" 4777.283";" 7244.110";" 3851.322";" 7253.544";"10796.630";" 6716.979";" 9484.231";" 9099.653";" 3530.597";" 7408.015";" 7481.678";" 6963.177";"10725.790";" 7785.939";" 4365.112";"11723.897";" 9848.168";" 7267.391";"11862.450";"10176.980";"12371.579";" 5770.391";" 8820.462";" 9171.283";"10704.811";" 7357.709"
"7am";" 7218.092";" 3717.344";"13217.036";" 5178.981";" 5548.911";"11504.444";" 6498.298";" 2826.796";"11992.515";" 5361.425";" 7852.497";" 7703.854";" 7258.003";" 8417.600";" 3829.734";" 4668.275";" 7982.211";"10424.886";" 7050.204";" 6180.031";" 4609.589";"15450.401";" 7718.798";" 5963.086";"12436.409";" 6747.831";" 7196.142";" 9935.454";" 7253.119";" 4992.968";" 6894.490";" 8286.949";"10291.887";" 2701.310";" 8147.109";" 6019.522";" 8026.468";" 4373.381";" 4344.009";" 9952.519";" 5246.272";" 3012.460";" 6620.917";" 4113.526";" 5282.354";" 4774.499";" 6101.413";" 5080.257";" 4373.040";" 2635.340";" 2715.386";" 4351.800";" 5383.882";" 5913.395";" 4296.012";" 6740.529";" 3071.815";" 6556.759";"10593.272";" 7544.394";" 8064.260";" 7296.994";" 3027.624";" 6165.407";" 7008.290";" 5696.761";" 9124.196";" 7338.015";" 3975.627";"10462.769";" 9359.455";" 6333.105";"12422.781";"10227.157";"12830.518";" 5824.359";" 7500.237";" 9238.495";"10542.905";" 6633.464"
"8am";" 8745.522";" 4567.281";"13565.801";" 4856.259";" 5512.657";"10633.422";" 5440.029";" 2531.861";"14509.253";" 5375.183";" 8664.485";" 6394.374";" 7813.215";" 8253.908";" 3385.819";" 4016.401";" 8863.541";"10214.788";"10090.541";" 5827.149";" 3439.954";"16423.720";" 9776.788";" 5707.322";"16959.873";" 5629.734";"11823.036";"11973.022";" 7786.148";" 5108.628";" 6099.692";" 9550.313";" 9635.459";" 3346.956";" 8117.128";" 5047.367";" 7161.107";" 3993.165";" 3561.112";"11402.234";" 4915.136";" 2685.687";" 7043.110";" 4661.043";" 4186.207";" 4051.369";" 6080.033";" 4402.909";" 3693.353";" 2058.250";" 2216.860";" 3872.513";" 4563.674";" 5297.737";" 3830.108";" 6638.312";" 2838.521";" 5353.155";"10239.598";" 7529.468";" 6885.592";" 5858.877";" 2373.683";" 4935.699";" 6326.987";" 5413.514";" 7433.489";" 6840.053";" 3886.762";" 9708.884";" 9237.374";" 6461.352";"12303.267";"10244.280";"13643.628";" 5418.291";" 6401.842";"10207.176";"10469.882";" 5736.892"
"9am";"10927.868";" 6048.302";"13869.912";" 4355.992";" 5287.540";"10701.100";" 5144.927";" 2370.843";"15303.180";" 5481.115";" 9019.133";" 6067.427";" 7821.469";" 8046.202";" 2808.681";" 3677.321";" 9843.017";" 9981.369";"10629.005";" 4774.839";" 3151.554";"16106.140";"10551.324";" 6182.441";"20367.429";" 5782.435";"12722.883";"13926.258";" 7929.593";" 4710.262";" 5734.196";"10703.983";"10824.583";" 3292.628";" 8618.657";" 4771.430";" 7294.750";" 4228.922";" 3261.557";"11990.461";" 5255.233";" 2426.309";" 6995.099";" 4480.211";" 3759.974";" 3732.102";" 6491.184";" 3927.357";" 3380.563";" 1825.679";" 2060.040";" 3882.289";" 3949.198";" 5408.816";" 3308.997";" 6644.909";" 2743.753";" 4194.975";"10875.175";" 7399.400";" 6463.065";" 5329.398";" 2009.560";" 4584.728";" 6322.180";" 5179.120";" 7140.936";" 6717.575";" 3223.452";"10041.502";" 8726.720";" 6703.888";"13002.032";" 9254.918";"14529.138";" 5251.572";" 6046.050";"10746.589";"10611.262";" 5950.548"
"10am";"11257.114";" 7209.377";"13848.488";" 3785.242";" 5299.590";"10922.118";" 4843.664";" 2039.635";"15974.091";" 4871.197";" 8649.073";" 6396.802";" 7511.119";" 7775.677";" 2951.931";" 3824.218";"10231.348";" 8677.100";"10728.499";" 5000.510";" 3202.368";"15967.640";"10775.672";" 5446.305";"22159.959";" 5149.349";"12909.251";"14111.091";" 7329.820";" 4790.767";" 5637.859";"10848.251";"11363.873";" 3346.187";" 8571.523";" 4520.025";" 7022.124";" 3992.911";" 3205.232";"12536.792";" 5338.925";" 2854.696";" 7620.798";" 4472.849";" 4014.688";" 3818.837";" 6496.744";" 3645.563";" 3285.343";" 1790.248";" 1982.952";" 3666.836";" 3814.196";" 4817.730";" 3157.066";" 6353.271";" 2587.115";" 4558.674";"10281.730";" 7643.668";" 6679.040";" 5274.118";" 1979.403";" 4413.667";" 5997.554";" 4961.712";" 7042.472";" 6795.308";" 3423.812";"10537.306";" 8684.690";" 6448.203";"12975.591";" 9385.207";"14113.789";" 5076.034";" 5901.278";"11403.298";"10592.544";" 6168.502"
"11am";"11487.087";" 7769.446";"13006.225";" 3992.123";" 5659.768";"11515.519";" 5286.781";" 2002.264";"15781.102";" 5319.146";" 7843.366";" 6467.289";" 6965.996";" 7992.672";" 3186.013";" 3944.510";" 9549.941";" 8916.667";"10059.340";" 5979.686";" 3412.489";"15977.001";"10555.864";" 5553.885";"20525.828";" 5063.422";"12412.085";"13277.648";" 7349.148";" 4308.881";" 6118.364";" 9883.036";"11488.260";" 3120.917";" 8835.880";" 4501.650";" 7273.115";" 3918.412";" 3378.467";"12147.554";" 5433.168";" 2912.092";" 7153.577";" 4922.472";" 3955.229";" 3918.875";" 7033.917";" 3687.355";" 3318.454";" 1927.610";" 2094.185";" 3575.285";" 4425.311";" 4887.579";" 3142.203";" 6750.813";" 2804.138";" 4962.223";" 9378.747";" 7228.664";" 7239.916";" 5684.454";" 2176.443";" 4558.802";" 5767.527";" 5253.701";" 6640.588";" 6903.768";" 3311.186";"10493.128";" 8954.914";" 6446.231";"12165.428";"10531.186";"13805.606";" 4973.762";" 6375.320";"10956.997";"10187.594";" 6049.467"
"12am";"10390.980";" 9131.875";"13206.545";" 4974.898";" 4903.315";"11275.471";" 5468.796";" 2185.502";"15735.174";" 5208.184";" 7281.550";" 7022.746";" 6891.271";" 7706.020";" 3469.999";" 4236.281";" 8681.388";" 9214.083";" 9094.675";" 6630.607";" 4065.433";"15820.223";" 9828.344";" 6112.987";"18834.998";" 5725.675";"11380.696";"13506.746";" 6815.124";" 4802.934";" 6553.268";" 8786.283";"11887.890";" 3172.357";" 7906.667";" 5045.222";" 7335.243";" 4546.424";" 3417.285";"11850.999";" 5498.395";" 2556.003";" 7666.512";" 4750.429";" 3863.593";" 4155.581";" 6103.017";" 4143.665";" 3826.947";" 2092.495";" 2216.731";" 3726.665";" 4779.307";" 5428.835";" 3550.795";" 6625.541";" 3111.123";" 5120.739";" 9131.933";" 7512.899";" 7670.522";" 6192.153";" 2357.434";" 4889.793";" 5950.046";" 5465.097";" 8014.020";" 7137.735";" 3279.398";"10643.724";" 9079.599";" 6930.657";"12318.905";"11123.121";"11597.964";" 5429.801";" 6707.240";"10227.380";"10492.832";" 6477.041"
"1pm";"10031.310";" 8546.463";"13464.923";" 4755.297";" 4945.919";"10745.448";" 5557.659";" 2018.325";"15954.943";" 4712.920";" 8163.973";" 6792.119";" 7436.049";" 7126.943";" 3347.235";" 4186.386";" 8564.836";" 9003.218";" 9634.991";" 6285.671";" 3683.613";"16179.581";"10528.095";" 6052.701";"19623.650";" 6258.403";"12632.080";"14209.463";" 7371.475";" 4509.903";" 5548.481";" 9255.401";"11181.441";" 3316.602";" 8361.191";" 4694.685";" 7272.962";" 3992.045";" 3726.182";"10747.923";" 5197.351";" 2673.988";" 7852.274";" 5451.519";" 4024.000";" 3743.395";" 6193.875";" 3642.583";" 3869.148";" 1941.263";" 2119.840";" 3564.874";" 4089.112";" 5453.549";" 3632.029";" 6667.140";" 2706.524";" 4908.426";" 8738.127";" 7059.970";" 7174.601";" 6285.519";" 2148.447";" 4655.443";" 5969.419";" 5315.690";" 7331.482";" 6495.304";" 3265.672";"10254.051";" 9176.461";" 6385.028";"12041.682";"10503.814";"13676.394";" 5568.363";" 6684.839";"10660.431";"10548.362";" 6499.392"
"2pm";" 9771.801";" 8584.463";"12473.771";" 4094.393";" 5347.336";" 9789.021";" 5392.256";" 1956.195";"16999.586";" 4262.233";" 8237.925";" 6200.639";" 7516.778";" 7728.607";" 3580.522";" 3655.953";" 8922.214";" 8475.825";" 9471.317";" 6193.687";" 3039.164";"14855.042";"10888.212";" 6493.969";"20948.735";" 5860.381";"12384.006";"16307.109";" 7419.038";" 4933.530";" 5372.246";" 9871.169";"11217.144";" 3305.003";" 9043.780";" 4653.930";" 7175.261";" 4043.792";" 3783.168";"10054.199";" 5463.816";" 2690.599";" 8492.540";" 5271.086";" 4007.451";" 3795.516";" 6211.476";" 3583.214";" 3239.343";" 2049.200";" 1903.280";" 3615.195";" 4368.632";" 5396.671";" 3605.101";" 6887.575";" 2652.261";" 4487.255";" 9675.795";" 6709.141";" 6937.180";" 6489.432";" 2020.833";" 4458.346";" 5927.096";" 4829.944";" 7862.579";" 6269.434";" 3268.097";"10350.411";" 8261.668";" 6227.706";"12375.462";" 9867.224";"13795.791";" 5099.624";" 6548.665";"10712.773";"10630.858";" 6409.621"
"3pm";" 9399.556";" 9807.696";"11566.580";" 3643.635";" 5419.595";" 9973.401";" 5242.689";" 1994.356";"17122.663";" 5004.455";" 8735.931";" 6814.128";" 7532.663";" 7640.312";" 3607.211";" 3588.958";" 8379.143";" 8826.855";" 8712.656";" 6163.849";" 2981.562";"14372.179";"11052.988";" 6094.267";"20279.222";" 6296.603";"12442.602";"16664.778";" 7223.862";" 4582.645";" 5245.858";"10390.789";"11690.112";" 3175.147";" 8701.955";" 5267.727";" 6818.787";" 3857.665";" 3819.625";"10095.698";" 5781.800";" 2932.295";" 7895.968";" 4838.226";" 3895.377";" 3636.303";" 6093.000";" 4031.736";" 3587.006";" 1860.640";" 1959.817";" 3800.119";" 4739.511";" 5037.157";" 3455.696";" 6944.049";" 2710.428";" 5072.368";" 9594.849";" 6825.050";" 6607.494";" 5968.625";" 2155.276";" 4412.118";" 6091.525";" 5215.714";" 7602.475";" 6400.802";" 3091.145";"10464.814";" 8303.586";" 5888.634";"12709.452";" 9200.850";"13806.645";" 5244.803";" 6768.418";"10561.909";"10780.852";" 6342.733"
"4pm";" 9528.423";" 8100.368";"11430.945";" 3726.957";" 4383.201";" 9542.836";" 5920.903";" 2150.430";"14937.093";" 5176.838";" 8003.871";" 6520.709";" 7575.532";" 7836.188";" 4103.359";" 3730.433";" 8461.852";" 9675.833";" 8711.370";" 6044.454";" 3140.269";"13902.152";" 9352.827";" 5850.145";"18000.074";" 6679.695";"11975.869";"14716.807";" 7238.525";" 4325.060";" 5973.371";"10317.013";"10810.910";" 3093.884";" 8403.027";" 5237.004";" 7179.855";" 4033.435";" 3681.983";"10259.583";" 5389.241";" 3296.504";" 8191.639";" 4636.177";" 4161.071";" 3546.067";" 5776.456";" 4042.132";" 3804.836";" 2020.737";" 2162.323";" 3870.984";" 4860.269";" 5492.521";" 3618.794";" 7045.036";" 3044.127";" 5191.603";" 9839.580";" 6829.191";" 7167.469";" 6217.292";" 2449.399";" 5184.390";" 6444.824";" 5567.466";" 7971.293";" 6087.868";" 3272.036";"10725.813";" 8749.986";" 5490.392";"12323.720";" 9973.612";"13546.347";" 5464.488";" 6912.919";"10290.950";"10313.190";" 6629.458"
"5pm";" 7908.058";" 7493.186";"12089.986";" 4396.933";" 4492.119";"10393.154";" 7177.012";" 2780.332";"13344.678";" 4890.715";" 7090.054";" 6989.307";" 6884.885";" 9727.921";" 4189.586";" 3892.135";" 7060.139";"10412.850";" 7346.025";" 6416.905";" 3930.581";"12444.937";" 7574.654";" 6183.905";"13799.919";" 6311.124";" 9163.751";"12658.836";" 6950.572";" 3539.812";" 6956.933";" 8865.277";"11300.411";" 2676.768";" 8915.933";" 5896.003";" 7314.308";" 4926.726";" 4337.880";"10431.370";" 5162.236";" 3361.426";" 7443.153";" 5173.277";" 5212.110";" 4134.735";" 5510.059";" 4846.802";" 4503.012";" 2458.564";" 2932.604";" 4517.245";" 6059.591";" 5460.242";" 3692.313";" 7697.000";" 3100.126";" 5847.688";"10678.712";" 6639.660";" 8720.983";" 7041.137";" 2699.788";" 5863.774";" 7630.512";" 6590.136";" 9050.878";" 6607.639";" 3704.396";"10824.978";" 9260.213";" 6242.118";"12323.894";"10677.441";"12303.307";" 6067.816";" 7616.382";" 9659.843";"10269.197";" 7347.849"
"6pm";" 7758.879";" 7499.899";"11843.397";" 4261.767";" 4822.449";"11563.254";" 8021.131";" 3294.968";"11481.347";" 4947.943";" 7186.513";" 7359.817";" 7372.934";"10354.807";" 4371.047";" 4297.166";" 7171.082";"10476.446";" 6312.713";" 6625.567";" 4836.212";"13997.956";" 6637.663";" 6630.036";" 9361.275";" 7326.164";" 6969.281";"12681.517";" 7124.599";" 4135.916";" 8136.246";" 7980.024";"11650.132";" 2280.217";" 8440.130";" 5956.592";" 8074.303";" 5382.579";" 4715.140";"10761.490";" 4978.217";" 3347.027";" 7950.937";" 5471.709";" 5609.139";" 4874.201";" 6137.632";" 5199.869";" 5040.769";" 2650.236";" 3253.756";" 5269.808";" 6780.749";" 5974.371";" 4205.800";" 7307.087";" 3418.539";" 6846.860";"11389.938";" 6995.444";" 8685.583";" 7704.405";" 3355.947";" 6715.355";" 8044.515";" 6859.909";" 9456.593";" 6982.017";" 4563.256";"11847.976";" 9452.246";" 7074.587";"12103.186";"10035.063";"12410.222";" 6153.588";" 8279.307";" 9570.151";"10232.587";" 8084.750"
"7pm";" 7267.915";" 7621.527";"12240.447";" 4631.902";" 4886.366";"11972.154";" 7888.554";" 3460.794";"10315.419";" 5616.808";" 6937.700";" 8084.388";" 7123.817";"10594.654";" 4635.587";" 4959.904";" 7632.173";"10779.781";" 6596.581";" 7135.392";" 5232.335";"14105.293";" 6245.836";" 6274.483";" 8131.361";" 7178.718";" 6337.149";"12036.622";" 6670.509";" 4180.146";" 8554.291";" 7671.743";"11769.043";" 2322.986";" 7718.122";" 6712.226";" 8445.072";" 5138.981";" 4806.270";"10686.984";" 5272.395";" 3490.095";" 7125.927";" 5443.183";" 6337.711";" 5401.108";" 6666.804";" 5610.906";" 5348.166";" 2807.434";" 3416.389";" 5276.295";" 8135.972";" 6328.956";" 4355.162";" 7580.977";" 3634.670";" 7034.697";"11963.540";" 7164.269";" 9181.334";" 8128.397";" 3427.257";" 7263.476";" 8454.370";" 7205.543";"10130.567";" 7997.743";" 4692.139";"11168.129";" 9822.567";" 7084.161";"12459.153";"10189.244";"12363.348";" 6369.558";" 9030.787";" 9163.385";"10466.978";" 7940.818"
"8pm";" 7213.953";" 7589.641";"12443.054";" 5110.100";" 4827.400";"11845.360";" 8260.184";" 3568.100";" 9395.751";" 5856.075";" 7134.394";" 8394.180";" 7266.322";"10962.599";" 4802.505";" 5125.294";" 7239.525";"10846.138";" 6396.328";" 7158.733";" 5433.443";"14337.458";" 6330.044";" 6325.782";" 7628.192";" 7808.854";" 6270.730";"11468.290";" 6989.855";" 4735.829";" 8331.805";" 7512.460";"11705.490";" 2401.002";" 7446.922";" 6440.339";" 8786.441";" 5075.235";" 4995.826";"10597.641";" 5563.176";" 3712.666";" 7150.764";" 5646.322";" 6500.940";" 5937.970";" 6660.739";" 5772.271";" 5303.289";" 2745.641";" 3273.791";" 5715.087";" 7877.523";" 6834.130";" 4503.976";" 7718.513";" 3650.019";" 7295.197";"12580.703";" 6819.169";" 9963.968";" 8678.728";" 3569.770";" 7559.207";" 8500.779";" 7506.478";"10648.558";" 7895.306";" 4881.565";"11454.481";"10099.370";" 7134.000";"12985.640";"10064.971";"11989.795";" 6462.622";" 8826.019";"10023.509";"10298.986";" 7824.532"
"9pm";" 7692.196";" 7820.124";"12261.137";" 5292.920";" 4828.080";"11402.730";" 8412.151";" 3520.638";" 8773.224";" 6060.160";" 7377.977";" 8656.528";" 7166.685";"11015.444";" 4762.104";" 5388.620";" 7272.382";"10905.758";" 6427.869";" 7179.699";" 5483.146";"13866.099";" 6433.833";" 6533.724";" 7400.172";" 8442.074";" 6506.277";"10936.855";" 7020.640";" 4577.273";" 8354.915";" 7612.767";"11371.082";" 2711.965";" 6951.646";" 6421.569";" 8470.334";" 5145.554";" 5098.751";"10588.949";" 5817.196";" 3641.414";" 7138.623";" 5607.328";" 6641.903";" 5967.905";" 6957.738";" 6102.721";" 5269.454";" 2870.864";" 3361.722";" 5938.322";" 7926.531";" 7010.646";" 4720.270";" 7612.100";" 3816.326";" 7386.253";"12561.372";" 6649.152";"10436.855";" 8794.477";" 3619.512";" 7718.874";" 8298.560";" 7464.907";"10920.982";" 8130.599";" 4757.104";"11097.252";"10116.703";" 7073.729";"12725.482";"10232.197";"12362.333";" 6452.211";" 8932.914";" 9954.554";"10298.986";" 7674.130"
"10pm";" 7686.347";" 6927.335";"12002.703";" 5288.864";" 5106.321";"11331.706";" 8573.536";" 3471.604";" 8970.862";" 6054.994";" 7379.106";" 8697.005";" 7246.714";"11020.453";" 4743.722";" 5388.620";" 7648.332";"11241.005";" 6023.665";" 7110.577";" 5645.239";"13678.252";" 6491.426";" 6510.677";" 7321.039";" 8397.993";" 6321.771";"10435.480";" 6891.189";" 4682.093";" 8385.733";" 7480.101";"11111.725";" 3062.037";" 7051.628";" 6300.409";" 8340.723";" 5055.946";" 5066.547";"10759.183";" 5944.411";" 3741.093";" 7019.956";" 5549.042";" 6570.903";" 6051.660";" 6671.635";" 6095.252";" 5427.628";" 2911.132";" 3362.666";" 5917.232";" 8024.500";" 7074.479";" 4757.116";" 7581.280";" 3969.110";" 7520.707";"12285.403";" 6801.056";"10299.802";" 8961.282";" 3661.692";" 8030.139";" 8136.441";" 7464.907";"11402.720";" 8182.072";" 4757.104";"11097.252";"10199.183";" 7309.491";"12222.042";"10457.250";"12601.194";" 6403.340";" 9089.167";" 9822.502";"10298.986";" 7674.130"
"11pm";" 7003.586";" 5407.954";"12369.116";" 5444.970";" 5220.369";"11240.653";" 8169.763";" 3514.654";" 9043.551";" 6149.220";" 7527.528";" 8793.899";" 7318.152";"11253.653";" 4674.974";" 5571.048";" 7759.449";"11241.005";" 6127.793";" 7248.173";" 5683.658";"13970.454";" 6590.778";" 6660.892";" 7211.335";" 8483.379";" 5987.716";" 9903.458";" 6877.642";" 4741.690";" 8796.408";" 7229.530";"10961.809";" 2990.493";" 7402.641";" 6383.926";" 8033.503";" 5273.498";" 5115.439";"10599.294";" 5916.063";" 3793.916";" 6796.170";" 5321.630";" 6730.998";" 6089.204";" 6891.362";" 6211.068";" 5476.346";" 3062.638";" 3430.625";" 6025.376";" 8015.759";" 6969.850";" 4876.097";" 7621.675";" 3998.634";" 7520.707";"12690.902";" 6745.110";"10472.898";" 9499.974";" 3685.045";" 7932.165";" 8105.508";" 7464.907";"11394.917";" 8136.101";" 4757.104";"10859.412";"10340.331";" 7294.785";"12678.430";"10642.792";"12629.019";" 6403.340";" 9167.111";" 9822.502";"10398.030";" 7912.137"
"12pm";" 6779.706";" 4567.437";"12481.208";" 5474.295";" 5267.916";"11650.644";" 7826.966";" 3514.654";" 9012.470";" 6212.372";" 7676.313";" 8864.013";" 7352.864";"11197.574";" 4694.402";" 5571.048";" 7759.449";"11453.129";" 6119.316";" 7207.279";" 5638.590";"14153.903";" 6615.486";" 6713.397";" 7301.849";" 8534.259";" 6107.811";" 9430.894";" 6792.175";" 4741.690";" 8564.642";" 7141.587";"10764.005";" 2701.442";" 7431.508";" 6418.398";" 8033.703";" 5418.270";" 5164.054";"11124.730";" 5860.616";" 3837.247";" 6850.883";" 5324.376";" 6730.998";" 6130.793";" 6891.362";" 6211.068";" 5476.346";" 3085.927";" 3430.625";" 6025.376";" 8187.367";" 7008.922";" 4957.833";" 7534.870";" 4029.012";" 7520.707";"12690.902";" 6701.598";"10472.898";" 9842.661";" 3685.045";" 7932.165";" 7964.708";" 7464.907";"11394.917";" 8220.143";" 4757.104";"11098.084";"10340.331";" 7294.785";"12678.430";"10706.282";"12575.486";" 6417.040";" 9167.111";" 9824.690";"10538.830";" 8016.603"
"1am";" 6597.994";" 4049.415";"12722.269";" 5658.416";" 5163.387";"11953.113";" 7675.525";" 3362.603";" 8835.024";" 6199.748";" 7592.650";" 8965.754";" 7352.864";"11264.938";" 4717.876";" 5571.048";" 7613.732";"11529.701";" 6150.249";" 7207.279";" 5638.590";"14398.244";" 6615.486";" 6765.903";" 7365.947";" 8594.979";" 6107.811";" 9430.894";" 6916.660";" 4749.702";" 8564.642";" 7216.349";"10758.072";" 2622.928";" 7323.827";" 6418.398";" 8042.321";" 5525.807";" 5164.054";"11124.730";" 5925.188";" 3903.347";" 6890.615";" 5254.262";" 6662.169";" 6166.577";" 6891.362";" 6211.068";" 5476.346";" 3085.927";" 3478.503";" 5909.091";" 8249.143";" 6974.882";" 5029.830";" 7534.870";" 3980.322";" 7520.707";"12690.902";" 6701.598";"10472.898";" 9842.661";" 3723.287";" 7920.493";" 8037.890";" 7513.104";"11394.917";" 8220.143";" 4757.104";"11098.084";"10340.331";" 7294.785";"12678.430";"10620.383";"12575.486";" 6511.050";" 9232.065";" 9759.736";"10538.830";" 8132.888"
"2am";" 6670.419";" 3978.024";"12524.826";" 5578.946";" 5177.239";"11953.113";" 7675.525";" 3417.649";" 8944.928";" 6177.608";" 7631.727";" 9025.673";" 7309.046";"11179.950";" 4704.024";" 5571.048";" 7557.906";"11529.701";" 6150.249";" 7207.279";" 5638.590";"14440.002";" 6567.905";" 6765.903";" 7522.581";" 8594.979";" 6161.400";" 9434.867";" 6956.222";" 4749.702";" 8564.642";" 7216.349";"10758.072";" 2622.928";" 7323.827";" 6418.398";" 8283.067";" 5525.807";" 5207.873";"11124.730";" 5925.188";" 3903.347";" 6890.615";" 5254.262";" 6502.074";" 6166.577";" 6891.362";" 6211.068";" 5476.346";" 3085.927";" 3478.503";" 5931.231";" 8249.143";" 6974.882";" 5029.830";" 7466.121";" 3980.322";" 7574.240";"12690.902";" 6701.598";"10472.898";" 9842.661";" 3696.031";" 7847.564";" 8037.890";" 7599.003";"11394.917";" 8220.143";" 4757.104";"11098.084";"10340.331";" 7294.785";"12678.430";"10620.383";"12575.486";" 6511.050";" 9352.347";" 9828.691";"10538.830";" 8132.888"
"3am";" 6622.838";" 3978.024";"12446.632";" 5578.946";" 5216.125";"11940.561";" 7601.610";" 3417.649";" 8944.928";" 6183.815";" 7631.727";" 9025.673";" 7309.046";"11155.682";" 4704.024";" 5571.048";" 7557.906";"11529.701";" 6150.249";" 7207.279";" 5638.590";"14641.973";" 6514.501";" 6765.903";" 7570.162";" 8594.979";" 6059.919";" 9434.867";" 6956.222";" 4730.093";" 8564.642";" 7216.349";"10812.998";" 2622.928";" 7323.827";" 6464.952";" 8283.067";" 5563.477";" 5207.873";"11124.730";" 5925.188";" 3903.347";" 6890.615";" 5219.277";" 6502.074";" 6166.577";" 6891.362";" 6211.068";" 5438.465";" 3085.927";" 3478.503";" 5931.231";" 8170.443";" 6974.882";" 5064.814";" 7466.121";" 3980.322";" 7574.240";"12690.902";" 6701.598";"10472.898";" 9842.661";" 3696.031";" 7847.564";" 8037.890";" 7599.003";"11473.934";" 8220.143";" 4757.104";"11098.084";"10340.331";" 7294.785";"12779.342";"10620.383";"12474.574";" 6511.050";" 9352.347";" 9828.691";"10538.830";" 8132.888"
