CODE_SEC;h10;h11;h12;h13;h14;h15;h16;h17;h18;h19;h20;h21;h22;h23;h0;h1;h2;h3;h4;h5;h6;h7;h8;h9
7501;22,35563267;21,15439856;20,62862618;20,70897247;22,24022908;21,21975669;21,08075423;20,32355693;17,92359032;15,30499225;11,41750709;12,50618487;11,52604605;12,36147;13,56135407;13,42685604;13,73546984;14,17473818;15,5344792;15,5344792;15,67044814;15,64042274;17,2858405;18,65097084
7502;16,79316216;17,04196387;15,92141121;15,83129299;15,99479721;15,36284195;16,32890337;14,49117019;12,69439429;10,05738682;8,002786728;7,157674309;5,981615598;6,166471759;6,192640066;4,941098752;4,911911946;4,871004297;5,004067686;5,262042751;5,315153139;7,624270819;11,92823502;14,54556525
7503;18,88963513;19,83646672;19,36386113;18,60582769;18,30671366;18,70677742;16,73697951;16,58851886;17,59920096;14,84793587;14,1413756;12,24432346;12,33748184;14,42404848;15,21946913;15,5372886;15,84165716;16,22240195;16,04034463;16,04034463;17,23782107;18,83969486;19,83613002;20,64643776
7504;26,99245464;26,4220634;24,75884861;23,45618985;24,61116874;22,80270522;22,4709163;20,49887813;21,79099255;18,97814661;16,17167671;16,27074124;16,2880781;13,16240944;13,4226469;14,79036289;14,92957007;14,92661172;15,59686241;15,99087949;15,38455111;15,4838451;20,4422422;26,09652282
7505;16,54697277;17,53671913;18,2222441;19,92721398;20,91724212;23,86828527;21,69756011;17,66532694;15,28906019;14,49129661;15,08094504;15,02187177;15,65382843;14,56566324;15,36935258;16,46851653;16,26349953;16,21024251;15,24205198;15,24205198;14,92009;14,72040452;15,46867253;16,36806769
7506;21,42503727;22,38392863;20,86204323;21,53228736;22,75122591;24,40292076;25,09649807;21,00527876;20,93710324;17,61600438;15,45817634;16,08810375;16,98994164;15,18137461;14,08930402;14,62225123;14,90251389;14,87242933;14,1409145;14,1409145;14,55482796;16,68618113;17,57763195;20,59286907
7507;21,83646506;22,5314953;23,17215609;19,63928822;20,9491331;19,82935735;19,7134827;19,96856502;17,25362257;14,73734515;13,92224822;14,70430704;15,56671302;14,62927296;14,87195826;15,08729771;14,99240876;14,88788266;14,52294766;14,50085616;15,32905411;17,0122624;17,47693922;21,6511822
7508;16,9469511;15,02791286;17,24876845;19,12887741;15,17209953;13,68983955;16,0695603;15,41985936;14,36835534;15,70296002;15,84771492;13,0062511;13,74900484;14,98917359;14,32535384;13,35806297;13,06089745;12,99995533;13,08434142;13,13794565;13,11548088;12,60283043;14,68500902;18,0009266
7509;13,50182965;14,72650107;17,24047772;15,12922687;16,18645708;15,2205513;14,01370027;12,0722364;10,76029767;14,46240874;12,72621609;13,10732181;12,72932408;13,13896276;12,63793698;12,62482381;12,44795136;12,52235859;12,07908323;11,99435685;12,11516103;11,56559935;11,33062988;13,98426062
7510;15,98319429;15,53874828;16,14122186;18,15206179;16,74354891;18,16086498;15,42345004;15,2697529;13,60295409;11,2544749;8,67357197;8,535645887;10,12783264;10,09735527;10,97781114;11,03508472;10,76456111;10,49697529;10,40234358;9,391014001;9,606269533;10,32255221;12,70978468;14,4524865
7511;17,06032836;17,46182121;18,7342079;18,10506519;18,87803441;18,54457591;17,972149;16,85206351;14,8475299;13,42138617;12,37377901;12,81781673;11,21538434;11,6807926;11,61182506;11,06948645;10,56453612;10,78446781;10,71210171;11,30582222;11,84378806;12,37584018;13,93734745;19,37590157
7512;19,6455429;19,18336268;19,09768353;19,6693802;17,29605666;18,18488192;18,5446933;18,311753;18,50651503;17,3644321;16,21410926;17,17541689;16,09146205;15,42329576;15,01019549;14,75889291;14,58851831;14,25823631;14,53827124;14,57106426;14,57915026;14,43567457;14,50174305;16,64395899
7513;25,55943008;25,06288993;25,57912641;26,30063081;28,29610975;27,36503955;28,08104668;26,15362167;23,60643253;23,08357976;22,43817059;22,76210165;23,22542208;22,58548009;22,71488615;22,67020305;22,536724;22,536724;22,60541053;22,60541053;22,78749277;23,43807782;25,5605018;27,19892655
7514;20,68074809;20,56334873;21,33752293;22,02930629;21,73413473;18,87239223;20,64216268;23,24285605;21,70581684;20,67379293;21,45511992;20,11632201;19,68124631;19,72565005;20,12231988;20,09412505;19,75419455;19,47555642;19,24350517;19,04058858;18,03871849;17,86855076;19,57907609;22,48474883
7701;41,6490893;41,55907677;40,80928022;38,80298636;38,95926834;38,10869862;39,36109296;38,45922092;36,61411286;35,96048659;33,35404502;33,02780871;34,60974738;33,31881944;32,8151556;33,26885056;33,32771386;33,32771386;35,0671891;35,63284848;37,54976941;39,14270296;42,24717447;40,97485352
7702;34,91458374;34,99962371;33,89113964;33,97502396;34,80506029;33,48951467;34,39379368;35,46917188;33,54055635;35,89283129;35,267287;36,41959823;34,62840242;33,85302908;33,87685886;32,83646819;33,06908127;33,18331274;33,64279364;33,824032;33,72587706;34,89455806;32,02806256;33,44631703
7703;41,24924787;39,79366037;41,55858432;41,58530227;38,96815396;38,22648188;35,5662641;35,30174042;36,48481472;39,51628281;41,41792905;43,83107787;44,1709584;44,66490663;45,14231391;44,74296481;44,6531158;44,72650017;43,67807211;43,76173741;43,21243475;42,25613419;43,26655489;40,25968265
7704;26,9796677;27,91703173;28,30427704;28,46565911;26,98255932;28,33680966;29,18446281;28,80055338;27,51002558;25,44795697;28,21821743;28,18404623;28,58079089;29,46913845;29,46280252;29,46280252;29,46280252;29,46280252;29,94253462;29,91311555;29,75919833;30,70203764;28,60398509;27,05074099
7705;46,24548832;46,02467866;42,62387038;46,2532629;51,05617854;49,20684997;48,48258608;48,9907842;48,53290551;53,49664613;46,36550293;46,26941204;48,63391165;47,39846912;46,32791709;45,98805858;45,98805858;45,98805858;45,14677225;44,65548829;44,21135725;43,82541484;43,42835404;45,62740583
7706;42,49257569;41,46631528;42,93533198;43,48479537;42,53013127;40,55320145;41,22637616;42,2345223;42,52687436;42,8872459;44,70969127;44,5114185;43,81004056;43,48586258;43,76928149;44,02614895;44,38546709;44,2740693;44,48282097;44,18640737;43,93770657;44,21572251;42,70171266;43,92188765
7707;38,08031688;36,40880892;36,22128811;34,88124657;35,06643856;37,65735805;37,70197102;39,00498454;39,26488188;38,44182903;40,54630896;40,78940575;40,6114901;40,7682717;41,20284844;41,40702192;41,40702192;41,40702192;40,73709413;40,32546547;39,14661168;36,99307735;37,16935224;38,49801545
7708;45,87573581;45,08126223;45,02255399;44,29289061;42,1254843;41,39788595;40,16958501;42,45513274;44,14312801;47,08860966;45,38005914;44,60340135;42,98889402;43,26241094;43,64089489;44,23387219;44,13077024;44,13077024;44,61946452;44,48561479;44,48324846;40,69529372;40,0431;43,62955551
7709;35,45193323;33,16397796;31,81016275;34,34872352;36,94779319;35,13435776;35,26953446;33,16328362;32,9565623;29,71234006;26,91871853;28,56845215;28,90635495;28,9749938;28,9749938;28,9749938;28,79635989;28,9077334;29,3450001;29,96471231;28,65854518;30,89985121;34,24847325;35,98678626
7710;21,76747532;22,34349761;24,78419601;24,64651915;24,03416154;26,30636645;25,70565488;21,55591262;26,67509883;28,19307077;30,17624593;29,18097798;28,79703005;28,3913307;28,25885144;27,29176494;27,03957708;26,7890962;29,06324117;28,19527429;28,16988027;28,59927678;26,70396004;23,52298383
7711;30,28907373;29,7082326;31,26686281;32,43088885;29,27575612;34,33271788;35,17228418;38,46479687;32,79953662;36,38098495;34,91333342;32,38805503;32,25959799;31,21852998;31,61722153;31,60870722;31,69391933;31,69391933;31,20464914;31,36300392;31,46609291;31,55495359;31,92194065;30,32344705
7712;45,00331044;46,26243138;46,43519124;44,55632619;45,79861677;43,935982;39,85628277;39,95257134;41,32703007;38,69996697;39,92415779;43,14348151;43,54341071;44,21254268;43,59230729;43,59230729;43,59230729;43,73130826;43,51831912;43,99147167;42,83064874;42,74136493;45,02422446;45,91085289
7713;35,06594214;34,14866595;32,92876773;33,24260385;32,5733024;30,86718439;31,6538895;32,56161919;32,15745861;30,79348854;31,9081052;31,2112367;32,70674144;32,79012332;32,36228308;32,08131204;32,33986112;32,08574343;32,10661481;32,02043589;32,18802893;30,58326381;31,18577586;34,03024237
7714;38,32241794;36,61260178;37,74308595;37,1434519;37,09303752;38,57678879;38,06243015;37,86829651;38,70593713;37,5066823;37,45930334;37,24411868;37,50577544;36,80284466;36,64041597;36,64041597;36,48464085;36,48464085;36,78789506;36,6294387;35,60214409;36,16734989;32,58664067;37,48948189
7715;42,84883793;44,62726013;45,24488566;45,15111843;44,57696009;45,18703388;44,12900571;44,65537498;44,09011164;45,8164187;47,04786656;47,13144028;46,3439039;45,82565462;45,59981273;45,31976429;45,31976429;44,98211988;44,50791468;44,30396457;43,95746246;44,55476913;44,11869013;43,38537832
7716;39,82800713;37,98841499;39,60353435;42,32543119;42,55655837;39,22401557;38,87229895;39,82509597;42,97276357;40,54853638;40,5076855;40,85903663;39,97059403;40,70412565;40,73418726;40,12905133;39,74296704;39,74296704;41,69513258;41,24628105;41,24475011;42,9693337;42,6591058;42,24048672
7801;24,9593;20,96319917;19,89712068;19,35169224;22,76000631;21,79301266;21,04651811;27,29353914;26,71216481;28,74543817;26,588489;24,89335687;24,87136211;26,16379436;25,35658504;25,95416148;25,67580708;25,67580708;26,06417395;25,60501663;23,72059748;22,335822;23,24508025;22,19427281
7802;24,59274629;28,07967909;27,42937819;25,380085;27,18601074;25,83795522;26,81797685;22,8505341;22,10315243;21,00422098;20,86762788;19,01391762;18,84948585;17,32250129;16,49814304;16,10592553;16,10592553;16,10592553;18,32092627;18,73698042;18,41893246;18,98810049;19,15379299;23,43736106
7803;33,29497442;32,06788151;32,02085532;31,1029944;29,74079914;27,2915265;30,7423639;27,70867654;23,63760028;26,06664484;25,00156019;22,3729768;24,32676955;22,3378688;22,1449789;23,2828689;22,97417703;22,97417703;23,14890039;23,14890039;24,30140733;24,35221523;29,52519252;34,88102443
7804;24,78158856;26,13762179;27,20608989;26,22361816;27,58410281;25,95450616;24,48065776;30,09581453;27,06064152;27,82225041;24,74364247;23,99670781;23,88497313;23,92614905;24,08516447;23,57001842;23,57001842;23,57001842;24,6598055;24,26632868;23,42727297;22,29852061;20,84463347;24,98661791
7805;36,86032227;40,06643024;40,04019924;41,49853979;39,77036459;37,58402419;36,06487314;37,48439918;39,20633841;37,6227345;36,63298618;38,68229395;38,57754999;36,33305961;36,85254686;36,85254686;37,06873604;37,06873604;37,20392581;37,20392581;37,93694101;37,59641999;38,3669196;40,63628415
7806;43,07346904;43,03742367;42,00573279;40,8190932;39,55779667;39,15929784;40,85640477;41,16601241;44,21111415;44,58155404;42,81532019;41,33181671;41,35890187;42,10704858;42,44188942;42,22732792;41,77540659;41,66704986;42,40965752;42,02451183;42,96609921;42,95111547;42,68728793;42,64832362
7807;35,17980206;37,05862861;35,88473584;33,50246061;35,4294822;37,12364471;36,2341569;33,075847;38,80086542;40,30022537;38,43000142;39,70188858;40,05720975;39,66719638;39,66539049;39,7276815;39,7276815;39,89145148;40,20407646;40,16186932;40,34304752;38,43285314;37,96227707;36,30770282
7808;42,40274643;39,95791048;38,09737871;39,95147949;40,24254986;38,40459123;39,71991354;42,33109914;43,96774173;40,35232158;42,23375786;40,51910479;39,65587023;40,86224657;40,3921232;40,81406432;41,0549773;41,27740579;41,725295;41,58305312;39,84527984;39,55355205;40,24319567;39,88677378
7809;34,91476451;32,41377488;31,21571618;32,50354375;34,62311339;33,60217288;31,12328316;31,8933931;33,44112276;35,43951147;37,19441686;35,65540904;35,81409632;35,74880849;35,22682104;35,20584032;35,47212448;35,07089246;34,8205352;34,6714647;34,90085141;36,56433428;34,02870981;36,41056609
7810;32,06514367;33,25078291;34,64797447;35,52316265;33,02217148;34,31767495;33,11804692;32,39310249;32,47577682;38,73135805;41,19257689;41,24962578;40,5491924;40,22755147;38,66006677;38,66006677;38,66006677;38,66006677;38,29219308;38,29219308;37,50751181;37,9690092;34,9352636;32,98368043
7811;21,68653592;23,72917396;24,61516106;27,10725714;25,62428093;25,55691671;25,33772238;22,67134088;23,59922443;23,32749855;24,08936505;26,377325;26,10929696;27,45124013;27,56573553;26,21550192;26,65859096;26,55754889;23,39644615;23,39644615;23,314562;22,67324184;22,22105285;21,7554206
7812;27,12946084;27,7226707;27,55377686;25,94950026;27,41421931;26,89213584;26,52084894;25,32316838;24,74331704;26,89665762;25,61588146;24,65879237;22,98126877;22,72012391;22,05281084;21,74208413;21,46962544;21,64641191;22,41195493;22,38567889;22,4375717;22,68346463;23,90373588;27,70248074
7813;32,06329958;31,3720988;32,35550068;31,96649477;31,22055621;28,50135171;29,14074614;29,85832302;34,99367543;37,82717487;36,37911939;36,80508837;35,53915825;35,902186;36,10334136;35,36185511;35,36185511;35,36185511;35,32517832;35,32517832;34,29343782;34,50180833;30,82254763;32,2194903
7814;40,46218413;39,09344426;43,77960104;44,04371259;47,69571007;44,77260318;44,07893507;45,21302679;43,69842026;36,53418221;37,65157336;38,70359414;38,42388277;37,96530826;37,71176953;36,7662368;36,65077399;36,4714478;36,43495815;36,43495815;36,30362197;37,63370617;37,67467796;41,43962717
7815;36,51071972;37,36955435;37,79129259;36,66870948;37,01834433;37,87842066;37,68862468;36,42054427;37,62794127;38,39420336;36,2249424;35,71649228;33,74234709;33,81440083;33,61153731;34,10787398;34,04284708;34,1509513;32,90597348;33,04275449;32,87183253;31,3542444;32,02384711;34,15811909
7816;27,74613718;27,17536019;27,51259339;27,6982932;29,629099;31,28341468;32,44684664;32,40559664;32,79563837;32,39386603;32,86106515;32,97091296;33,17770562;33,12739887;33,34422254;33,19224304;33,19224304;33,19224304;33,94034622;34,02801147;33,38974662;32,28982611;32,2152857;29,11585502
9101;29,83214719;28,9023395;30,4361809;30,41087893;30,644301;28,65569211;27,83316686;29,58983307;28,71816476;32,33951122;30,02267217;31,89837462;32,45173294;33,69697702;32,90169023;33,11854405;33,21598613;33,28159236;33,69036223;34,54840597;35,10823219;34,73510619;33,50383169;31,97911222
9102;31,29738501;34,90799806;34,33041835;32,08200647;31,19710687;31,64906216;31,44881867;32,22250455;30,78481029;32,67481874;32,44697661;31,68047205;31,00180061;31,43378758;31,64401184;31,71514034;32,03253592;32,03253592;31,27841746;31,49499122;31,78393868;30,65607985;30,67576903;32,06998675
9103;31,43841613;29,49130117;30,60796513;30,8760582;33,16400237;32,25676294;31,78249735;30,82885482;33,50986563;32,76864131;35,56006202;34,47708424;34,64529648;33,79680601;34,17166145;34,5077734;34,75305692;34,88592963;34,63417167;34,20786712;33,1059779;32,64766413;29,9026196;28,58171769
9104;35,54201454;36,14543938;33,02122879;32,25379217;34,54243658;38,85471567;40,50251551;38,25714268;39,70178313;39,39630883;40,62566432;39,08817679;39,26916546;38,91021477;39,70124415;40,03714409;39,85382811;39,85382811;38,53316469;38,70463819;39,2424483;37,59474674;33,9124362;39,78099788
9105;35,41163548;34,56537953;36,34252081;35,29016972;35,87403766;36,83655816;35,70444825;35,15164286;37,88062801;41,51612138;39,74757762;39,32584443;39,99791817;39,60761829;37,67321574;37,47666631;37,64599885;37,64599885;37,09408749;37,57653778;37,350297;37,09502518;37,8933138;36,18007098
9106;34,64935849;31,37365732;32,63753815;33,65732385;31,79364813;33,00873347;32,25336837;29,08637816;32,94314693;32,98503576;31,31733762;31,14942028;31,10619104;31,40626785;31,65376372;31,46115292;31,46115292;31,46115292;31,70567454;31,23873983;30,77574163;30,60365868;33,95329499;34,81014277
9107;33,78664213;34,14631587;32,32145189;31,13262719;31,90050663;31,3903657;32,3830971;34,63922016;36,46985972;35,43846861;35,79770968;34,92963639;34,69647293;35,1444986;35,08948258;35,00252217;35,00252217;35,4866626;35,30234685;35,30234685;36,01787633;34,82976694;35,17107817;33,52550966
9108;42,63516828;44,08689001;41,35317202;40,47851853;39,81041378;38,52064952;37,76170657;41,41817073;42,85430987;40,55089664;39,35306303;36,86055225;36,71086223;35,78443251;36,09030481;36,14677418;36,33889913;36,24995091;36,00545041;36,00545041;35,211546;35,29561501;37,99565261;38,92076797
9109;28,7771807;27,98603809;26,55783244;25,25968124;26,13446841;27,53543215;28,57198174;27,44014547;28,55466815;30,00230431;28,09950388;27,51937457;27,8954248;27,66358349;27,8620202;27,71829671;26,97147814;26,69606489;26,86726122;27,09213971;27,2624243;27,13454327;27,14282879;29,71741127
9110;32,34462089;32,55486606;33,38460403;33,36509532;34,60737979;33,7164441;33,59918757;37,21019895;35,61102707;33,10612249;32,0005129;31,50534499;32,40408597;31,53638073;31,7962915;31,73122009;32,26392286;32,26392286;32,36159671;32,00480636;30,97005181;31,13043363;31,89100137;32,39438153
9111;32,97130015;35,44989151;34,38724042;32,39727455;34,07127613;36,06493494;35,70345808;29,68913857;25,31691121;25,99701977;24,74810688;25,00292954;24,01177597;25,01795373;23,7734507;23,7378984;23,29135096;23,29135096;23,93201292;24,48568118;25,64726975;27,51103587;29,98634332;34,96924635
9112;30,64685202;31,13621481;29,91766668;31,25875182;33,18573631;31,02850827;31,66245182;28,0726153;30,71542048;29,14368384;30,61562338;28,86982513;28,36192258;28,00902153;29,55127573;29,5076895;29,33315388;29,21420865;29,98983294;29,98983294;30,15895599;31,3913396;31,07701521;30,03982675
9113;23,93522399;23,22395807;23,59168128;25,90042292;24,75857266;23,28167525;23,48406245;26,85803507;26,92547718;29,57573991;28,90235067;29,6073274;27,86144766;26,93927638;26,71788486;26,44051072;26,38802504;26,33886207;26,75949099;26,71668085;26,91710838;26,15676943;26,22682227;26,67598698
9114;25,04300571;24,88045271;26,06269409;25,87822902;25,40250625;24,08563018;24,23768139;24,00238714;30,46434382;26,45085931;26,58848883;24,21231862;22,10632763;21,97729888;21,99287845;21,69478163;21,63667956;21,63667956;22,23964435;22,23964435;22,23964435;22,49398741;21,34494412;21,46017394
9201;23,51329701;25,15458024;24,21787798;22,95601892;24,1594568;20,90815652;22,72466896;20,98233729;19,14679493;19,80321131;19,16502268;18,00375983;17,10007708;17,3914022;17,30923336;17,20996075;17,13906212;17,16218535;17,29800635;17,39886212;17,79551631;19,02220651;21,8285204;25,24242752
9202;29,25954438;25,69160973;26,00519293;27,50198609;25,80722008;23,97285918;25,69465662;27,96445477;29,15037822;29,44364238;29,47066923;28,93982995;28,15211431;27,89860971;28,94554167;28,73838542;28,58127227;28,58127227;28,26156202;28,14549429;29,14317639;28,24436208;29,79724543;31,17584033
9203;19,92531589;20,68166449;20,34937598;20,8393976;21,84681188;21,23856423;20,0307127;17,45670258;16,38942232;17,36964609;18,87664193;18,62595216;17,36612692;17,11945488;16,14919756;16,10433731;16,10433731;16,03994127;16,32051816;16,31786926;16,68340596;18,33691973;19,18060045;20,83229405
9204;24,12906224;24,52487451;23,24345779;22,94022458;23,82448413;24,07827801;24,54373957;26,9427795;27,70135133;30,1515311;32,89551668;32,66452654;32,19350926;31,78969996;31,45245769;31,01259892;31,14508075;31,07668636;30,6239465;30,75542561;30,73043634;31,78643185;33,09332851;27,42434403
9205;20,64146004;20,57668121;20,89739601;20,6013029;20,21922334;20,17616101;19,38785381;19,49625538;17,17605162;20,21259226;23,08301037;22,02704401;21,98794318;23,39657787;23,31990049;23,69705154;23,1765921;22,97280573;23,56122688;23,56122688;23,81285775;24,40691421;26,43949308;23,49260977
9206;24,62079661;25,82191548;25,87946582;25,35722057;22,33385715;23,42433742;23,71261615;24,46510944;24,23319701;24,61936172;24,16672396;23,95609353;26,54248753;25,10782234;24,88456239;24,91424969;24,99060566;25,22695219;25,48860471;25,3881818;25,38908944;24,78792623;25,62264203;26,90148861
9207;16,81591523;18,00456142;17,10121154;18,29079421;20,27574733;21,14432192;21,6874147;19,42262354;18,02908318;15,10241989;14,52942253;12,82949644;11,92847764;10,74878699;10,75028637;10,67362873;10,93457582;10,9883715;10,33649511;10,33649511;9,844570688;10,10346838;11,0811632;14,48501044
9208;18,71392734;17,80187146;19,02400539;19,48584147;20,93984988;21,09730606;20,6669765;23,26450627;24,60727172;24,75023134;23,94320365;22,0201944;22,27854382;21,74554431;21,30055324;21,55790545;21,3998136;21,5460099;21,83938774;21,83938774;21,35287405;21,75407211;20,30563911;21,54342164
9209;19,32130669;19,17967383;19,82233956;18,8195062;19,05252051;18,92381533;19,37584354;17,68826787;19,03041772;20,77570538;21,02468635;19,91517039;19,6951334;18,78752308;18,70760548;18,65134655;18,30891348;18,3542307;18,63038686;19,19559996;19,23016454;18,20299808;17,92241424;19,10965624
9210;24,01399121;23,94320139;22,87785506;21,88913489;21,9223781;24,01299601;25,26124433;25,06881397;21,62554805;20,54261322;18,25216114;16,97653109;17,87633746;17,70690229;17,2022507;16,92239098;17,27780204;17,65542081;18,03386952;18,01270529;18,03510776;17,81285702;21,09678813;24,98562126
9211;25,0420252;24,09648451;24,77246733;23,97945805;26,25903112;23,7083244;21,82856076;19,8096991;20,98340623;21,38661258;22,00433166;21,37598362;20,8068548;21,52376058;21,76038252;25,05286535;25,23314976;25,23314976;24,00065822;24,00065822;24,40755528;23,87234686;25,05099197;24,79881955
9212;24,97638761;26,2985102;25,07600339;24,95270494;21,72412226;22,21940264;22,63417828;22,76389501;26,01613859;27,57244562;28,05961594;27,98743453;27,50443558;27,63941093;27,14043006;27,42588515;27,42588515;27,19474294;27,2434592;27,2434592;27,38826648;26,46176496;27,09221705;24,56450519
9302;41,33735182;36,47549996;40,37088728;41,94564634;45,1127977;45,79453112;48,84463879;35,35037296;41,46015662;38,41772758;40,81895906;41,44991395;42,61284378;42,93177996;41,75360399;41,24576485;41,24576485;41,00298528;40,09176184;40,18284898;41,40431806;38,74218738;38,94229856;39,85888406
9303;25,47174191;24,50885958;26,66016374;25,28479796;25,28251878;26,5184457;26,62650053;26,71449874;25,84804214;23,98049084;22,098357;22,0047932;21,29392146;22,00789413;22,62255182;21,78486856;21,97578556;21,97578556;22,58935299;22,6961752;22,27364817;21,96824737;24,84737832;24,95788367
9304;28,45993081;28,46338531;28,25306423;26,88566175;29,39750878;28,93307774;25,62866289;24,52898834;26,72659872;30,79011015;31,79976601;32,68324159;33,98813853;34,33337002;34,36115642;34,139823;34,38826309;34,30483953;33,79017561;33,72142228;33,58040293;31,77021105;29,42330382;31,20871758
9305;23,69720413;22,33502499;23,6342989;24,77982509;26,86142878;29,63862767;28,96238151;30,18516239;32,80809246;30,981957;34,8841631;35,74599702;35,615479;35,67392642;35,62628386;35,76240235;35,76837633;35,76837633;36,73977035;36,63461305;36,04377888;36,37762273;25,42740759;23,4030752
9306;33,5265455;35,38215148;33,22526233;30,26344435;32,3572082;33,88842708;35,36614649;35,75938734;34,00078836;31,74896921;28,12283935;27,88879597;27,33366365;26,62737583;26,63999593;26,98473168;26,50320582;26,66624378;27,0286096;26,81528014;26,33196479;27,20883618;25,94835339;34,52147434
9307;31,05904297;32,60244814;35,33441517;35,73553729;37,9010779;32,7771766;33,6732794;35,28707959;32,16888945;35,90634438;35,74714166;37,18955219;36,4653379;36,61453954;36,97976618;36,48505046;36,48505046;36,75318524;34,75514749;34,79631942;35,67193372;34,80506447;34,37357968;31,92653769
9308;29,84773319;28,22387191;30,41606974;27,26602034;29,04893245;31,97381475;32,19017487;31,37532272;33,78907432;32,64106826;34,06771036;34,10388473;34,16223079;31,8922706;32,40769304;32,16486209;32,16486209;32,08396303;32,08514372;31,35280361;29,75556263;29,81185095;28,35320809;28,04820306
9309;31,23442086;31,4474001;28,97722478;29,17225764;30,61311615;31,43189076;30,43148489;30,9544149;30,88672906;31,07845711;32,7032581;31,71150097;30,02169975;30,23117562;30,42587333;30,23851684;30,59926329;30,59926329;29,3124704;29,8945058;29,66415492;28,10558399;28,16742451;30,61240839
9310;36,53352157;37,24689697;37,23231884;40,54466561;39,51995719;39,95757807;42,78356984;43,59178544;42,1436608;40,31083905;38,29827804;38,15297834;38,70881004;38,91966002;38,27193363;38,12715203;38,12715203;38,00786264;38,83276622;38,47970208;37,4903364;38,06235179;36,4695517;37,37136269
9311;24,664436;25,86655951;23,71258836;24,67406746;23,32091402;24,14181684;23,50373588;22,33366594;25,42248506;26,5186311;24,42158802;24,56457429;24,24094252;24,14704521;23,85064878;24,4059508;24,32167043;24,37407829;24,5002013;25,07135145;24,44499779;22,71794075;23,98847154;22,93254505
9312;27,96562096;28,79547505;29,2869034;29,36994805;30,0346705;29,04018009;28,28796535;27,82324438;29,07696656;29,78468041;33,10384088;33,31573788;33,87364611;33,31915267;33,13206645;33,36077079;33,23692416;33,13053204;32,78029518;32,38579061;32,68653038;33,4652978;35,41935914;32,09758442
9402;37,64817812;38,57888953;38,71191605;38,18292946;37,44482343;37,06478732;36,30806121;38,02258011;40,81497944;42,47672775;41,82908933;41,88338099;42,07458656;41,98747475;41,5054743;40,87643679;41,04297319;41,04297319;40,98252569;41,4612126;41,30787976;40,57849271;38,68619557;40,90269353
9403;29,14814588;26,98463955;28,12135476;27,81856591;25,31410099;26,91217235;26,6089028;28,37461681;26,07615364;27,37839935;29,01755625;29,47572447;28,87693484;28,37647057;30,18721672;30,28038939;29,51690817;29,40253106;29,37601757;29,37601757;29,30746379;29,72328204;29,64624737;30,50571811
9404;31,05193771;30,58641956;30,32689088;33,3539185;32,31046934;30,90091563;30,91936858;28,28349143;29,61882849;30,42693368;31,23274173;31,16500029;30,73582663;30,121;30,02458788;29,8282699;30,06173924;29,95058735;30,21659431;29,82660049;29,93342961;30,56374819;33,07732748;32,94152909
9405;26,70766899;26,63898326;28,51954708;27,76791602;30,89833813;27,83965423;28,68763987;27,77608312;28,7010575;30,16349367;31,86143316;33,48663484;34,89732912;34,26068077;34,47342456;32,15799155;31,6050948;31,29988372;30,87142011;32,20057819;33,0631635;29,18314664;29,22395707;26,40000493
9406;35,15402475;35,10017958;35,79691295;35,54017407;36,6659367;38,84949348;39,62971545;41,40771883;37,65555391;35,74209441;36,4158552;36,52941079;35,1158501;35,70906178;36,617692;37,2813937;37,2813937;37,49386629;37,21836711;37,07578241;36,91378247;37,02812089;34,67128472;33,41780122
9407;30,8518169;30,54653178;31,95292468;29,85561971;30,08553542;29,11875459;27,48313132;28,59192942;28,96112506;28,87659595;24,50146773;25,02135529;23,90879917;25,22861086;25,09574639;24,96425603;25,29714944;25,21659784;25,28576733;24,65263674;25,10542185;26,25642273;26,65199303;31,10591434
9408;31,3555905;31,49065264;31,93595176;31,07660775;34,13929127;32,65192418;31,8881733;28,55025751;32,84948709;27,95320866;29,1210762;30,47196376;29,96057303;30,0108767;28,90290588;29,52487005;29,5068081;29,7029478;28,47264394;28,64347754;27,84071649;28,34192675;29,22168061;27,45004363
9409;20,6405044;20,56831219;20,72825298;25,03808039;24,50414454;24,13688293;22,83219459;22,9319039;19,29290936;17,83159125;16,16402872;15,46768535;15,68255726;15,84914136;15,19467949;14,94625219;14,96025495;14,96025495;15,57575461;15,14906129;15,36869158;15,88031465;19,13253666;20,94649625
9410;32,30080911;32,41900608;31,58745368;30,6457948;28,88452065;28,6508023;29,45530702;32,44290761;31,22794427;31,2051751;30,33653704;28,90628227;28,94990237;29,36187496;28,32731307;28,87246722;28,79079367;28,441445;30,08675454;30,30623287;30,6118573;33,08714114;35,15576994;34,52573817
9411;33,61215506;32,53830902;30,88711363;31,82675711;30,58363052;30,56715906;30,8393441;30,61624159;31,84328458;33,75172643;35,1018884;33,96721326;36,31045909;36,65255284;36,51555195;36,4614912;36,39335723;36,39335723;35,29055265;34,95305842;34,9989787;36,23488522;36,56548015;32,80518672
9412;26,40732471;26,69190118;24,27848567;28,4170969;27,61845171;27,8208517;25,26854872;24,9287752;29,96138017;28,8689453;29,54301554;30,711482;29,3748151;28,77615604;29,87915159;30,01469979;30,01469979;30,54289164;28,42258387;28,06726708;30,58221428;29,4960674;27,47386479;27,15776644
9413;30,33925774;31,31858806;31,20547783;32,07697623;27,80494678;27,45143458;29,08977695;30,43256678;33,49704655;33,32768633;31,72389147;29,54962864;30,77855889;30,70789741;31,31706925;31,58549135;31,48685029;31,48685029;31,51060578;32,60761794;32,33940011;29,92973266;31,62361247;27,61875426
9414;26,85157223;27,73547155;27,3329318;26,65408718;29,33190517;31,19841589;33,02751466;29,23450253;28,29067135;29,0150389;30,5310017;31,32805555;32,32284948;31,7647332;32,14625031;31,96043199;32,19823421;32,01659906;32,5374293;32,42593293;31,94806954;31,07269833;29,27737072;27,95025375
9501;32,6610183;30,694842;30,62029256;31,16183342;31,80221046;29,71997178;29,14161474;29,7555474;32,49685475;32,30130734;34,56829345;33,52306665;33,93214718;34,73101305;34,77673444;34,35862651;34,05729333;33,95202727;35,43867621;35,45212129;35,07399323;34,34878443;34,11029658;32,58120739
9502;34,20607534;37,0503987;37,54784392;36,15161891;37,29030448;39,06542329;35,60055523;34,87443846;33,47001731;36,03900322;36,16219904;35,33409701;34,51749225;34,25380425;35,30011684;35,28805709;34,44248448;33,6947942;32,5387783;32,13483944;33,17800375;31,69750135;32,10203733;36,68344356
9503;32,65462759;35,25421883;34,19601958;34,70593762;34,87365411;35,57095939;38,7616828;38,85962336;37,11015867;37,48065268;34,80730957;36,10702605;34,97642564;35,37886365;36,54567023;36,12495977;35,64340019;35,86739405;35,65578535;35,51841796;34,7082739;32,47352076;34,03155211;30,85572664
9504;32,20187348;31,66461398;25,90381729;25,5003178;24,74664013;25,78141264;29,37915091;31,88058364;31,8701683;33,98775038;36,91216778;34,10345256;34,42008212;33,98793119;33,86510197;32,59770867;32,29085054;32,15336844;32,79264136;33,07976224;32,04430585;32,94447086;32,64137852;31,08814701
9505;28,94378055;31,51748434;32,26270669;32,13758993;27,663756;30,04128931;28,48487295;27,0280987;30,00080549;33,86418006;37,34290936;36,69087169;38,4964781;37,15448834;35,42560716;35,9415732;36,08344236;36,21734609;36,67029676;36,18803446;36,9544803;36,80380693;31,96881732;32,16270827
9506;33,1530043;32,37039185;33,77717557;30,7849995;33,98702494;33,94157459;31,93864884;32,09924719;30,5693232;30,61111049;29,13176758;29,30319179;29,4341791;28,35170309;28,4816514;28,4816514;28,78064707;28,73208734;29,58617372;29,32425188;30,23583599;30,28475099;29,1707428;32,25960445
9507;24,87567921;20,40549497;22,02857686;23,31530557;23,85328935;23,63138065;25,02247297;26,40038416;31,37907935;32,20820288;31,78690668;31,86757386;31,26041059;32,11723747;32,89279729;32,78057284;32,78057284;32,68344563;32,18382204;32,50402522;32,09597966;31,31472422;28,04839881;25,46808671
9508;33,06618491;34,0048249;35,28612525;34,64716615;34,23894904;33,5265887;36,2207388;39,08532716;39,9980663;39,11285522;40,89933701;41,06933991;41,35763142;41,55444155;40,70710838;40,70710838;40,51367221;40,72457837;40,90947757;40,37062674;39,91282458;39,31682255;33,93971767;34,08525171
9509;37,49083387;34,19868705;33,05329671;33,08490365;32,27361283;32,42347058;26,90422717;28,68024209;30,41981052;28,57288409;29,74466426;29,3415039;28,22868315;28,33629501;27,18443752;27,60531647;27,87921905;27,87921905;27,62569509;27,69841234;27,53826146;28,21972703;30,31086929;33,99013407
9510;37,8255436;37,02270181;41,47504596;37,84690637;38,22189872;38,95233777;40,75174924;43,1560875;36,88492183;33,46577938;34,8087326;35,99307133;36,75908588;36,79169253;36,84411423;36,57597178;36,70456631;36,90355357;36,47398165;36,47398165;36,82280831;35,83189401;38,38365415;39,22779269
9511;32,09461914;33,404868;31,51719583;32,65814494;37,22252714;38,10977346;39,38770907;38,45312818;36,30563679;34,78341887;34,21806285;33,14444091;32,52264203;32,12121298;31,53186948;31,41945027;31,71011448;32,09779919;32,87572564;32,87572564;32,74168208;32,86002872;30,26955512;32,99604453
9512;25,56918295;26,23687359;27,50213524;27,83786979;26,78578181;28,60047538;28,76236841;24,39857188;22,24489152;27,88289837;29,01207997;28,57741806;28,50990281;27,20951094;27,97338314;27,77687183;27,85273668;27,85273668;28,18464529;28,18464529;27,37322896;26,40519614;20,660585;24,74716798
9513;30,62913289;27,95525761;27,69684788;27,48771345;29,64368335;30,91407032;32,04078234;30,10184982;26,72200139;25,52799963;27,31160821;27,98216323;28,29334963;28,06229023;27,88710163;28,22655167;28,55097613;28,30334696;28,44017963;28,14430184;27,75135667;27,84282406;32,43539138;33,3016863
