"hour";"001";"002";"003";"004";"005";"006";"007";"008";"009";"010";"011";"012";"013";"014";"015";"016";"017";"018";"019";"020";"021";"022";"023";"024";"025";"026";"027";"028";"029";"030";"031";"032";"033";"034";"035";"036";"037";"038";"039";"040";"041";"042";"043";"044";"045";"046";"047";"048";"049";"050";"051";"052";"053";"054";"055";"056";"057";"058";"059";"060";"061";"062";"063";"064";"065";"066";"067";"068";"069";"070";"071";"072";"073";"074";"075";"076";"077";"078";"079";"080"
"min";"0";"0";"0";"0";"0";"0";"0";"0";"0";"0";"0";"0";"0";"0";"0";"0";"0";"0";"0";"0";"0";"0";"0";"0";"0";"0";"0";"0";"0";"0";"0";"0";"0";"0";"0";"0";"0";"0";"0";"0";"0";"0";"0";"0";"0";"0";"0";"0";"0";"0";"0";"0";"0";"0";"0";"0";"0";"0";"0";"0";"0";"0";"0";"0";"0";"0";"0";"0";"0";"0";"0";"0";"0";"0";"0";"0";"0";"0";"0";"0"
"max";"7125.73463";"7125.73463";"7125.73463";"7125.73463";"7125.73463";"7125.73463";"7125.73463";"7125.73463";"7125.73463";"7125.73463";"7125.73463";"7125.73463";"7125.73463";"7125.73463";"7125.73463";"7125.73463";"7125.73463";"7125.73463";"7125.73463";"7125.73463";"7125.73463";"7125.73463";"7125.73463";"7125.73463";"7125.73463";"7125.73463";"7125.73463";"7125.73463";"7125.73463";"7125.73463";"7125.73463";"7125.73463";"7125.73463";"7125.73463";"7125.73463";"7125.73463";"7125.73463";"7125.73463";"7125.73463";"7125.73463";"7125.73463";"7125.73463";"7125.73463";"7125.73463";"7125.73463";"7125.73463";"7125.73463";"7125.73463";"7125.73463";"7125.73463";"7125.73463";"7125.73463";"7125.73463";"7125.73463";"7125.73463";"7125.73463";"7125.73463";"7125.73463";"7125.73463";"7125.73463";"7125.73463";"7125.73463";"7125.73463";"7125.73463";"7125.73463";"7125.73463";"7125.73463";"7125.73463";"7125.73463";"7125.73463";"7125.73463";"7125.73463";"7125.73463";"7125.73463";"7125.73463";"7125.73463";"7125.73463";"7125.73463";"7125.73463";"7125.73463"
"4am";" 626.4478";" 330.4702";"2156.8887";"1525.5792";" 774.1539";"1142.1355";" 893.8565";" 881.1773";"1903.0845";"1670.7584";"3688.4702";"3064.9683";"2505.8190";"3824.8112";"1249.9591";"1086.3402";"1982.0697";"3761.8080";"1845.6077";"2912.0518";"1232.5484";"1784.8511";"1081.7323";"3300.8141";" 653.4313";"1130.1181";"2248.6736";"1730.4526";"1959.2443";" 949.0913";"2576.0509";"1878.4341";"3432.3589";" 645.9889";"2009.7145";"1441.5009";"3415.5219";"1202.6481";"1059.6809";"2366.9168";"1246.5772";" 965.8045";"1717.9941";"2256.1074";"2697.6819";"1816.3554";"2337.1904";"1927.0962";"1589.0910";"1109.3658";"1149.9081";"1440.7643";"1877.1735";"2755.9989";"1763.4452";"2618.2680";" 840.9524";"3905.1502";"5843.4840";"2555.1123";"3504.6838";"3572.3201";" 970.7714";"2321.8892";"2830.8297";"2676.0047";"4134.8533";"3303.8196";"1823.0501";"4251.0139";"5919.6712";"3875.0724";"5919.3728";"4665.7675";"6192.0850";"2839.6281";"2530.5763";"3432.3560";"4078.0755";"2357.2554"
"5am";" 626.4478";" 330.4702";"2210.4218";"1525.5792";" 774.1539";"1142.1355";" 917.4558";" 881.1773";"2112.2336";"1581.7406";"3775.5478";"3005.0497";"2606.8770";"3735.2522";"1249.9591";"1038.1836";"2096.0755";"3603.2607";"1845.6077";"2912.0518";"1232.5484";"1857.7800";"1361.6387";"3365.8290";" 696.9370";"1130.1181";"2296.8302";"1614.2158";"1959.2443";" 949.0913";"2540.2592";"1913.9364";"3470.9585";" 696.4070";"2098.8775";"1502.4857";"3441.5466";"1202.6481";"1020.9797";"2293.4234";"1246.5772";" 941.0533";"1747.0320";"2233.3938";"2661.6147";"1904.1444";"2142.6396";"1927.0962";"1589.0473";"1109.3658";"1063.4163";"1440.7643";"1877.1735";"2728.0571";"1665.8435";"2618.2680";" 817.3531";"3731.9124";"5726.1097";"2756.7381";"3450.9439";"3572.3201";" 940.1591";"2321.8892";"2777.4926";"2676.0047";"3968.1037";"3243.9500";"1823.0501";"4554.7989";"5794.3504";"3651.3083";"6014.9588";"4405.9349";"6176.1006";"2839.6281";"2480.4301";"3432.3560";"4078.0755";"2357.2554"
"6am";" 626.4478";" 330.4702";"2527.8204";"1481.9586";" 770.1194";" 996.1533";" 917.4558";" 860.2140";"2223.3927";"1500.6742";"3956.1988";"2896.7398";"2913.2384";"3490.9760";"1142.3196";"1220.7483";"2096.0755";"3603.2607";"1857.7974";"2814.5608";"1229.9088";"1984.6550";"1300.9282";"3178.7903";" 745.5506";"1085.6618";"2338.8890";"1870.6131";"2045.3478";" 922.2614";"2513.4902";"2451.4541";"3524.8696";" 726.9065";"2220.0119";"1620.9874";"3403.4715";"1222.8048";" 904.6280";"2356.3734";"1268.7113";" 924.3735";"1898.1859";"1906.0941";"2574.5304";"1757.1640";"2211.1723";"1829.4607";"1591.1049";"1076.9303";" 978.5801";"1365.0200";"1877.1735";"2727.8681";"1621.6003";"2618.2680";" 779.7426";"3763.6527";"4987.8137";"2694.7735";"2977.8984";"3457.1669";" 878.5601";"2237.8754";"2385.3657";"2397.7237";"3934.6716";"3198.0289";"1756.2306";"4874.3130";"5784.6784";"3511.4650";"5675.2189";"4590.8157";"6034.5726";"2561.4655";"2507.3708";"3310.0683";"4147.0306";"2028.6488"
"7am";" 626.4478";" 331.6712";"2494.0875";"1271.5105";" 753.9215";"1226.6267";" 810.2827";" 684.3923";"2254.8615";"1603.3802";"3767.6963";"2868.4918";"2783.7935";"3299.2106";" 902.5154";"1158.7024";"1880.8486";"3716.2347";"1847.7336";"2790.4333";"1249.2279";"2102.5307";"1438.8336";"3003.6555";" 692.7065";"1134.3747";"2863.6606";"2002.4092";"2188.9905";"1122.2747";"2269.0619";"2624.6290";"3331.4320";" 952.3603";"2552.6008";"1407.4322";"3448.6001";" 912.7251";" 872.8204";"2280.6823";"1259.3744";" 767.4758";"2057.5003";"1849.7175";"2266.0305";"1650.5109";"2230.6394";"1737.4781";"1559.1492";" 925.0768";"1057.3174";"1270.3695";"1882.4787";"2418.2989";"1421.9284";"2553.2498";" 716.5158";"3645.4595";"5252.3701";"2541.8294";"2798.9364";"2893.6965";" 745.9778";"1823.3227";"2621.1089";"2212.2528";"3738.0383";"3251.8642";"1630.9408";"4322.5792";"5544.5620";"3164.7167";"5830.4498";"4225.0474";"6319.5999";"2561.4655";"2294.4576";"3302.9807";"3937.1885";"1840.8035"
"8am";" 967.5101";" 574.5112";"2982.5560";"1314.6658";" 793.6009";"1156.9977";" 804.6390";" 682.3367";"2751.7952";"1858.0862";"3683.1399";"2521.9201";"2884.7354";"3396.6378";" 887.6428";"1151.7365";"2014.4624";"3723.0463";"2264.4916";"2642.1374";"1046.2959";"1713.5018";"1715.1253";"2748.8848";" 948.4949";" 964.0152";"3200.2397";"2221.0382";"2283.9343";"1177.0549";"2178.5967";"2806.4973";"3324.3140";" 973.1259";"2963.1982";"1379.4888";"3415.7350";" 809.7934";" 921.1147";"2474.7553";"1307.3157";" 709.5057";"1916.9930";"1782.8028";"1878.2868";"1478.4191";"2144.4655";"1573.5883";"1545.2355";" 909.5495";" 971.9725";"1245.6395";"1861.6038";"2081.0832";"1288.3282";"2610.4923";" 728.7394";"3201.9290";"5172.4394";"2510.0842";"2648.5440";"2711.8493";" 607.8995";"1588.9016";"2535.3680";"2100.7967";"3356.5718";"3110.2757";"1726.2412";"4373.7103";"5218.9644";"3256.3686";"5529.2184";"4384.9303";"6534.5557";"2489.0247";"2107.7323";"3511.1296";"3685.6424";"1702.0993"
"9am";" 990.4557";" 712.7717";"2978.4129";"1099.3566";" 927.4811";"1168.5386";" 916.8461";" 676.7904";"3219.1624";"2072.2067";"3850.4526";"2275.9611";"3083.6595";"3287.2911";" 891.4018";" 916.0016";"2579.1302";"3748.1406";"2247.7312";"2102.3744";"1061.3378";"1982.1806";"1788.5208";"3008.1973";" 922.4836";" 890.4057";"3055.9046";"2760.4041";"2288.3502";"1332.6805";"1973.5439";"3271.8183";"3686.6663";"1000.1891";"3258.8168";"1577.6002";"3337.7252";" 971.0779";" 724.7934";"2708.4885";"1336.3005";" 487.7328";"1962.2066";"1838.4451";"1712.3133";"1383.5484";"2085.1987";"1440.8912";"1510.7297";" 734.1870";" 882.7120";"1201.2728";"1522.3128";"2058.3629";"1195.1341";"2571.4966";" 830.5661";"2463.8592";"5592.7835";"2525.9900";"2379.1634";"2514.5330";" 474.6256";"1735.1248";"2461.2231";"1887.1319";"3171.6166";"2942.5559";"1527.8030";"4578.5693";"5120.5017";"3090.3122";"5980.6755";"3721.0134";"7038.9286";"2410.7085";"2099.5017";"3439.3684";"3849.2840";"1702.0993"
"10am";"1002.7818";"1053.6415";"3211.6054";"1042.0598";" 726.1632";"1208.8336";" 930.1040";" 591.8782";"3152.9331";"1862.6212";"3716.2668";"2640.4061";"2939.6664";"3140.7613";" 865.9283";" 964.7500";"3009.2002";"3160.5656";"2309.9561";"1835.8855";"1052.2495";"2367.0675";"1747.8491";"2931.6600";" 883.4295";" 924.4757";"3113.3456";"2703.0366";"2057.3440";"1259.3270";"2024.9498";"3382.1217";"3898.4552";"1000.0930";"3077.7966";"1487.7286";"3395.7126";" 843.2709";" 796.6487";"2742.7968";"1411.1256";" 594.2016";"2260.7096";"1844.4914";"1719.6643";"1490.9189";"2107.1729";"1355.4707";"1456.3706";" 702.0409";" 923.5513";"1097.4117";"1404.9807";"1779.2673";"1230.7666";"2492.1383";" 793.2862";"2566.6587";"5352.4432";"2820.1107";"2590.9444";"2533.2314";" 546.9413";"1622.9397";"2387.7623";"1871.3734";"3300.1091";"3091.8189";"1663.1835";"4599.3454";"5044.2850";"2969.3448";"6050.1898";"4080.1693";"6393.6993";"2343.8294";"2070.0339";"3843.1990";"3805.5279";"1663.2902"
"11am";" 894.9468";"1299.0547";"3074.6921";"1089.0969";"1067.8362";"1627.5668";"1066.8329";" 607.0163";"2651.3490";"1750.8246";"3273.0302";"2682.4011";"2560.4181";"3416.7092";" 949.5839";"1062.2302";"2378.7084";"3347.5225";"2036.8208";"2364.7806";"1018.6400";"2262.0722";"1708.9904";"3132.4853";" 909.4408";"1012.2849";"3047.0167";"2255.6569";"2008.6465";"1139.7406";"2388.4621";"2774.5081";"3858.1805";" 917.2944";"2921.0208";"1408.9716";"3583.1251";" 818.8297";" 857.6951";"2507.5644";"1586.6990";" 735.2573";"2056.4184";"1874.6114";"1767.9274";"1431.1011";"2404.9720";"1366.6082";"1406.3209";" 821.0838";" 961.7535";"1208.2007";"1658.5908";"1648.1137";"1263.4959";"2552.5087";" 742.9939";"2897.2895";"5000.0182";"2670.2756";"2565.4561";"2840.1722";" 608.6578";"1702.8105";"2192.9270";"1882.0988";"3084.1029";"3090.5123";"1625.2728";"4965.8457";"5206.1602";"2868.1022";"5430.9374";"4814.9116";"6209.1200";"2269.0080";"2174.7753";"3642.3244";"3362.8015";"1694.5984"
"12am";" 724.5453";"1494.3958";"2878.2842";"1306.9492";" 758.9072";"1456.4706";"1078.7982";" 603.1020";"2895.2531";"1843.9404";"3211.8386";"2860.1845";"2682.3120";"2893.9195";"1084.6117";"1122.6826";"2137.7247";"3589.4785";"1850.0073";"2548.9407";"1230.4872";"2245.5264";"1466.5059";"3180.1921";" 872.0368";" 908.3776";"3210.8160";"2273.9657";"1839.7689";"1138.5572";"2435.6183";"2629.4716";"3818.0955";" 913.3133";"2592.5738";"1667.5295";"3243.4054";"1011.1347";" 955.8356";"2477.0916";"1365.6576";" 593.7641";"2044.4106";"1815.6542";"1926.0564";"1697.7841";"1926.2401";"1702.6011";"1551.7574";" 825.9589";" 921.9256";"1149.7076";"1844.2382";"1850.9863";"1381.7154";"2493.9563";" 803.3461";"3032.3174";"4750.1348";"2724.7828";"2625.9562";"3091.6327";" 682.7128";"1734.5062";"2391.5649";"1966.5806";"3609.9062";"3109.5275";"1677.8386";"4956.5536";"5228.4773";"3297.6146";"5694.7887";"4958.9381";"5384.5831";"2385.6419";"2195.3521";"3434.2597";"3500.9035";"1747.7586"
"1pm";" 797.9638";"1519.5604";"3331.7710";"1263.8783";" 593.3122";"1417.3993";"1039.1866";" 566.3078";"2825.1567";"1751.3212";"3467.4508";"2657.8196";"2730.5724";"2966.9549";"1046.3450";"1135.2084";"2097.3624";"3545.6641";"2063.0095";"2537.6104";"1056.5027";"2561.3564";"1424.9214";"3221.9348";" 793.4382";" 894.1673";"2756.7260";"2487.4151";"1911.0979";"1093.7059";"2006.6360";"2420.0967";"3832.0527";" 869.1342";"2785.4180";"1632.6814";"3372.0147";" 990.1663";" 956.9985";"2399.0119";"1205.4702";" 620.2314";"1870.8713";"2395.1967";"1953.4020";"1547.0535";"1906.4197";"1438.0759";"1841.8856";" 864.0760";" 998.9685";"1269.5139";"1591.1327";"2054.5907";"1503.5283";"2557.6874";" 665.1182";"2781.1020";"3906.4730";"2344.1901";"2960.7974";"3255.0836";" 609.0871";"1613.3954";"2292.4000";"2007.4677";"3346.8275";"2865.0690";"1616.6351";"4319.9765";"5005.2759";"3385.3161";"5258.9641";"4625.6252";"7016.2437";"2446.9500";"2231.6373";"3601.6560";"3771.5916";"1876.5889"
"2pm";" 802.1226";"1410.9252";"2940.6677";"1071.8218";" 676.6310";"1303.4217";" 876.9966";" 540.4273";"3560.0237";"1812.9796";"3405.8864";"2598.8417";"2584.2606";"2855.5902";" 993.4063";"1026.6996";"1907.7659";"3058.7921";"1942.0366";"2515.1272";" 832.6119";"2525.9630";"1540.1005";"3624.9677";" 782.2086";" 846.7164";"2454.0614";"3114.3360";"1961.0731";"1430.7002";"2089.2722";"2624.3219";"3718.5793";" 882.1577";"3202.5321";"1428.6606";"3647.9352";" 845.0055";" 995.7741";"2509.7299";"1207.0604";" 726.2061";"2256.9078";"2411.8148";"2004.5385";"1287.8522";"2206.3311";"1410.7896";"1558.6982";" 865.0732";" 905.1602";"1322.5201";"1599.5105";"2058.9950";"1495.6252";"2334.0890";" 605.5190";"2355.1677";"4747.9969";"2342.7857";"2999.7784";"3290.7339";" 579.8538";"1596.8606";"2345.1285";"1873.2869";"3491.2078";"2893.1229";"1475.5432";"4695.1552";"4458.2071";"3080.0336";"5803.0296";"4269.0101";"6812.0783";"2162.3333";"2302.0927";"3562.5047";"3727.0836";"1940.7469"
"3pm";" 894.9200";"1470.7029";"2384.0325";"1022.7582";" 804.8498";"1257.6196";" 985.7157";" 522.3595";"3192.9212";"2125.8391";"3518.8621";"2937.4775";"2665.7034";"2883.2373";"1091.1583";"1040.7507";"1933.3994";"3265.7821";"1917.9949";"2630.6010";" 867.0539";"2264.1372";"1797.0178";"3216.2616";" 800.8832";"1142.8842";"2652.1395";"2926.2688";"1639.6105";"1454.9698";"1834.5168";"3079.5573";"4217.6546";" 842.9825";"2677.7785";"1600.9122";"3290.2625";"1028.9072";" 931.3925";"2225.6076";"1340.9099";" 824.6981";"1897.1486";"2333.2629";"1810.9699";"1359.8152";"2092.4546";"1509.1824";"1468.0814";" 786.3854";" 963.6384";"1348.5151";"1675.1792";"2015.3537";"1505.7888";"2437.6463";" 625.3236";"2926.8685";"4730.0869";"2307.1713";"2946.0528";"2806.6424";" 721.6485";"1623.1112";"2233.7657";"1988.1700";"3157.9973";"2969.2252";"1301.0713";"4632.3215";"4427.9351";"2814.2299";"5970.0246";"3467.2661";"7125.7346";"2227.7962";"2320.6486";"3240.7993";"3677.1691";"1858.7338"
"4pm";"1095.6400";"1002.6499";"2173.6741";"1241.4922";" 703.3423";"1334.8516";" 894.9990";" 638.4646";"3226.9447";"1889.9917";"3127.1816";"2579.0460";"2605.8764";"3197.7705";"1318.2927";"1049.6082";"2006.5828";"3530.4174";"2086.8244";"2453.8786";" 936.5303";"2045.3815";"1461.1278";"3210.7452";" 727.9543";"1024.2945";"2766.6191";"2865.6732";"1776.8351";"1453.0644";"2158.0395";"2855.1760";"3692.4621";" 922.0563";"2571.1220";"1693.4047";"3174.2776";" 989.5719";" 897.6555";"1942.6846";"1050.0085";" 856.2164";"1927.9800";"2227.7613";"2044.3638";"1307.6071";"1726.8675";"1511.2906";"1567.1523";" 864.8856";"1090.3651";"1392.2349";"1775.8679";"2068.0540";"1521.6054";"2551.4228";" 757.3034";"2939.0396";"5623.4712";"2355.3376";"2961.3858";"2772.2211";" 803.3383";"2083.6581";"2407.0393";"2305.7153";"3419.1706";"2828.8441";"1357.0239";"4594.4076";"4650.4463";"2654.8830";"5610.4524";"4566.2024";"6651.9590";"2308.4979";"2358.5393";"3497.2016";"3652.6980";"2084.3265"
"5pm";" 779.0208";"1166.5220";"2453.3898";"1141.0406";" 673.2999";"1295.9762";"1056.3486";" 877.9716";"2804.8602";"1757.9911";"2960.8447";"2773.1082";"2572.5781";"3407.3718";"1208.4393";"1155.8233";"1789.4654";"3417.8230";"1786.8482";"2496.5345";" 910.7517";"1743.6706";"1079.4650";"3405.2343";" 575.1821";"1094.3681";"2318.1510";"2533.5389";"1820.0325";"1082.7185";"2062.0638";"2487.9922";"4233.7992";" 573.3043";"2359.2126";"1507.0682";"3299.5460";"1191.2321";"1032.6933";"2133.9444";"1083.2195";" 999.7001";"1615.3780";"2541.3482";"2675.4432";"1288.1581";"1928.4798";"1698.2886";"1555.6679";" 960.1876";"1179.1087";"1458.7071";"2016.7817";"1955.3751";"1522.1328";"2596.7914";" 757.1727";"3317.3827";"5338.5919";"2626.4504";"3564.8414";"2948.9280";" 848.6274";"2056.8847";"2655.1861";"2587.9225";"3633.6229";"2873.0036";"1562.8649";"4979.8417";"5205.3821";"2854.8054";"5343.8446";"5016.2892";"6022.4857";"2557.6633";"2233.7144";"3515.1490";"3728.3929";"2226.4805"
"6pm";" 702.2770";" 875.9214";"2405.5439";"1183.6217";" 675.9938";"1159.0266";"1156.2448";" 950.7586";"2401.4450";"1577.7902";"3098.7985";"2897.8523";"2704.3260";"3799.2249";"1184.0978";"1118.9062";"2041.7470";"3540.4945";"1753.9085";"2471.8161";" 985.1388";"1826.8545";" 914.7389";"3510.6189";" 652.4217";"1151.7636";"2108.6921";"2385.8973";"1901.6424";"1001.4365";"2440.9853";"2209.2288";"4113.2254";" 749.5520";"2549.6491";"1515.8677";"3213.6915";"1302.6795";" 981.5131";"2464.1090";"1097.1222";" 936.1899";"1597.9640";"2633.2892";"2419.5704";"1516.4782";"2127.5144";"1840.8302";"1678.4832";"1049.7580";"1087.2221";"1302.0795";"1860.3351";"2357.2762";"1589.5465";"2517.2526";" 838.1498";"3570.8329";"5226.1321";"2957.3939";"3334.8225";"3065.1887";" 872.3870";"2226.0915";"2737.3112";"2614.1272";"3655.2307";"2862.3889";"1788.5376";"5299.3726";"5250.8430";"3530.6769";"5236.3744";"4794.6198";"6335.3414";"2693.2755";"2557.2250";"3386.0841";"3908.2870";"2406.9241"
"7pm";" 525.5362";" 862.8965";"2299.4534";"1330.9687";" 610.0441";"1350.3716";" 947.7147";" 890.2725";"2195.0732";"1705.1550";"3133.8276";"2837.3320";"2681.8904";"3898.8287";"1298.8750";"1121.0312";"1901.1366";"3628.5265";"1875.0744";"2702.5098";"1216.4597";"1814.0680";" 966.7135";"3327.1782";" 614.3707";"1108.4101";"2109.4774";"2096.1140";"1755.3023";" 998.0961";"2770.5353";"1624.6240";"3973.9077";" 623.8491";"2211.0213";"1636.8797";"3557.4503";"1211.2733";" 972.0437";"2395.7665";"1145.3920";"1020.4610";"1645.3520";"2612.4663";"2691.1675";"1691.0121";"2174.7800";"1999.0735";"1753.7653";"1021.9465";"1181.1161";"1317.9382";"2259.1614";"2634.0591";"1543.5271";"2615.2867";" 922.7195";"3632.0247";"5308.5206";"3013.2735";"3478.6296";"2795.9658";" 896.2867";"2226.7279";"2830.8297";"2704.2178";"3863.6970";"3184.3524";"1891.5757";"4606.9180";"5558.4987";"3392.4707";"6104.3165";"4437.3828";"6441.5182";"2754.5836";"2614.0870";"3292.5656";"3908.2870";"2342.7661"
"8pm";" 793.1545";" 777.6674";"2063.2985";"1400.4212";" 560.9522";"1350.3716";" 912.9127";" 898.6643";"1770.2504";"1717.6942";"3217.3504";"3040.3869";"2571.9126";"3953.2769";"1298.8750";"1121.0312";"1882.9395";"3825.1749";"1875.0744";"2932.0388";"1227.0972";"1742.1781";" 929.8779";"3350.1402";" 614.3707";"1154.9123";"2185.8576";"2063.1690";"1862.8724";"1028.2732";"2790.5955";"1772.5880";"3807.0849";" 615.9607";"2242.4642";"1399.7423";"3698.4289";" 990.2530";"1019.7841";"2395.7665";"1275.7430";"1020.4610";"1696.2081";"2694.5116";"2714.7008";"1723.5887";"2185.7679";"1999.0735";"1680.0181";"1027.2700";"1087.8272";"1317.9382";"2170.2958";"2761.6827";"1588.4143";"2618.2680";" 797.8426";"3683.9984";"5984.6595";"2582.2061";"3750.4068";"3087.6288";" 957.2932";"2321.8892";"2743.6683";"2754.5674";"4025.4534";"3328.2639";"2023.1073";"4673.0270";"5753.2822";"3427.1813";"6190.5216";"4525.1718";"6033.3975";"2798.7768";"2563.7374";"3519.5174";"3938.6125";"2342.7661"
"9pm";" 793.1545";" 717.0583";"2026.3870";"1534.6630";" 560.9522";"1339.5187";" 912.9127";" 898.6643";"1770.2504";"1755.3641";"3345.5883";"3012.3586";"2535.8721";"3929.5901";"1258.4739";"1148.1828";"1848.6985";"3933.5950";"1950.7837";"2968.9503";"1199.3203";"1678.7615";" 868.0807";"3521.2578";" 614.3707";"1154.9123";"2192.2133";"2148.7866";"1909.5185";" 913.9983";"2837.4415";"1772.7517";"3633.6196";" 657.4731";"2101.6653";"1399.7423";"3553.6840";"1030.6541";"1019.7841";"2416.8952";"1369.0319";"1020.4610";"1696.2081";"2651.4019";"2750.7680";"1723.5887";"2252.8854";"2071.7471";"1612.9444";"1050.5584";"1120.8703";"1361.7766";"2170.2958";"2716.9268";"1623.8411";"2618.2680";" 797.8426";"3741.9959";"5891.2352";"2582.2061";"3839.9867";"3067.3660";" 980.9801";"2321.8892";"2743.6683";"2796.4830";"4116.0595";"3395.4781";"2023.1073";"4380.7418";"5803.2643";"3478.2711";"6068.1093";"4827.9271";"6340.3763";"2788.3658";"2563.7374";"3519.5174";"3938.6125";"2342.7661"
"10pm";" 793.1545";" 616.6354";"1949.8154";"1534.6630";" 560.9522";"1339.5187";"1004.1544";" 913.6816";"1750.6167";"1795.3868";"3432.9230";"3012.3586";"2579.3778";"3863.5561";"1230.5310";"1148.1828";"1920.2271";"4010.1666";"1921.3170";"2922.8594";"1232.5484";"1678.7615";" 971.9232";"3521.2578";" 652.4217";"1154.9123";"2071.0694";"1978.4690";"1909.5185";" 913.9983";"2837.4415";"1772.7517";"3609.6809";" 657.4731";"2033.9758";"1399.7423";"3553.6840";"1030.6541";"1019.7841";"2416.8952";"1369.0319";"1020.4610";"1696.2081";"2621.1067";"2809.0061";"1774.7671";"2185.8222";"2011.5130";"1612.9444";"1050.5584";"1120.8703";"1361.7766";"2170.2958";"2716.9268";"1659.2679";"2618.2680";" 840.9524";"3860.3943";"5848.1820";"2588.6277";"3603.5889";"3145.8334";" 980.9801";"2321.8892";"2830.8297";"2796.4830";"4196.2542";"3395.4781";"2023.1073";"4380.7418";"5738.0576";"3574.4032";"5930.8451";"4965.1912";"6229.2563";"2788.3658";"2610.8471";"3432.3560";"3938.6125";"2342.7661"
"11pm";" 683.8029";" 441.2933";"2045.8168";"1534.6630";" 578.5556";"1162.1770";" 911.7644";" 881.1773";"1750.6167";"1833.9864";"3432.9230";"3106.5210";"2619.5391";"3776.5313";"1230.5310";"1148.1828";"1920.2271";"4010.1666";"1921.3170";"2949.8430";"1232.5484";"1631.0332";" 971.9232";"3521.2578";" 652.4217";"1154.9123";"2141.0815";"1827.6699";"1909.5185";" 949.0913";"2891.8483";"1831.3383";"3609.6809";" 657.4731";"2033.9758";"1441.5009";"3305.8577";"1095.6628";"1059.6809";"2416.8952";"1330.7410";"1020.4610";"1657.6085";"2482.8614";"2809.0061";"1774.7671";"2406.3785";"1989.0042";"1661.6620";"1103.7122";"1120.8703";"1400.0674";"2170.2958";"2716.9268";"1694.6948";"2618.2680";" 840.9524";"3860.3943";"6150.4898";"2588.6277";"3538.2491";"3334.8823";" 950.5858";"2321.8892";"2830.8297";"2796.4830";"4178.6508";"3395.4781";"2023.1073";"4252.7022";"5778.0755";"3660.6083";"6100.7192";"5012.9623";"6229.2563";"2788.3658";"2610.8471";"3432.3560";"4115.9541";"2342.7661"
"12pm";" 683.8029";" 356.8858";"1968.2683";"1563.9872";" 578.5556";"1236.1059";"1002.8078";" 881.1773";"1750.6167";"1833.9864";"3635.1127";"3106.5210";"2619.5391";"3776.5313";"1249.9591";"1148.1828";"1920.2271";"4010.1666";"1845.6077";"2949.8430";"1232.5484";"1631.0332";" 971.9232";"3521.2578";" 652.4217";"1154.9123";"2141.0815";"1730.4526";"1890.0904";" 949.0913";"2737.2485";"1831.3383";"3523.0188";" 657.4731";"2033.9758";"1441.5009";"3263.5657";"1095.6628";"1059.6809";"2416.8952";"1275.2945";"1020.4610";"1717.4589";"2482.8614";"2809.0061";"1816.3554";"2406.3785";"1989.0042";"1661.6620";"1127.0005";"1120.8703";"1400.0674";"2256.0997";"2755.9989";"1694.6948";"2618.2680";" 840.9524";"3860.3943";"6150.4898";"2545.1159";"3538.2491";"3466.0381";" 950.5858";"2321.8892";"2830.8297";"2796.4830";"4178.6508";"3395.4781";"2023.1073";"4252.7022";"5778.0755";"3660.6083";"6100.7192";"5012.9623";"6229.2563";"2788.3658";"2610.8471";"3432.3560";"4115.9541";"2406.9241"
"1am";" 683.8029";" 413.9035";"1968.2683";"1563.9872";" 578.5556";"1175.3855";" 983.1741";" 881.1773";"1750.6167";"1796.6024";"3635.1127";"3112.0642";"2619.5391";"3776.5313";"1249.9591";"1148.1828";"1920.2271";"4010.1666";"1845.6077";"2949.8430";"1232.5484";"1631.0332";" 971.9232";"3521.2578";" 652.4217";"1215.6327";"2141.0815";"1730.4526";"1890.0904";" 949.0913";"2737.2485";"1831.3383";"3523.0188";" 657.4731";"1961.9788";"1441.5009";"3263.5657";"1135.9467";"1059.6809";"2416.8952";"1339.8660";"1020.4610";"1717.4589";"2412.7468";"2809.0061";"1816.3554";"2406.3785";"1989.0042";"1661.6620";"1127.0005";"1120.8703";"1400.0674";"2256.0997";"2755.9989";"1766.6918";"2618.2680";" 840.9524";"3860.3943";"6150.4898";"2545.1159";"3538.2491";"3466.0381";" 950.5858";"2321.8892";"2830.8297";"2796.4830";"4178.6508";"3395.4781";"2023.1073";"4252.7022";"5778.0755";"3660.6083";"6100.7192";"5012.9623";"6229.2563";"2882.3756";"2610.8471";"3432.3560";"4115.9541";"2406.9241"
"2am";" 683.8029";" 413.9035";"1995.5243";"1563.9872";" 578.5556";"1175.3855";" 983.1741";" 881.1773";"1799.2303";"1774.4623";"3635.1127";"3112.0642";"2619.5391";"3776.5313";"1249.9591";"1148.1828";"1920.2271";"4010.1666";"1845.6077";"2949.8430";"1232.5484";"1631.0332";" 971.9232";"3521.2578";" 652.4217";"1215.6327";"2141.0815";"1730.4526";"1890.0904";" 949.0913";"2737.2485";"1831.3383";"3523.0188";" 657.4731";"1961.9788";"1441.5009";"3263.5657";"1135.9467";"1059.6809";"2416.8952";"1339.8660";"1020.4610";"1717.4589";"2412.7468";"2809.0061";"1816.3554";"2406.3785";"1989.0042";"1661.6620";"1127.0005";"1120.8703";"1422.2075";"2256.0997";"2755.9989";"1766.6918";"2618.2680";" 840.9524";"3860.3943";"6150.4898";"2545.1159";"3538.2491";"3466.0381";" 923.3298";"2321.8892";"2830.8297";"2796.4830";"4178.6508";"3395.4781";"2023.1073";"4252.7022";"5778.0755";"3660.6083";"6100.7192";"5012.9623";"6229.2563";"2882.3756";"2610.8471";"3432.3560";"4115.9541";"2406.9241"
"3am";" 683.8029";" 413.9035";"1995.5243";"1563.9872";" 578.5556";"1175.3855";" 983.1741";" 881.1773";"1799.2303";"1736.7924";"3635.1127";"3112.0642";"2619.5391";"3776.5313";"1249.9591";"1148.1828";"1920.2271";"4010.1666";"1845.6077";"2949.8430";"1232.5484";"1631.0332";" 971.9232";"3521.2578";" 652.4217";"1215.6327";"2141.0815";"1730.4526";"1890.0904";" 949.0913";"2737.2485";"1831.3383";"3523.0188";" 657.4731";"1961.9788";"1441.5009";"3263.5657";"1173.6166";"1059.6809";"2416.8952";"1339.8660";"1020.4610";"1717.4589";"2377.7627";"2809.0061";"1816.3554";"2406.3785";"1989.0042";"1661.6620";"1127.0005";"1120.8703";"1422.2075";"2256.0997";"2755.9989";"1801.6759";"2618.2680";" 840.9524";"3860.3943";"6150.4898";"2545.1159";"3538.2491";"3466.0381";" 923.3298";"2321.8892";"2830.8297";"2796.4830";"4257.6674";"3395.4781";"2023.1073";"4252.7022";"5778.0755";"3660.6083";"6100.7192";"5012.9623";"6229.2563";"2882.3756";"2610.8471";"3432.3560";"4115.9541";"2406.9241"
